  0
SECTION
  2
HEADER
  9
$ACADVER
  1
AC1024
  9
$ACADMAINTVER
 70
6
  9
$DWGCODEPAGE
  3
ANSI_1252
  9
$LASTSAVEDBY
  1
ezdxf
  9
$INSBASE
 10
0.0
 20
0.0
 30
0.0
  9
$EXTMIN
 10
1e+20
 20
1e+20
 30
1e+20
  9
$EXTMAX
 10
-1e+20
 20
-1e+20
 30
-1e+20
  9
$LIMMIN
 10
0.0
 20
0.0
  9
$LIMMAX
 10
420.0
 20
297.0
  9
$ORTHOMODE
 70
0
  9
$REGENMODE
 70
1
  9
$FILLMODE
 70
1
  9
$QTEXTMODE
 70
0
  9
$MIRRTEXT
 70
1
  9
$LTSCALE
 40
10.0
  9
$ATTMODE
 70
1
  9
$TEXTSIZE
 40
2.5
  9
$TRACEWID
 40
1.0
  9
$TEXTSTYLE
  7
OpenSans
  9
$CLAYER
  8
0
  9
$CELTYPE
  6
ByLayer
  9
$CECOLOR
 62
256
  9
$CELTSCALE
 40
1.0
  9
$DISPSILH
 70
0
  9
$DIMSCALE
 40
1.0
  9
$DIMASZ
 40
0.175
  9
$DIMEXO
 40
0.125
  9
$DIMDLI
 40
3.75
  9
$DIMRND
 40
0.0
  9
$DIMDLE
 40
0.0
  9
$DIMEXE
 40
0.375
  9
$DIMTP
 40
0.0
  9
$DIMTM
 40
0.0
  9
$DIMTXT
 40
0.25
  9
$DIMCEN
 40
2.5
  9
$DIMTSZ
 40
0.0
  9
$DIMTOL
 70
0
  9
$DIMLIM
 70
0
  9
$DIMTIH
 70
0
  9
$DIMTOH
 70
0
  9
$DIMSE1
 70
0
  9
$DIMSE2
 70
0
  9
$DIMTAD
 70
1
  9
$DIMZIN
 70
12
  9
$DIMBLK
  1
ARCHTICK
  9
$DIMASO
 70
1
  9
$DIMSHO
 70
1
  9
$DIMPOST
  1

  9
$DIMAPOST
  1

  9
$DIMALT
 70
0
  9
$DIMALTD
 70
3
  9
$DIMALTF
 40
0.03937007874
  9
$DIMLFAC
 40
100.0
  9
$DIMTOFL
 70
1
  9
$DIMTVP
 40
0.0
  9
$DIMTIX
 70
0
  9
$DIMSOXD
 70
0
  9
$DIMSAH
 70
0
  9
$DIMBLK1
  1

  9
$DIMBLK2
  1

  9
$DIMSTYLE
  2
EZDXF
  9
$DIMCLRD
 70
0
  9
$DIMCLRE
 70
0
  9
$DIMCLRT
 70
0
  9
$DIMTFAC
 40
0.5
  9
$DIMGAP
 40
0.1
  9
$DIMJUST
 70
0
  9
$DIMSD1
 70
0
  9
$DIMSD2
 70
0
  9
$DIMTOLJ
 70
0
  9
$DIMTZIN
 70
8
  9
$DIMALTZ
 70
0
  9
$DIMALTTZ
 70
0
  9
$DIMUPT
 70
1
  9
$DIMDEC
 70
2
  9
$DIMTDEC
 70
2
  9
$DIMALTU
 70
2
  9
$DIMALTTD
 70
3
  9
$DIMTXSTY
  7
OpenSansCondensed-Light
  9
$DIMAUNIT
 70
0
  9
$DIMADEC
 70
2
  9
$DIMALTRND
 40
0.0
  9
$DIMAZIN
 70
3
  9
$DIMDSEP
 70
46
  9
$DIMATFIT
 70
3
  9
$DIMFRAC
 70
0
  9
$DIMLDRBLK
  1

  9
$DIMLUNIT
 70
2
  9
$DIMLWD
 70
-2
  9
$DIMLWE
 70
-2
  9
$DIMTMOVE
 70
2
  9
$DIMFXL
 40
1.0
  9
$DIMFXLON
 70
0
  9
$DIMJOGANG
 40
0.785398163397
  9
$DIMTFILL
 70
0
  9
$DIMTFILLCLR
 70
0
  9
$DIMARCSYM
 70
0
  9
$DIMLTYPE
  6

  9
$DIMLTEX1
  6

  9
$DIMLTEX2
  6

  9
$DIMTXTDIRECTION
 70
0
  9
$LUNITS
 70
2
  9
$LUPREC
 70
4
  9
$SKETCHINC
 40
1.0
  9
$FILLETRAD
 40
10.0
  9
$AUNITS
 70
0
  9
$AUPREC
 70
2
  9
$MENU
  1
.
  9
$ELEVATION
 40
0.0
  9
$PELEVATION
 40
0.0
  9
$THICKNESS
 40
0.0
  9
$LIMCHECK
 70
0
  9
$CHAMFERA
 40
0.0
  9
$CHAMFERB
 40
0.0
  9
$CHAMFERC
 40
0.0
  9
$CHAMFERD
 40
0.0
  9
$SKPOLY
 70
0
  9
$TDCREATE
 40
2461319.418483796
  9
$TDUCREATE
 40
2458532.153996898
  9
$TDUPDATE
 40
2461319.418483796
  9
$TDUUPDATE
 40
2458532.1544311
  9
$TDINDWG
 40
0.0
  9
$TDUSRTIMER
 40
0.0
  9
$USRTIMER
 70
1
  9
$ANGBASE
 50
0.0
  9
$ANGDIR
 70
0
  9
$PDMODE
 70
0
  9
$PDSIZE
 40
0.0
  9
$PLINEWID
 40
0.0
  9
$SPLFRAME
 70
0
  9
$SPLINETYPE
 70
6
  9
$SPLINESEGS
 70
8
  9
$HANDSEED
  5
3D3
  9
$SURFTAB1
 70
6
  9
$SURFTAB2
 70
6
  9
$SURFTYPE
 70
6
  9
$SURFU
 70
6
  9
$SURFV
 70
6
  9
$UCSBASE
  2

  9
$UCSNAME
  2

  9
$UCSORG
 10
0.0
 20
0.0
 30
0.0
  9
$UCSXDIR
 10
1.0
 20
0.0
 30
0.0
  9
$UCSYDIR
 10
0.0
 20
1.0
 30
0.0
  9
$UCSORTHOREF
  2

  9
$UCSORTHOVIEW
 70
0
  9
$UCSORGTOP
 10
0.0
 20
0.0
 30
0.0
  9
$UCSORGBOTTOM
 10
0.0
 20
0.0
 30
0.0
  9
$UCSORGLEFT
 10
0.0
 20
0.0
 30
0.0
  9
$UCSORGRIGHT
 10
0.0
 20
0.0
 30
0.0
  9
$UCSORGFRONT
 10
0.0
 20
0.0
 30
0.0
  9
$UCSORGBACK
 10
0.0
 20
0.0
 30
0.0
  9
$PUCSBASE
  2

  9
$PUCSNAME
  2

  9
$PUCSORG
 10
0.0
 20
0.0
 30
0.0
  9
$PUCSXDIR
 10
1.0
 20
0.0
 30
0.0
  9
$PUCSYDIR
 10
0.0
 20
1.0
 30
0.0
  9
$PUCSORTHOREF
  2

  9
$PUCSORTHOVIEW
 70
0
  9
$PUCSORGTOP
 10
0.0
 20
0.0
 30
0.0
  9
$PUCSORGBOTTOM
 10
0.0
 20
0.0
 30
0.0
  9
$PUCSORGLEFT
 10
0.0
 20
0.0
 30
0.0
  9
$PUCSORGRIGHT
 10
0.0
 20
0.0
 30
0.0
  9
$PUCSORGFRONT
 10
0.0
 20
0.0
 30
0.0
  9
$PUCSORGBACK
 10
0.0
 20
0.0
 30
0.0
  9
$USERI1
 70
0
  9
$USERI2
 70
0
  9
$USERI3
 70
0
  9
$USERI4
 70
0
  9
$USERI5
 70
0
  9
$USERR1
 40
0.0
  9
$USERR2
 40
0.0
  9
$USERR3
 40
0.0
  9
$USERR4
 40
0.0
  9
$USERR5
 40
0.0
  9
$WORLDVIEW
 70
1
  9
$SHADEDGE
 70
3
  9
$SHADEDIF
 70
70
  9
$TILEMODE
 70
1
  9
$MAXACTVP
 70
64
  9
$PINSBASE
 10
0.0
 20
0.0
 30
0.0
  9
$PLIMCHECK
 70
0
  9
$PEXTMIN
 10
1e+20
 20
1e+20
 30
1e+20
  9
$PEXTMAX
 10
-1e+20
 20
-1e+20
 30
-1e+20
  9
$PLIMMIN
 10
0.0
 20
0.0
  9
$PLIMMAX
 10
420.0
 20
297.0
  9
$UNITMODE
 70
0
  9
$VISRETAIN
 70
1
  9
$PLINEGEN
 70
0
  9
$PSLTSCALE
 70
1
  9
$TREEDEPTH
 70
3020
  9
$CMLSTYLE
  2
Standard
  9
$CMLJUST
 70
0
  9
$CMLSCALE
 40
20.0
  9
$PROXYGRAPHICS
 70
1
  9
$MEASUREMENT
 70
1
  9
$CELWEIGHT
370
-1
  9
$ENDCAPS
280
0
  9
$JOINSTYLE
280
0
  9
$LWDISPLAY
290
0
  9
$INSUNITS
 70
5
  9
$HYPERLINKBASE
  1

  9
$STYLESHEET
  1

  9
$XEDIT
290
1
  9
$CEPSNTYPE
380
0
  9
$PSTYLEMODE
290
1
  9
$FINGERPRINTGUID
  2
{DA744ABC-A9DE-4D94-84FF-C531A96C8057}
  9
$VERSIONGUID
  2
{BD22C539-614B-4D0F-B17C-EF5B73D29F20}
  9
$EXTNAMES
290
1
  9
$PSVPSCALE
 40
0.0
  9
$OLESTARTUP
290
0
  9
$SORTENTS
280
127
  9
$INDEXCTL
280
0
  9
$HIDETEXT
280
1
  9
$XCLIPFRAME
280
1
  9
$HALOGAP
280
0
  9
$OBSCOLOR
 70
257
  9
$OBSLTYPE
280
0
  9
$INTERSECTIONDISPLAY
280
0
  9
$INTERSECTIONCOLOR
 70
257
  9
$DIMASSOC
280
2
  9
$PROJECTNAME
  1

  9
$CAMERADISPLAY
290
0
  9
$LENSLENGTH
 40
50.0
  9
$CAMERAHEIGHT
 40
0.0
  9
$STEPSPERSEC
 40
24.0
  9
$STEPSIZE
 40
100.0
  9
$3DDWFPREC
 40
2.0
  9
$PSOLWIDTH
 40
0.005
  9
$PSOLHEIGHT
 40
0.08
  9
$LOFTANG1
 40
1.570796326795
  9
$LOFTANG2
 40
1.570796326795
  9
$LOFTMAG1
 40
0.0
  9
$LOFTMAG2
 40
0.0
  9
$LOFTPARAM
 70
7
  9
$LOFTNORMALS
280
1
  9
$LATITUDE
 40
37.795
  9
$LONGITUDE
 40
-122.394
  9
$NORTHDIRECTION
 40
0.0
  9
$TIMEZONE
 70
-8000
  9
$LIGHTGLYPHDISPLAY
280
1
  9
$TILEMODELIGHTSYNCH
280
1
  9
$CMATERIAL
347
20
  9
$SOLIDHIST
280
0
  9
$SHOWHIST
280
1
  9
$DWFFRAME
280
2
  9
$DGNFRAME
280
2
  9
$REALWORLDSCALE
290
1
  9
$INTERFERECOLOR
 62
256
  9
$CSHADOW
280
0
  9
$SHADOWPLANELOCATION
 40
0.0
  0
ENDSEC
  0
SECTION
  2
CLASSES
  0
CLASS
  1
ACDBDICTIONARYWDFLT
  2
AcDbDictionaryWithDefault
  3
ObjectDBX Classes
 90
0
 91
0
280
0
281
0
  0
CLASS
  1
SUN
  2
AcDbSun
  3
SCENEOE
 90
1153
 91
0
280
0
281
0
  0
CLASS
  1
VISUALSTYLE
  2
AcDbVisualStyle
  3
ObjectDBX Classes
 90
4095
 91
0
280
0
281
0
  0
CLASS
  1
MATERIAL
  2
AcDbMaterial
  3
ObjectDBX Classes
 90
1153
 91
0
280
0
281
0
  0
CLASS
  1
SCALE
  2
AcDbScale
  3
ObjectDBX Classes
 90
1153
 91
0
280
0
281
0
  0
CLASS
  1
TABLESTYLE
  2
AcDbTableStyle
  3
ObjectDBX Classes
 90
4095
 91
0
280
0
281
0
  0
CLASS
  1
MLEADERSTYLE
  2
AcDbMLeaderStyle
  3
ACDB_MLEADERSTYLE_CLASS
 90
4095
 91
0
280
0
281
0
  0
CLASS
  1
DICTIONARYVAR
  2
AcDbDictionaryVar
  3
ObjectDBX Classes
 90
0
 91
0
280
0
281
0
  0
CLASS
  1
CELLSTYLEMAP
  2
AcDbCellStyleMap
  3
ObjectDBX Classes
 90
1152
 91
0
280
0
281
0
  0
CLASS
  1
MENTALRAYRENDERSETTINGS
  2
AcDbMentalRayRenderSettings
  3
SCENEOE
 90
1024
 91
0
280
0
281
0
  0
CLASS
  1
ACDBDETAILVIEWSTYLE
  2
AcDbDetailViewStyle
  3
ObjectDBX Classes
 90
1025
 91
0
280
0
281
0
  0
CLASS
  1
ACDBSECTIONVIEWSTYLE
  2
AcDbSectionViewStyle
  3
ObjectDBX Classes
 90
1025
 91
0
280
0
281
0
  0
CLASS
  1
RASTERVARIABLES
  2
AcDbRasterVariables
  3
ISM
 90
0
 91
0
280
0
281
0
  0
CLASS
  1
LAYOUT
  2
AcDbLayout
  3
ObjectDBX Classes
 90
0
 91
0
280
0
281
0
  0
CLASS
  1
ACDBPLACEHOLDER
  2
AcDbPlaceHolder
  3
ObjectDBX Classes
 90
0
 91
0
280
0
281
0
  0
ENDSEC
  0
SECTION
  2
TABLES
  0
TABLE
  2
VPORT
  5
8
330
0
100
AcDbSymbolTable
 70
1
  0
VPORT
  5
23
330
8
100
AcDbSymbolTableRecord
100
AcDbViewportTableRecord
  2
*Active
 70
0
 10
0.0
 20
0.0
 11
1.0
 21
1.0
 12
0.0
 22
0.0
 13
0.0
 23
0.0
 14
0.5
 24
0.5
 15
0.5
 25
0.5
 16
0.0
 26
0.0
 36
1.0
 17
0.0
 27
0.0
 37
0.0
 40
1000.0
 41
1.34
 42
50.0
 43
0.0
 44
0.0
 50
0.0
 51
0.0
 71
0
 72
1000
 73
1
 74
3
 75
0
 76
0
 77
0
 78
0
281
0
 65
0
146
0.0
  0
ENDTAB
  0
TABLE
  2
LTYPE
  5
2
330
0
100
AcDbSymbolTable
 70
21
  0
LTYPE
  5
24
330
2
100
AcDbSymbolTableRecord
100
AcDbLinetypeTableRecord
  2
ByBlock
 70
0
  3

 72
65
 73
0
 40
0.0
  0
LTYPE
  5
25
330
2
100
AcDbSymbolTableRecord
100
AcDbLinetypeTableRecord
  2
ByLayer
 70
0
  3

 72
65
 73
0
 40
0.0
  0
LTYPE
  5
26
330
2
100
AcDbSymbolTableRecord
100
AcDbLinetypeTableRecord
  2
Continuous
 70
0
  3

 72
65
 73
0
 40
0.0
  0
LTYPE
  5
2F
330
2
100
AcDbSymbolTableRecord
100
AcDbLinetypeTableRecord
  2
CENTER
 70
0
  3
Center ____ _ ____ _ ____ _ ____ _ ____ _ ____
 72
65
 73
4
 40
5.08
 49
3.175
 74
0
 49
-0.635
 74
0
 49
0.635
 74
0
 49
-0.635
 74
0
  0
LTYPE
  5
30
330
2
100
AcDbSymbolTableRecord
100
AcDbLinetypeTableRecord
  2
CENTERX2
 70
0
  3
Center (2x) ________  __  ________  __  ________
 72
65
 73
4
 40
8.89
 49
6.35
 74
0
 49
-0.635
 74
0
 49
1.27
 74
0
 49
-0.635
 74
0
  0
LTYPE
  5
31
330
2
100
AcDbSymbolTableRecord
100
AcDbLinetypeTableRecord
  2
CENTER2
 70
0
  3
Center (.5x) ____ _ ____ _ ____ _ ____ _ ____
 72
65
 73
4
 40
2.54
 49
1.587
 74
0
 49
-0.318
 74
0
 49
0.318
 74
0
 49
-0.318
 74
0
  0
LTYPE
  5
32
330
2
100
AcDbSymbolTableRecord
100
AcDbLinetypeTableRecord
  2
DASHED
 70
0
  3
Dashed __ __ __ __ __ __ __ __ __ __ __ __ __ _
 72
65
 73
2
 40
1.524
 49
1.27
 74
0
 49
-0.254
 74
0
  0
LTYPE
  5
33
330
2
100
AcDbSymbolTableRecord
100
AcDbLinetypeTableRecord
  2
DASHEDX2
 70
0
  3
Dashed (2x) ____  ____  ____  ____  ____  ____
 72
65
 73
2
 40
3.048
 49
2.54
 74
0
 49
-0.508
 74
0
  0
LTYPE
  5
34
330
2
100
AcDbSymbolTableRecord
100
AcDbLinetypeTableRecord
  2
DASHED2
 70
0
  3
Dashed (.5x) _ _ _ _ _ _ _ _ _ _ _ _ _ _
 72
65
 73
2
 40
0.762
 49
0.635
 74
0
 49
-0.127
 74
0
  0
LTYPE
  5
35
330
2
100
AcDbSymbolTableRecord
100
AcDbLinetypeTableRecord
  2
PHANTOM
 70
0
  3
Phantom ______  __  __  ______  __  __  ______
 72
65
 73
6
 40
6.35
 49
3.175
 74
0
 49
-0.635
 74
0
 49
0.635
 74
0
 49
-0.635
 74
0
 49
0.635
 74
0
 49
-0.635
 74
0
  0
LTYPE
  5
36
330
2
100
AcDbSymbolTableRecord
100
AcDbLinetypeTableRecord
  2
PHANTOMX2
 70
0
  3
Phantom (2x)____________    ____    ____    ____________
 72
65
 73
6
 40
10.795
 49
6.35
 74
0
 49
-0.635
 74
0
 49
1.27
 74
0
 49
-0.635
 74
0
 49
1.27
 74
0
 49
-0.635
 74
0
  0
LTYPE
  5
37
330
2
100
AcDbSymbolTableRecord
100
AcDbLinetypeTableRecord
  2
PHANTOM2
 70
0
  3
Phantom (.5x) ___ _ _ ___ _ _ ___ _ _ ___ _ _ ___
 72
65
 73
6
 40
3.175
 49
1.587
 74
0
 49
-0.318
 74
0
 49
0.318
 74
0
 49
-0.318
 74
0
 49
0.318
 74
0
 49
-0.318
 74
0
  0
LTYPE
  5
38
330
2
100
AcDbSymbolTableRecord
100
AcDbLinetypeTableRecord
  2
DASHDOT
 70
0
  3
Dash dot __ . __ . __ . __ . __ . __ . __ . __
 72
65
 73
4
 40
3.556
 49
2.54
 74
0
 49
-0.508
 74
0
 49
0.0
 74
0
 49
-0.508
 74
0
  0
LTYPE
  5
39
330
2
100
AcDbSymbolTableRecord
100
AcDbLinetypeTableRecord
  2
DASHDOTX2
 70
0
  3
Dash dot (2x) ____  .  ____  .  ____  .  ____
 72
65
 73
4
 40
6.096
 49
5.08
 74
0
 49
-0.508
 74
0
 49
0.0
 74
0
 49
-0.508
 74
0
  0
LTYPE
  5
3A
330
2
100
AcDbSymbolTableRecord
100
AcDbLinetypeTableRecord
  2
DASHDOT2
 70
0
  3
Dash dot (.5x) _ . _ . _ . _ . _ . _ . _ . _
 72
65
 73
4
 40
1.778
 49
1.27
 74
0
 49
-0.254
 74
0
 49
0.0
 74
0
 49
-0.254
 74
0
  0
LTYPE
  5
3B
330
2
100
AcDbSymbolTableRecord
100
AcDbLinetypeTableRecord
  2
DOT
 70
0
  3
Dot .  .  .  .  .  .  .  .  .  .  .  .  .  .  .  .
 72
65
 73
2
 40
0.508
 49
0.0
 74
0
 49
-0.508
 74
0
  0
LTYPE
  5
3C
330
2
100
AcDbSymbolTableRecord
100
AcDbLinetypeTableRecord
  2
DOTX2
 70
0
  3
Dot (2x) .    .    .    .    .    .    .    . 
 72
65
 73
2
 40
1.016
 49
0.0
 74
0
 49
-1.016
 74
0
  0
LTYPE
  5
3D
330
2
100
AcDbSymbolTableRecord
100
AcDbLinetypeTableRecord
  2
DOT2
 70
0
  3
Dot (.5) . . . . . . . . . . . . . . . . . . . 
 72
65
 73
2
 40
0.254
 49
0.0
 74
0
 49
-0.254
 74
0
  0
LTYPE
  5
3E
330
2
100
AcDbSymbolTableRecord
100
AcDbLinetypeTableRecord
  2
DIVIDE
 70
0
  3
Divide __ . . __ . . __ . . __ . . __ . . __
 72
65
 73
6
 40
4.064
 49
2.54
 74
0
 49
-0.508
 74
0
 49
0.0
 74
0
 49
-0.508
 74
0
 49
0.0
 74
0
 49
-0.508
 74
0
  0
LTYPE
  5
3F
330
2
100
AcDbSymbolTableRecord
100
AcDbLinetypeTableRecord
  2
DIVIDEX2
 70
0
  3
Divide (2x) ____  . .  ____  . .  ____  . .  ____
 72
65
 73
6
 40
6.604
 49
5.08
 74
0
 49
-0.508
 74
0
 49
0.0
 74
0
 49
-0.508
 74
0
 49
0.0
 74
0
 49
-0.508
 74
0
  0
LTYPE
  5
40
330
2
100
AcDbSymbolTableRecord
100
AcDbLinetypeTableRecord
  2
DIVIDE2
 70
0
  3
Divide(.5x) _ . _ . _ . _ . _ . _ . _ . _
 72
65
 73
6
 40
2.032
 49
1.27
 74
0
 49
-0.254
 74
0
 49
0.0
 74
0
 49
-0.254
 74
0
 49
0.0
 74
0
 49
-0.254
 74
0
  0
ENDTAB
  0
TABLE
  2
LAYER
  5
1
330
0
100
AcDbSymbolTable
 70
9
  0
LAYER
  5
27
330
1
100
AcDbSymbolTableRecord
100
AcDbLayerTableRecord
  2
0
 70
0
 62
7
  6
Continuous
370
-3
390
13
347
21
  0
LAYER
  5
28
330
1
100
AcDbSymbolTableRecord
100
AcDbLayerTableRecord
  2
Defpoints
 70
0
 62
7
  6
Continuous
290
0
370
-3
390
13
347
21
  0
LAYER
  5
8A
330
1
100
AcDbSymbolTableRecord
100
AcDbLayerTableRecord
  2
CONTORNO
 70
0
 62
7
  6
CONTINUOUS
370
50
390
13
347
21
  0
LAYER
  5
8B
330
1
100
AcDbSymbolTableRecord
100
AcDbLayerTableRecord
  2
OCULTAS
 70
0
 62
8
  6
DASHED2
370
18
390
13
347
21
  0
LAYER
  5
8C
330
1
100
AcDbSymbolTableRecord
100
AcDbLayerTableRecord
  2
COTAS
 70
0
 62
4
  6
CONTINUOUS
370
18
390
13
347
21
  0
LAYER
  5
8D
330
1
100
AcDbSymbolTableRecord
100
AcDbLayerTableRecord
  2
TEXTO
 70
0
 62
7
  6
CONTINUOUS
370
25
390
13
347
21
  0
LAYER
  5
8E
330
1
100
AcDbSymbolTableRecord
100
AcDbLayerTableRecord
  2
LETRAS
 70
0
 62
1
  6
CONTINUOUS
370
25
390
13
347
21
  0
LAYER
  5
8F
330
1
100
AcDbSymbolTableRecord
100
AcDbLayerTableRecord
  2
LETRAS_TEXTO
 70
0
 62
-1
  6
CONTINUOUS
370
18
390
13
347
21
  0
LAYER
  5
90
330
1
100
AcDbSymbolTableRecord
100
AcDbLayerTableRecord
  2
MARCO
 70
0
 62
7
  6
CONTINUOUS
370
35
390
13
347
21
  0
ENDTAB
  0
TABLE
  2
STYLE
  5
5
330
0
100
AcDbSymbolTable
 70
27
  0
STYLE
  5
29
330
5
100
AcDbSymbolTableRecord
100
AcDbTextStyleTableRecord
  2
Standard
 70
0
 40
0.0
 41
1.0
 50
0.0
 71
0
 42
2.5
  3
txt
  4

  0
STYLE
  5
41
330
5
100
AcDbSymbolTableRecord
100
AcDbTextStyleTableRecord
  2
OpenSans-Light
 70
0
 40
0.0
 41
1.0
 50
0.0
 71
0
 42
2.5
  3
OpenSans-Light.ttf
  4

  0
STYLE
  5
42
330
5
100
AcDbSymbolTableRecord
100
AcDbTextStyleTableRecord
  2
OpenSans-Light-Italic
 70
0
 40
0.0
 41
1.0
 50
0.0
 71
0
 42
2.5
  3
OpenSans-LightItalic.ttf
  4

  0
STYLE
  5
43
330
5
100
AcDbSymbolTableRecord
100
AcDbTextStyleTableRecord
  2
OpenSans
 70
0
 40
0.0
 41
1.0
 50
0.0
 71
0
 42
2.5
  3
OpenSans-Regular.ttf
  4

  0
STYLE
  5
44
330
5
100
AcDbSymbolTableRecord
100
AcDbTextStyleTableRecord
  2
OpenSans-Italic
 70
0
 40
0.0
 41
1.0
 50
0.0
 71
0
 42
2.5
  3
OpenSans-Italic.ttf
  4

  0
STYLE
  5
45
330
5
100
AcDbSymbolTableRecord
100
AcDbTextStyleTableRecord
  2
OpenSans-SemiBold
 70
0
 40
0.0
 41
1.0
 50
0.0
 71
0
 42
2.5
  3
OpenSans-SemiBold.ttf
  4

  0
STYLE
  5
46
330
5
100
AcDbSymbolTableRecord
100
AcDbTextStyleTableRecord
  2
OpenSans-SemiBoldItalic
 70
0
 40
0.0
 41
1.0
 50
0.0
 71
0
 42
2.5
  3
OpenSans-SemiBoldItalic.ttf
  4

  0
STYLE
  5
47
330
5
100
AcDbSymbolTableRecord
100
AcDbTextStyleTableRecord
  2
OpenSans-Bold
 70
0
 40
0.0
 41
1.0
 50
0.0
 71
0
 42
2.5
  3
OpenSans-Bold.ttf
  4

  0
STYLE
  5
48
330
5
100
AcDbSymbolTableRecord
100
AcDbTextStyleTableRecord
  2
OpenSans-BoldItalic
 70
0
 40
0.0
 41
1.0
 50
0.0
 71
0
 42
2.5
  3
OpenSans-BoldItalic.ttf
  4

  0
STYLE
  5
49
330
5
100
AcDbSymbolTableRecord
100
AcDbTextStyleTableRecord
  2
OpenSans-ExtraBold
 70
0
 40
0.0
 41
1.0
 50
0.0
 71
0
 42
2.5
  3
OpenSans-ExtraBold.ttf
  4

  0
STYLE
  5
4A
330
5
100
AcDbSymbolTableRecord
100
AcDbTextStyleTableRecord
  2
OpenSans-ExtraBoldItalic
 70
0
 40
0.0
 41
1.0
 50
0.0
 71
0
 42
2.5
  3
OpenSans-ExtraBoldItalic.ttf
  4

  0
STYLE
  5
4B
330
5
100
AcDbSymbolTableRecord
100
AcDbTextStyleTableRecord
  2
OpenSansCondensed-Bold
 70
0
 40
0.0
 41
1.0
 50
0.0
 71
0
 42
2.5
  3
OpenSansCondensed-Bold.ttf
  4

  0
STYLE
  5
4C
330
5
100
AcDbSymbolTableRecord
100
AcDbTextStyleTableRecord
  2
OpenSansCondensed-Light
 70
0
 40
0.0
 41
1.0
 50
0.0
 71
0
 42
2.5
  3
OpenSansCondensed-Light.ttf
  4

  0
STYLE
  5
4D
330
5
100
AcDbSymbolTableRecord
100
AcDbTextStyleTableRecord
  2
OpenSansCondensed-Italic
 70
0
 40
0.0
 41
1.0
 50
0.0
 71
0
 42
2.5
  3
OpenSansCondensed-LightItalic.ttf
  4

  0
STYLE
  5
4E
330
5
100
AcDbSymbolTableRecord
100
AcDbTextStyleTableRecord
  2
LiberationSans
 70
0
 40
0.0
 41
1.0
 50
0.0
 71
0
 42
2.5
  3
LiberationSans-Regular.ttf
  4

  0
STYLE
  5
4F
330
5
100
AcDbSymbolTableRecord
100
AcDbTextStyleTableRecord
  2
LiberationSans-Bold
 70
0
 40
0.0
 41
1.0
 50
0.0
 71
0
 42
2.5
  3
LiberationSans-Bold.ttf
  4

  0
STYLE
  5
50
330
5
100
AcDbSymbolTableRecord
100
AcDbTextStyleTableRecord
  2
LiberationSans-BoldItalic
 70
0
 40
0.0
 41
1.0
 50
0.0
 71
0
 42
2.5
  3
LiberationSans-BoldItalic.ttf
  4

  0
STYLE
  5
51
330
5
100
AcDbSymbolTableRecord
100
AcDbTextStyleTableRecord
  2
LiberationSans-Italic
 70
0
 40
0.0
 41
1.0
 50
0.0
 71
0
 42
2.5
  3
LiberationSans-Italic.ttf
  4

  0
STYLE
  5
52
330
5
100
AcDbSymbolTableRecord
100
AcDbTextStyleTableRecord
  2
LiberationSerif
 70
0
 40
0.0
 41
1.0
 50
0.0
 71
0
 42
2.5
  3
LiberationSerif-Regular.ttf
  4

  0
STYLE
  5
53
330
5
100
AcDbSymbolTableRecord
100
AcDbTextStyleTableRecord
  2
LiberationSerif-Bold
 70
0
 40
0.0
 41
1.0
 50
0.0
 71
0
 42
2.5
  3
LiberationSerif-Bold.ttf
  4

  0
STYLE
  5
54
330
5
100
AcDbSymbolTableRecord
100
AcDbTextStyleTableRecord
  2
LiberationSerif-BoldItalic
 70
0
 40
0.0
 41
1.0
 50
0.0
 71
0
 42
2.5
  3
LiberationSerif-BoldItalic.ttf
  4

  0
STYLE
  5
55
330
5
100
AcDbSymbolTableRecord
100
AcDbTextStyleTableRecord
  2
LiberationSerif-Italic
 70
0
 40
0.0
 41
1.0
 50
0.0
 71
0
 42
2.5
  3
LiberationSerif-Italic.ttf
  4

  0
STYLE
  5
56
330
5
100
AcDbSymbolTableRecord
100
AcDbTextStyleTableRecord
  2
LiberationMono
 70
0
 40
0.0
 41
1.0
 50
0.0
 71
0
 42
2.5
  3
LiberationMono-Regular.ttf
  4

  0
STYLE
  5
57
330
5
100
AcDbSymbolTableRecord
100
AcDbTextStyleTableRecord
  2
LiberationMono-Bold
 70
0
 40
0.0
 41
1.0
 50
0.0
 71
0
 42
2.5
  3
LiberationMono-Bold.ttf
  4

  0
STYLE
  5
58
330
5
100
AcDbSymbolTableRecord
100
AcDbTextStyleTableRecord
  2
LiberationMono-BoldItalic
 70
0
 40
0.0
 41
1.0
 50
0.0
 71
0
 42
2.5
  3
LiberationMono-BoldItalic.ttf
  4

  0
STYLE
  5
59
330
5
100
AcDbSymbolTableRecord
100
AcDbTextStyleTableRecord
  2
LiberationMono-Italic
 70
0
 40
0.0
 41
1.0
 50
0.0
 71
0
 42
2.5
  3
LiberationMono-Italic.ttf
  4

  0
STYLE
  5
92
330
5
100
AcDbSymbolTableRecord
100
AcDbTextStyleTableRecord
  2
ARIAL
 70
0
 40
0.0
 41
1.0
 50
0.0
 71
0
 42
2.5
  3
arial.ttf
  4

  0
ENDTAB
  0
TABLE
  2
VIEW
  5
7
330
0
100
AcDbSymbolTable
 70
0
  0
ENDTAB
  0
TABLE
  2
UCS
  5
6
330
0
100
AcDbSymbolTable
 70
0
  0
ENDTAB
  0
TABLE
  2
APPID
  5
3
330
0
100
AcDbSymbolTable
 70
3
  0
APPID
  5
2A
330
3
100
AcDbSymbolTableRecord
100
AcDbRegAppTableRecord
  2
ACAD
 70
0
  0
APPID
  5
3D0
330
3
100
AcDbSymbolTableRecord
100
AcDbRegAppTableRecord
  2
HATCHBACKGROUNDCOLOR
 70
0
  0
APPID
  5
3D1
330
3
100
AcDbSymbolTableRecord
100
AcDbRegAppTableRecord
  2
EZDXF
 70
0
  0
ENDTAB
  0
TABLE
  2
DIMSTYLE
  5
4
330
0
100
AcDbSymbolTable
 70
13
100
AcDbDimStyleTable
  0
DIMSTYLE
105
2B
330
4
100
AcDbSymbolTableRecord
100
AcDbDimStyleTableRecord
  2
Standard
 70
0
 40
1.0
 41
2.5
 42
0.625
 43
3.75
 44
1.25
 45
0.0
 46
0.0
 47
0.0
 48
0.0
 49
2.5
140
2.5
141
2.5
142
0.0
143
0.03937007874
144
1.0
145
0.0
146
1.0
147
0.625
148
0.0
 69
0
 70
0
 71
0
 72
0
 73
0
 74
0
 75
0
 76
0
 77
1
 78
8
 79
3
170
0
171
3
172
1
173
0
174
0
175
0
176
0
177
0
178
0
179
2
271
2
272
2
273
2
274
3
275
0
276
0
277
2
278
44
279
0
280
0
281
0
282
0
283
0
284
8
285
0
286
0
288
0
289
3
290
0
371
-2
372
-2
  0
DIMSTYLE
105
73
330
4
100
AcDbSymbolTableRecord
100
AcDbDimStyleTableRecord
  2
EZDXF
 70
0
 40
1.0
 41
0.175
 42
0.125
 43
3.75
 44
0.375
 45
0.0
 46
0.0
 47
0.0
 48
0.0
 49
2.5
140
0.25
141
2.5
142
0.0
143
0.03937007874
144
100.0
145
0.0
146
0.5
147
0.1
148
0.0
 69
0
 70
0
 71
0
 72
0
 73
0
 74
0
 75
0
 76
0
 77
1
 78
12
 79
3
170
0
171
3
172
1
173
0
174
0
175
0
176
0
177
0
178
0
179
2
271
2
272
2
273
2
274
3
275
0
276
0
277
2
278
46
279
2
280
0
281
0
282
0
283
0
284
8
285
0
286
0
288
1
289
3
290
0
340
4C
342
74
371
-2
372
-2
  0
DIMSTYLE
105
7C
330
4
100
AcDbSymbolTableRecord
100
AcDbDimStyleTableRecord
  2
EZ_M_100_H25_CM
 70
0
 40
1.0
 41
0.25
 42
0.125
 43
3.75
 44
0.375
 45
0.0
 46
0.0
 47
0.0
 48
0.0
 49
2.5
140
0.25
141
2.5
142
0.125
143
0.03937007874
144
100.0
145
0.0
146
0.5
147
0.1
148
0.0
 69
0
 70
0
 71
0
 72
0
 73
0
 74
0
 75
0
 76
0
 77
1
 78
12
 79
3
170
0
171
3
172
1
173
0
174
0
175
0
176
0
177
0
178
0
179
2
271
2
272
2
273
2
274
3
275
0
276
0
277
2
278
46
279
2
280
0
281
0
282
0
283
0
284
8
285
0
286
0
288
1
289
3
290
0
340
4C
371
-2
372
-2
  0
DIMSTYLE
105
7D
330
4
100
AcDbSymbolTableRecord
100
AcDbDimStyleTableRecord
  2
EZ_M_50_H25_CM
 70
0
 40
1.0
 41
0.125
 42
0.0625
 43
3.75
 44
0.1875
 45
0.0
 46
0.0
 47
0.0
 48
0.0
 49
2.5
140
0.125
141
2.5
142
0.0625
143
0.03937007874
144
100.0
145
0.0
146
0.5
147
0.05
148
0.0
 69
0
 70
0
 71
0
 72
0
 73
0
 74
0
 75
0
 76
0
 77
1
 78
12
 79
3
170
0
171
3
172
1
173
0
174
0
175
0
176
0
177
0
178
0
179
2
271
2
272
2
273
2
274
3
275
0
276
0
277
2
278
46
279
2
280
0
281
0
282
0
283
0
284
8
285
0
286
0
288
1
289
3
290
0
340
4C
371
-2
372
-2
  0
DIMSTYLE
105
7E
330
4
100
AcDbSymbolTableRecord
100
AcDbDimStyleTableRecord
  2
EZ_M_25_H25_CM
 70
0
 40
1.0
 41
0.0625
 42
0.03125
 43
3.75
 44
0.09375
 45
0.0
 46
0.0
 47
0.0
 48
0.0
 49
2.5
140
0.0625
141
2.5
142
0.03125
143
0.03937007874
144
100.0
145
0.0
146
0.5
147
0.025
148
0.0
 69
0
 70
0
 71
0
 72
0
 73
0
 74
0
 75
0
 76
0
 77
1
 78
12
 79
3
170
0
171
3
172
1
173
0
174
0
175
0
176
0
177
0
178
0
179
2
271
2
272
2
273
2
274
3
275
0
276
0
277
2
278
46
279
2
280
0
281
0
282
0
283
0
284
8
285
0
286
0
288
1
289
3
290
0
340
4C
371
-2
372
-2
  0
DIMSTYLE
105
7F
330
4
100
AcDbSymbolTableRecord
100
AcDbDimStyleTableRecord
  2
EZ_M_20_H25_CM
 70
0
 40
1.0
 41
0.05
 42
0.025
 43
3.75
 44
0.07500000000000001
 45
0.0
 46
0.0
 47
0.0
 48
0.0
 49
2.5
140
0.05
141
2.5
142
0.025
143
0.03937007874
144
100.0
145
0.0
146
0.5
147
0.020000000000000004
148
0.0
 69
0
 70
0
 71
0
 72
0
 73
0
 74
0
 75
0
 76
0
 77
1
 78
12
 79
3
170
0
171
3
172
1
173
0
174
0
175
0
176
0
177
0
178
0
179
2
271
2
272
2
273
2
274
3
275
0
276
0
277
2
278
46
279
2
280
0
281
0
282
0
283
0
284
8
285
0
286
0
288
1
289
3
290
0
340
4C
371
-2
372
-2
  0
DIMSTYLE
105
80
330
4
100
AcDbSymbolTableRecord
100
AcDbDimStyleTableRecord
  2
EZ_M_10_H25_CM
 70
0
 40
1.0
 41
0.025
 42
0.0125
 43
3.75
 44
0.037500000000000006
 45
0.0
 46
0.0
 47
0.0
 48
0.0
 49
2.5
140
0.025
141
2.5
142
0.0125
143
0.03937007874
144
100.0
145
0.0
146
0.5
147
0.010000000000000002
148
0.0
 69
0
 70
0
 71
0
 72
0
 73
0
 74
0
 75
0
 76
0
 77
1
 78
12
 79
3
170
0
171
3
172
1
173
0
174
0
175
0
176
0
177
0
178
0
179
2
271
2
272
2
273
2
274
3
275
0
276
0
277
2
278
46
279
2
280
0
281
0
282
0
283
0
284
8
285
0
286
0
288
1
289
3
290
0
340
4C
371
-2
372
-2
  0
DIMSTYLE
105
81
330
4
100
AcDbSymbolTableRecord
100
AcDbDimStyleTableRecord
  2
EZ_M_5_H25_CM
 70
0
 40
1.0
 41
0.0125
 42
0.00625
 43
3.75
 44
0.018750000000000003
 45
0.0
 46
0.0
 47
0.0
 48
0.0
 49
2.5
140
0.0125
141
2.5
142
0.00625
143
0.03937007874
144
100.0
145
0.0
146
0.5
147
0.005000000000000001
148
0.0
 69
0
 70
0
 71
0
 72
0
 73
0
 74
0
 75
0
 76
0
 77
1
 78
12
 79
3
170
0
171
3
172
1
173
0
174
0
175
0
176
0
177
0
178
0
179
2
271
2
272
2
273
2
274
3
275
0
276
0
277
2
278
46
279
2
280
0
281
0
282
0
283
0
284
8
285
0
286
0
288
1
289
3
290
0
340
4C
371
-2
372
-2
  0
DIMSTYLE
105
82
330
4
100
AcDbSymbolTableRecord
100
AcDbDimStyleTableRecord
  2
EZ_M_1_H25_CM
 70
0
 40
1.0
 41
0.0025
 42
0.00125
 43
3.75
 44
0.00375
 45
0.0
 46
0.0
 47
0.0
 48
0.0
 49
2.5
140
0.0025
141
2.5
142
0.00125
143
0.03937007874
144
100.0
145
0.0
146
0.5
147
0.001
148
0.0
 69
0
 70
0
 71
0
 72
0
 73
0
 74
0
 75
0
 76
0
 77
1
 78
12
 79
3
170
0
171
3
172
1
173
0
174
0
175
0
176
0
177
0
178
0
179
2
271
2
272
2
273
2
274
3
275
0
276
0
277
2
278
46
279
2
280
0
281
0
282
0
283
0
284
8
285
0
286
0
288
1
289
3
290
0
340
4C
371
-2
372
-2
  0
DIMSTYLE
105
83
330
4
100
AcDbSymbolTableRecord
100
AcDbDimStyleTableRecord
  2
EZ_RADIUS
 70
0
 40
1.0
 41
0.25
 42
0.125
 43
3.75
 44
0.375
 45
0.0
 46
0.0
 47
0.0
 48
0.0
 49
2.5
140
0.25
141
0.0
142
0.0
143
0.03937007874
144
100.0
145
0.0
146
0.5
147
0.1
148
0.0
 69
0
 70
0
 71
0
 72
0
 73
0
 74
0
 75
0
 76
0
 77
1
 78
12
 79
3
170
0
171
3
172
0
173
0
174
0
175
0
176
0
177
0
178
0
179
2
271
2
272
2
273
2
274
3
275
0
276
0
277
2
278
46
279
1
280
0
281
0
282
0
283
0
284
8
285
0
286
0
288
1
289
3
290
0
340
4C
342
84
371
-2
372
-2
  0
DIMSTYLE
105
88
330
4
100
AcDbSymbolTableRecord
100
AcDbDimStyleTableRecord
  2
EZ_RADIUS_INSIDE
 70
0
 40
1.0
 41
0.25
 42
0.125
 43
3.75
 44
0.375
 45
0.0
 46
0.0
 47
0.0
 48
0.0
 49
2.5
140
0.25
141
0.0
142
0.0
143
0.03937007874
144
100.0
145
0.0
146
0.5
147
0.1
148
0.0
 69
0
 70
0
 71
0
 72
0
 73
0
 74
0
 75
0
 76
0
 77
0
 78
12
 79
3
170
0
171
3
172
0
173
0
174
1
175
0
176
0
177
0
178
0
179
2
271
2
272
2
273
2
274
3
275
0
276
0
277
2
278
46
279
0
280
0
281
0
282
0
283
0
284
8
285
0
286
0
288
1
289
0
290
0
340
4C
342
84
371
-2
372
-2
  0
DIMSTYLE
105
89
330
4
100
AcDbSymbolTableRecord
100
AcDbDimStyleTableRecord
  2
EZ_CURVED
 70
0
 40
1.0
 41
0.25
 42
0.125
 43
3.75
 44
0.375
 45
0.0
 46
0.0
 47
0.0
 48
0.0
 49
2.5
140
0.25
141
2.5
142
0.0
143
0.03937007874
144
100.0
145
0.0
146
0.5
147
0.1
148
0.0
 69
0
 70
0
 71
0
 72
0
 73
0
 74
0
 75
0
 76
0
 77
1
 78
12
 79
2
 90
2
170
0
171
3
172
1
173
0
174
0
175
0
176
0
177
0
178
0
179
2
271
2
272
2
273
2
274
3
275
0
276
0
277
2
278
46
279
2
280
0
281
0
282
0
283
0
284
8
285
0
286
0
288
1
289
3
290
0
340
4C
371
-2
372
-2
  0
DIMSTYLE
105
91
330
4
100
AcDbSymbolTableRecord
100
AcDbDimStyleTableRecord
  2
COTAS_CM
 70
0
 40
1.0
 41
1.6
 42
0.8
 43
3.75
 44
1.0
 45
0.0
 46
0.0
 47
0.0
 48
0.0
 49
2.5
140
2.2
141
2.5
142
0.0
143
0.03937007874
144
1.0
145
0.0
146
1.0
147
0.6
148
0.0
 69
0
 70
0
 71
0
 72
0
 73
0
 74
0
 75
0
 76
0
 77
1
 78
8
 79
3
170
0
171
3
172
1
173
0
174
0
175
0
176
0
177
0
178
0
179
2
271
1
272
2
273
2
274
3
275
0
276
0
277
2
278
44
279
0
280
0
281
0
282
0
283
0
284
8
285
0
286
0
288
0
289
3
290
0
371
-2
372
-2
  0
ENDTAB
  0
TABLE
  2
BLOCK_RECORD
  5
9
330
0
100
AcDbSymbolTable
 70
37
  0
BLOCK_RECORD
  5
17
330
9
100
AcDbSymbolTableRecord
100
AcDbBlockTableRecord
  2
*Model_Space
340
1A
 70
0
280
1
281
0
  0
BLOCK_RECORD
  5
1B
330
9
100
AcDbSymbolTableRecord
100
AcDbBlockTableRecord
  2
*Paper_Space
340
1E
 70
0
280
1
281
0
  0
BLOCK_RECORD
  5
74
330
9
100
AcDbSymbolTableRecord
100
AcDbBlockTableRecord
  2
_ARCHTICK
340
0
 70
0
280
1
281
0
  0
BLOCK_RECORD
  5
78
330
9
100
AcDbSymbolTableRecord
100
AcDbBlockTableRecord
  2
_CLOSEDFILLED
340
0
 70
0
280
1
281
0
  0
BLOCK_RECORD
  5
84
330
9
100
AcDbSymbolTableRecord
100
AcDbBlockTableRecord
  2
_CLOSEDBLANK
340
0
 70
0
280
1
281
0
  0
BLOCK_RECORD
  5
107
330
9
100
AcDbSymbolTableRecord
100
AcDbBlockTableRecord
  2
*D1
340
0
 70
0
280
1
281
0
  0
BLOCK_RECORD
  5
116
330
9
100
AcDbSymbolTableRecord
100
AcDbBlockTableRecord
  2
*D2
340
0
 70
0
280
1
281
0
  0
BLOCK_RECORD
  5
125
330
9
100
AcDbSymbolTableRecord
100
AcDbBlockTableRecord
  2
*D3
340
0
 70
0
280
1
281
0
  0
BLOCK_RECORD
  5
134
330
9
100
AcDbSymbolTableRecord
100
AcDbBlockTableRecord
  2
*D4
340
0
 70
0
280
1
281
0
  0
BLOCK_RECORD
  5
143
330
9
100
AcDbSymbolTableRecord
100
AcDbBlockTableRecord
  2
*D5
340
0
 70
0
280
1
281
0
  0
BLOCK_RECORD
  5
152
330
9
100
AcDbSymbolTableRecord
100
AcDbBlockTableRecord
  2
*D6
340
0
 70
0
280
1
281
0
  0
BLOCK_RECORD
  5
161
330
9
100
AcDbSymbolTableRecord
100
AcDbBlockTableRecord
  2
*D7
340
0
 70
0
280
1
281
0
  0
BLOCK_RECORD
  5
170
330
9
100
AcDbSymbolTableRecord
100
AcDbBlockTableRecord
  2
*D8
340
0
 70
0
280
1
281
0
  0
BLOCK_RECORD
  5
17F
330
9
100
AcDbSymbolTableRecord
100
AcDbBlockTableRecord
  2
*D9
340
0
 70
0
280
1
281
0
  0
BLOCK_RECORD
  5
18E
330
9
100
AcDbSymbolTableRecord
100
AcDbBlockTableRecord
  2
*D10
340
0
 70
0
280
1
281
0
  0
BLOCK_RECORD
  5
19D
330
9
100
AcDbSymbolTableRecord
100
AcDbBlockTableRecord
  2
*D11
340
0
 70
0
280
1
281
0
  0
BLOCK_RECORD
  5
231
330
9
100
AcDbSymbolTableRecord
100
AcDbBlockTableRecord
  2
*D12
340
0
 70
0
280
1
281
0
  0
BLOCK_RECORD
  5
240
330
9
100
AcDbSymbolTableRecord
100
AcDbBlockTableRecord
  2
*D13
340
0
 70
0
280
1
281
0
  0
BLOCK_RECORD
  5
24F
330
9
100
AcDbSymbolTableRecord
100
AcDbBlockTableRecord
  2
*D14
340
0
 70
0
280
1
281
0
  0
BLOCK_RECORD
  5
25E
330
9
100
AcDbSymbolTableRecord
100
AcDbBlockTableRecord
  2
*D15
340
0
 70
0
280
1
281
0
  0
BLOCK_RECORD
  5
26D
330
9
100
AcDbSymbolTableRecord
100
AcDbBlockTableRecord
  2
*D16
340
0
 70
0
280
1
281
0
  0
BLOCK_RECORD
  5
27C
330
9
100
AcDbSymbolTableRecord
100
AcDbBlockTableRecord
  2
*D17
340
0
 70
0
280
1
281
0
  0
BLOCK_RECORD
  5
28B
330
9
100
AcDbSymbolTableRecord
100
AcDbBlockTableRecord
  2
*D18
340
0
 70
0
280
1
281
0
  0
BLOCK_RECORD
  5
29A
330
9
100
AcDbSymbolTableRecord
100
AcDbBlockTableRecord
  2
*D19
340
0
 70
0
280
1
281
0
  0
BLOCK_RECORD
  5
2A9
330
9
100
AcDbSymbolTableRecord
100
AcDbBlockTableRecord
  2
*D20
340
0
 70
0
280
1
281
0
  0
BLOCK_RECORD
  5
2B8
330
9
100
AcDbSymbolTableRecord
100
AcDbBlockTableRecord
  2
*D21
340
0
 70
0
280
1
281
0
  0
BLOCK_RECORD
  5
2C7
330
9
100
AcDbSymbolTableRecord
100
AcDbBlockTableRecord
  2
*D22
340
0
 70
0
280
1
281
0
  0
BLOCK_RECORD
  5
2D6
330
9
100
AcDbSymbolTableRecord
100
AcDbBlockTableRecord
  2
*D23
340
0
 70
0
280
1
281
0
  0
BLOCK_RECORD
  5
320
330
9
100
AcDbSymbolTableRecord
100
AcDbBlockTableRecord
  2
*D24
340
0
 70
0
280
1
281
0
  0
BLOCK_RECORD
  5
32F
330
9
100
AcDbSymbolTableRecord
100
AcDbBlockTableRecord
  2
*D25
340
0
 70
0
280
1
281
0
  0
BLOCK_RECORD
  5
33E
330
9
100
AcDbSymbolTableRecord
100
AcDbBlockTableRecord
  2
*D26
340
0
 70
0
280
1
281
0
  0
BLOCK_RECORD
  5
34D
330
9
100
AcDbSymbolTableRecord
100
AcDbBlockTableRecord
  2
*D27
340
0
 70
0
280
1
281
0
  0
BLOCK_RECORD
  5
37A
330
9
100
AcDbSymbolTableRecord
100
AcDbBlockTableRecord
  2
*D28
340
0
 70
0
280
1
281
0
  0
BLOCK_RECORD
  5
389
330
9
100
AcDbSymbolTableRecord
100
AcDbBlockTableRecord
  2
*D29
340
0
 70
0
280
1
281
0
  0
BLOCK_RECORD
  5
398
330
9
100
AcDbSymbolTableRecord
100
AcDbBlockTableRecord
  2
*D30
340
0
 70
0
280
1
281
0
  0
BLOCK_RECORD
  5
3A7
330
9
100
AcDbSymbolTableRecord
100
AcDbBlockTableRecord
  2
*D31
340
0
 70
0
280
1
281
0
  0
BLOCK_RECORD
  5
3B6
330
9
100
AcDbSymbolTableRecord
100
AcDbBlockTableRecord
  2
*D32
340
0
 70
0
280
1
281
0
  0
ENDTAB
  0
ENDSEC
  0
SECTION
  2
BLOCKS
  0
BLOCK
  5
18
330
17
100
AcDbEntity
  8
0
100
AcDbBlockBegin
  2
*Model_Space
 70
0
 10
0.0
 20
0.0
 30
0.0
  3
*Model_Space
  1

  0
ENDBLK
  5
19
330
17
100
AcDbEntity
  8
0
100
AcDbBlockEnd
  0
BLOCK
  5
1C
330
1B
100
AcDbEntity
  8
0
100
AcDbBlockBegin
  2
*Paper_Space
 70
0
 10
0.0
 20
0.0
 30
0.0
  3
*Paper_Space
  1

  0
ENDBLK
  5
1D
330
1B
100
AcDbEntity
  8
0
100
AcDbBlockEnd
  0
BLOCK
  5
75
330
74
100
AcDbEntity
  8
0
100
AcDbBlockBegin
  2
_ARCHTICK
 70
0
 10
0.0
 20
0.0
 30
0.0
  3
_ARCHTICK
  1

  0
LWPOLYLINE
  5
77
330
74
100
AcDbEntity
  8
0
  6
BYBLOCK
 62
0
100
AcDbPolyline
 90
2
 70
0
 43
0.15
 10
-0.5
 20
-0.5
 10
0.5
 20
0.5
  0
ENDBLK
  5
76
330
74
100
AcDbEntity
  8
0
100
AcDbBlockEnd
  0
BLOCK
  5
79
330
78
100
AcDbEntity
  8
0
100
AcDbBlockBegin
  2
_CLOSEDFILLED
 70
0
 10
0.0
 20
0.0
 30
0.0
  3
_CLOSEDFILLED
  1

  0
SOLID
  5
7B
330
78
100
AcDbEntity
  8
0
  6
BYBLOCK
 62
0
100
AcDbTrace
 10
-1.0
 20
0.16439898372402537
 30
0.0
 11
0.0
 21
0.0
 31
0.0
 12
-1.0
 22
-0.16439898372402537
 32
0.0
 13
-1.0
 23
-0.16439898372402537
 33
0.0
  0
ENDBLK
  5
7A
330
78
100
AcDbEntity
  8
0
100
AcDbBlockEnd
  0
BLOCK
  5
85
330
84
100
AcDbEntity
  8
0
100
AcDbBlockBegin
  2
_CLOSEDBLANK
 70
0
 10
0.0
 20
0.0
 30
0.0
  3
_CLOSEDBLANK
  1

  0
LWPOLYLINE
  5
87
330
84
100
AcDbEntity
  8
0
  6
BYBLOCK
 62
0
100
AcDbPolyline
 90
3
 70
1
 10
-1.0
 20
0.16439898372402537
 10
0.0
 20
0.0
 10
-1.0
 20
-0.16439898372402537
  0
ENDBLK
  5
86
330
84
100
AcDbEntity
  8
0
100
AcDbBlockEnd
  0
BLOCK
  5
108
330
107
100
AcDbEntity
  8
0
100
AcDbBlockBegin
  2
*D1
 70
1
 10
0.0
 20
0.0
 30
0.0
  3
*D1
  1

  0
LINE
  5
10A
330
107
100
AcDbEntity
  8
0
100
AcDbLine
 10
0.0
 20
-0.8
 30
0.0
 11
0.0
 21
-6.0
 31
0.0
  0
LINE
  5
10B
330
107
100
AcDbEntity
  8
0
100
AcDbLine
 10
65.0
 20
-0.8
 30
0.0
 11
65.0
 21
-6.0
 31
0.0
  0
INSERT
  5
10C
330
107
100
AcDbEntity
  8
COTAS
100
AcDbBlockReference
  2
_CLOSEDFILLED
 10
0.0
 20
-5.0
 30
0.0
 41
1.6
 42
1.6
 50
180.0
  0
INSERT
  5
10E
330
107
100
AcDbEntity
  8
COTAS
100
AcDbBlockReference
  2
_CLOSEDFILLED
 10
65.0
 20
-5.0
 30
0.0
 41
1.6
 42
1.6
  0
LINE
  5
110
330
107
100
AcDbEntity
  8
0
100
AcDbLine
 10
1.6
 20
-5.0
 30
0.0
 11
63.4
 21
-5.0
 31
0.0
  0
MTEXT
  5
111
330
107
100
AcDbEntity
  8
COTAS
100
AcDbMText
 10
32.5
 20
-3.3
 30
0.0
 40
2.2
 71
5
  1
65
  7
OpenSansCondensed-Light
  0
POINT
  5
112
330
107
100
AcDbEntity
  8
Defpoints
100
AcDbPoint
 10
0.0
 20
-5.0
 30
0.0
  0
POINT
  5
113
330
107
100
AcDbEntity
  8
Defpoints
100
AcDbPoint
 10
0.0
 20
0.0
 30
0.0
  0
POINT
  5
114
330
107
100
AcDbEntity
  8
Defpoints
100
AcDbPoint
 10
65.0
 20
0.0
 30
0.0
  0
ENDBLK
  5
109
330
107
100
AcDbEntity
  8
0
100
AcDbBlockEnd
  0
BLOCK
  5
117
330
116
100
AcDbEntity
  8
0
100
AcDbBlockBegin
  2
*D2
 70
1
 10
0.0
 20
0.0
 30
0.0
  3
*D2
  1

  0
LINE
  5
119
330
116
100
AcDbEntity
  8
0
100
AcDbLine
 10
5.0
 20
45.8
 30
0.0
 11
5.0
 21
46.0
 31
0.0
  0
LINE
  5
11A
330
116
100
AcDbEntity
  8
0
100
AcDbLine
 10
60.0
 20
45.8
 30
0.0
 11
60.0
 21
46.0
 31
0.0
  0
INSERT
  5
11B
330
116
100
AcDbEntity
  8
COTAS
100
AcDbBlockReference
  2
_CLOSEDFILLED
 10
5.0
 20
45.0
 30
0.0
 41
1.6
 42
1.6
 50
180.0
  0
INSERT
  5
11D
330
116
100
AcDbEntity
  8
COTAS
100
AcDbBlockReference
  2
_CLOSEDFILLED
 10
60.0
 20
45.0
 30
0.0
 41
1.6
 42
1.6
  0
LINE
  5
11F
330
116
100
AcDbEntity
  8
0
100
AcDbLine
 10
6.6
 20
45.0
 30
0.0
 11
58.4
 21
45.0
 31
0.0
  0
MTEXT
  5
120
330
116
100
AcDbEntity
  8
COTAS
100
AcDbMText
 10
32.5
 20
46.7
 30
0.0
 40
2.2
 71
5
  1
55 interior
  7
OpenSansCondensed-Light
  0
POINT
  5
121
330
116
100
AcDbEntity
  8
Defpoints
100
AcDbPoint
 10
5.0
 20
45.0
 30
0.0
  0
POINT
  5
122
330
116
100
AcDbEntity
  8
Defpoints
100
AcDbPoint
 10
5.0
 20
45.0
 30
0.0
  0
POINT
  5
123
330
116
100
AcDbEntity
  8
Defpoints
100
AcDbPoint
 10
60.0
 20
45.0
 30
0.0
  0
ENDBLK
  5
118
330
116
100
AcDbEntity
  8
0
100
AcDbBlockEnd
  0
BLOCK
  5
126
330
125
100
AcDbEntity
  8
0
100
AcDbBlockBegin
  2
*D3
 70
1
 10
0.0
 20
0.0
 30
0.0
  3
*D3
  1

  0
LINE
  5
128
330
125
100
AcDbEntity
  8
0
100
AcDbLine
 10
-1.0
 20
11.2
 30
0.0
 11
-1.0
 21
-12.0
 31
0.0
  0
LINE
  5
129
330
125
100
AcDbEntity
  8
0
100
AcDbLine
 10
66.0
 20
11.2
 30
0.0
 11
66.0
 21
-12.0
 31
0.0
  0
INSERT
  5
12A
330
125
100
AcDbEntity
  8
COTAS
100
AcDbBlockReference
  2
_CLOSEDFILLED
 10
-1.0
 20
-11.0
 30
0.0
 41
1.6
 42
1.6
 50
180.0
  0
INSERT
  5
12C
330
125
100
AcDbEntity
  8
COTAS
100
AcDbBlockReference
  2
_CLOSEDFILLED
 10
66.0
 20
-11.0
 30
0.0
 41
1.6
 42
1.6
  0
LINE
  5
12E
330
125
100
AcDbEntity
  8
0
100
AcDbLine
 10
0.6000000000000001
 20
-11.0
 30
0.0
 11
64.4
 21
-11.0
 31
0.0
  0
MTEXT
  5
12F
330
125
100
AcDbEntity
  8
COTAS
100
AcDbMText
 10
32.5
 20
-9.3
 30
0.0
 40
2.2
 71
5
  1
67
  7
OpenSansCondensed-Light
  0
POINT
  5
130
330
125
100
AcDbEntity
  8
Defpoints
100
AcDbPoint
 10
-1.0
 20
-11.0
 30
0.0
  0
POINT
  5
131
330
125
100
AcDbEntity
  8
Defpoints
100
AcDbPoint
 10
-1.0
 20
12.0
 30
0.0
  0
POINT
  5
132
330
125
100
AcDbEntity
  8
Defpoints
100
AcDbPoint
 10
66.0
 20
12.0
 30
0.0
  0
ENDBLK
  5
127
330
125
100
AcDbEntity
  8
0
100
AcDbBlockEnd
  0
BLOCK
  5
135
330
134
100
AcDbEntity
  8
0
100
AcDbBlockBegin
  2
*D4
 70
1
 10
0.0
 20
0.0
 30
0.0
  3
*D4
  1

  0
LINE
  5
137
330
134
100
AcDbEntity
  8
0
100
AcDbLine
 10
65.8
 20
0.0
 30
0.0
 11
77.0
 21
0.0
 31
0.0
  0
LINE
  5
138
330
134
100
AcDbEntity
  8
0
100
AcDbLine
 10
65.8
 20
164.5
 30
0.0
 11
77.0
 21
164.5
 31
0.0
  0
INSERT
  5
139
330
134
100
AcDbEntity
  8
COTAS
100
AcDbBlockReference
  2
_CLOSEDFILLED
 10
76.0
 20
0.0
 30
0.0
 41
1.6
 42
1.6
 50
270.0
  0
INSERT
  5
13B
330
134
100
AcDbEntity
  8
COTAS
100
AcDbBlockReference
  2
_CLOSEDFILLED
 10
76.0
 20
164.5
 30
0.0
 41
1.6
 42
1.6
 50
90.0
  0
LINE
  5
13D
330
134
100
AcDbEntity
  8
0
100
AcDbLine
 10
76.0
 20
1.6
 30
0.0
 11
76.0
 21
162.9
 31
0.0
  0
MTEXT
  5
13E
330
134
100
AcDbEntity
  8
COTAS
100
AcDbMText
 10
74.3
 20
82.25
 30
0.0
 40
2.2
 71
5
  1
164,5
  7
OpenSansCondensed-Light
 50
90.0
  0
POINT
  5
13F
330
134
100
AcDbEntity
  8
Defpoints
100
AcDbPoint
 10
76.0
 20
0.0
 30
0.0
  0
POINT
  5
140
330
134
100
AcDbEntity
  8
Defpoints
100
AcDbPoint
 10
65.0
 20
0.0
 30
0.0
  0
POINT
  5
141
330
134
100
AcDbEntity
  8
Defpoints
100
AcDbPoint
 10
65.0
 20
164.5
 30
0.0
  0
ENDBLK
  5
136
330
134
100
AcDbEntity
  8
0
100
AcDbBlockEnd
  0
BLOCK
  5
144
330
143
100
AcDbEntity
  8
0
100
AcDbBlockBegin
  2
*D5
 70
1
 10
0.0
 20
0.0
 30
0.0
  3
*D5
  1

  0
LINE
  5
146
330
143
100
AcDbEntity
  8
0
100
AcDbLine
 10
65.8
 20
0.0
 30
0.0
 11
72.0
 21
0.0
 31
0.0
  0
LINE
  5
147
330
143
100
AcDbEntity
  8
0
100
AcDbLine
 10
65.8
 20
70.0
 30
0.0
 11
72.0
 21
70.0
 31
0.0
  0
INSERT
  5
148
330
143
100
AcDbEntity
  8
COTAS
100
AcDbBlockReference
  2
_CLOSEDFILLED
 10
71.0
 20
0.0
 30
0.0
 41
1.6
 42
1.6
 50
270.0
  0
INSERT
  5
14A
330
143
100
AcDbEntity
  8
COTAS
100
AcDbBlockReference
  2
_CLOSEDFILLED
 10
71.0
 20
70.0
 30
0.0
 41
1.6
 42
1.6
 50
90.0
  0
LINE
  5
14C
330
143
100
AcDbEntity
  8
0
100
AcDbLine
 10
71.0
 20
1.6
 30
0.0
 11
71.0
 21
68.4
 31
0.0
  0
MTEXT
  5
14D
330
143
100
AcDbEntity
  8
COTAS
100
AcDbMText
 10
69.3
 20
35.0
 30
0.0
 40
2.2
 71
5
  1
70
  7
OpenSansCondensed-Light
 50
90.0
  0
POINT
  5
14E
330
143
100
AcDbEntity
  8
Defpoints
100
AcDbPoint
 10
71.0
 20
0.0
 30
0.0
  0
POINT
  5
14F
330
143
100
AcDbEntity
  8
Defpoints
100
AcDbPoint
 10
65.0
 20
0.0
 30
0.0
  0
POINT
  5
150
330
143
100
AcDbEntity
  8
Defpoints
100
AcDbPoint
 10
65.0
 20
70.0
 30
0.0
  0
ENDBLK
  5
145
330
143
100
AcDbEntity
  8
0
100
AcDbBlockEnd
  0
BLOCK
  5
153
330
152
100
AcDbEntity
  8
0
100
AcDbBlockBegin
  2
*D6
 70
1
 10
0.0
 20
0.0
 30
0.0
  3
*D6
  1

  0
LINE
  5
155
330
152
100
AcDbEntity
  8
0
100
AcDbLine
 10
-5.8
 20
0.0
 30
0.0
 11
-9.0
 21
0.0
 31
0.0
  0
LINE
  5
156
330
152
100
AcDbEntity
  8
0
100
AcDbLine
 10
-5.8
 20
12.0
 30
0.0
 11
-9.0
 21
12.0
 31
0.0
  0
INSERT
  5
157
330
152
100
AcDbEntity
  8
COTAS
100
AcDbBlockReference
  2
_CLOSEDFILLED
 10
-8.0
 20
0.0
 30
0.0
 41
1.6
 42
1.6
 50
270.0
  0
INSERT
  5
159
330
152
100
AcDbEntity
  8
COTAS
100
AcDbBlockReference
  2
_CLOSEDFILLED
 10
-8.0
 20
12.0
 30
0.0
 41
1.6
 42
1.6
 50
90.0
  0
LINE
  5
15B
330
152
100
AcDbEntity
  8
0
100
AcDbLine
 10
-8.0
 20
1.6
 30
0.0
 11
-8.0
 21
10.4
 31
0.0
  0
MTEXT
  5
15C
330
152
100
AcDbEntity
  8
COTAS
100
AcDbMText
 10
-9.7
 20
6.0
 30
0.0
 40
2.2
 71
5
  1
12
  7
OpenSansCondensed-Light
 50
90.0
  0
POINT
  5
15D
330
152
100
AcDbEntity
  8
Defpoints
100
AcDbPoint
 10
-8.0
 20
0.0
 30
0.0
  0
POINT
  5
15E
330
152
100
AcDbEntity
  8
Defpoints
100
AcDbPoint
 10
-5.0
 20
0.0
 30
0.0
  0
POINT
  5
15F
330
152
100
AcDbEntity
  8
Defpoints
100
AcDbPoint
 10
-5.0
 20
12.0
 30
0.0
  0
ENDBLK
  5
154
330
152
100
AcDbEntity
  8
0
100
AcDbBlockEnd
  0
BLOCK
  5
162
330
161
100
AcDbEntity
  8
0
100
AcDbBlockBegin
  2
*D7
 70
1
 10
0.0
 20
0.0
 30
0.0
  3
*D7
  1

  0
LINE
  5
164
330
161
100
AcDbEntity
  8
0
100
AcDbLine
 10
-0.8
 20
20.0
 30
0.0
 11
-9.0
 21
20.0
 31
0.0
  0
LINE
  5
165
330
161
100
AcDbEntity
  8
0
100
AcDbLine
 10
-0.8
 20
25.0
 30
0.0
 11
-9.0
 21
25.0
 31
0.0
  0
INSERT
  5
166
330
161
100
AcDbEntity
  8
COTAS
100
AcDbBlockReference
  2
_CLOSEDFILLED
 10
-8.0
 20
20.0
 30
0.0
 41
1.6
 42
1.6
 50
270.0
  0
INSERT
  5
168
330
161
100
AcDbEntity
  8
COTAS
100
AcDbBlockReference
  2
_CLOSEDFILLED
 10
-8.0
 20
25.0
 30
0.0
 41
1.6
 42
1.6
 50
90.0
  0
LINE
  5
16A
330
161
100
AcDbEntity
  8
0
100
AcDbLine
 10
-8.0
 20
21.6
 30
0.0
 11
-8.0
 21
23.4
 31
0.0
  0
MTEXT
  5
16B
330
161
100
AcDbEntity
  8
COTAS
100
AcDbMText
 10
-9.7
 20
22.5
 30
0.0
 40
2.2
 71
5
  1
5
  7
OpenSansCondensed-Light
 50
90.0
  0
POINT
  5
16C
330
161
100
AcDbEntity
  8
Defpoints
100
AcDbPoint
 10
-8.0
 20
20.0
 30
0.0
  0
POINT
  5
16D
330
161
100
AcDbEntity
  8
Defpoints
100
AcDbPoint
 10
0.0
 20
20.0
 30
0.0
  0
POINT
  5
16E
330
161
100
AcDbEntity
  8
Defpoints
100
AcDbPoint
 10
0.0
 20
25.0
 30
0.0
  0
ENDBLK
  5
163
330
161
100
AcDbEntity
  8
0
100
AcDbBlockEnd
  0
BLOCK
  5
171
330
170
100
AcDbEntity
  8
0
100
AcDbBlockBegin
  2
*D8
 70
1
 10
0.0
 20
0.0
 30
0.0
  3
*D8
  1

  0
LINE
  5
173
330
170
100
AcDbEntity
  8
0
100
AcDbLine
 10
-0.8
 20
78.0
 30
0.0
 11
-9.0
 21
78.0
 31
0.0
  0
LINE
  5
174
330
170
100
AcDbEntity
  8
0
100
AcDbLine
 10
-0.8
 20
86.0
 30
0.0
 11
-9.0
 21
86.0
 31
0.0
  0
INSERT
  5
175
330
170
100
AcDbEntity
  8
COTAS
100
AcDbBlockReference
  2
_CLOSEDFILLED
 10
-8.0
 20
78.0
 30
0.0
 41
1.6
 42
1.6
 50
270.0
  0
INSERT
  5
177
330
170
100
AcDbEntity
  8
COTAS
100
AcDbBlockReference
  2
_CLOSEDFILLED
 10
-8.0
 20
86.0
 30
0.0
 41
1.6
 42
1.6
 50
90.0
  0
LINE
  5
179
330
170
100
AcDbEntity
  8
0
100
AcDbLine
 10
-8.0
 20
79.6
 30
0.0
 11
-8.0
 21
84.4
 31
0.0
  0
MTEXT
  5
17A
330
170
100
AcDbEntity
  8
COTAS
100
AcDbMText
 10
-9.7
 20
82.0
 30
0.0
 40
2.2
 71
5
  1
8
  7
OpenSansCondensed-Light
 50
90.0
  0
POINT
  5
17B
330
170
100
AcDbEntity
  8
Defpoints
100
AcDbPoint
 10
-8.0
 20
78.0
 30
0.0
  0
POINT
  5
17C
330
170
100
AcDbEntity
  8
Defpoints
100
AcDbPoint
 10
0.0
 20
78.0
 30
0.0
  0
POINT
  5
17D
330
170
100
AcDbEntity
  8
Defpoints
100
AcDbPoint
 10
0.0
 20
86.0
 30
0.0
  0
ENDBLK
  5
172
330
170
100
AcDbEntity
  8
0
100
AcDbBlockEnd
  0
BLOCK
  5
180
330
17F
100
AcDbEntity
  8
0
100
AcDbBlockBegin
  2
*D9
 70
1
 10
0.0
 20
0.0
 30
0.0
  3
*D9
  1

  0
LINE
  5
182
330
17F
100
AcDbEntity
  8
0
100
AcDbLine
 10
-0.8
 20
86.0
 30
0.0
 11
-9.0
 21
86.0
 31
0.0
  0
LINE
  5
183
330
17F
100
AcDbEntity
  8
0
100
AcDbLine
 10
-0.8
 20
131.5
 30
0.0
 11
-9.0
 21
131.5
 31
0.0
  0
INSERT
  5
184
330
17F
100
AcDbEntity
  8
COTAS
100
AcDbBlockReference
  2
_CLOSEDFILLED
 10
-8.0
 20
86.0
 30
0.0
 41
1.6
 42
1.6
 50
270.0
  0
INSERT
  5
186
330
17F
100
AcDbEntity
  8
COTAS
100
AcDbBlockReference
  2
_CLOSEDFILLED
 10
-8.0
 20
131.5
 30
0.0
 41
1.6
 42
1.6
 50
90.0
  0
LINE
  5
188
330
17F
100
AcDbEntity
  8
0
100
AcDbLine
 10
-8.0
 20
87.6
 30
0.0
 11
-8.0
 21
129.9
 31
0.0
  0
MTEXT
  5
189
330
17F
100
AcDbEntity
  8
COTAS
100
AcDbMText
 10
-9.7
 20
108.75
 30
0.0
 40
2.2
 71
5
  1
45,5
  7
OpenSansCondensed-Light
 50
90.0
  0
POINT
  5
18A
330
17F
100
AcDbEntity
  8
Defpoints
100
AcDbPoint
 10
-8.0
 20
86.0
 30
0.0
  0
POINT
  5
18B
330
17F
100
AcDbEntity
  8
Defpoints
100
AcDbPoint
 10
0.0
 20
86.0
 30
0.0
  0
POINT
  5
18C
330
17F
100
AcDbEntity
  8
Defpoints
100
AcDbPoint
 10
0.0
 20
131.5
 30
0.0
  0
ENDBLK
  5
181
330
17F
100
AcDbEntity
  8
0
100
AcDbBlockEnd
  0
BLOCK
  5
18F
330
18E
100
AcDbEntity
  8
0
100
AcDbBlockBegin
  2
*D10
 70
1
 10
0.0
 20
0.0
 30
0.0
  3
*D10
  1

  0
LINE
  5
191
330
18E
100
AcDbEntity
  8
0
100
AcDbLine
 10
-0.8
 20
131.5
 30
0.0
 11
-9.0
 21
131.5
 31
0.0
  0
LINE
  5
192
330
18E
100
AcDbEntity
  8
0
100
AcDbLine
 10
-0.8
 20
146.5
 30
0.0
 11
-9.0
 21
146.5
 31
0.0
  0
INSERT
  5
193
330
18E
100
AcDbEntity
  8
COTAS
100
AcDbBlockReference
  2
_CLOSEDFILLED
 10
-8.0
 20
131.5
 30
0.0
 41
1.6
 42
1.6
 50
270.0
  0
INSERT
  5
195
330
18E
100
AcDbEntity
  8
COTAS
100
AcDbBlockReference
  2
_CLOSEDFILLED
 10
-8.0
 20
146.5
 30
0.0
 41
1.6
 42
1.6
 50
90.0
  0
LINE
  5
197
330
18E
100
AcDbEntity
  8
0
100
AcDbLine
 10
-8.0
 20
133.1
 30
0.0
 11
-8.0
 21
144.9
 31
0.0
  0
MTEXT
  5
198
330
18E
100
AcDbEntity
  8
COTAS
100
AcDbMText
 10
-9.7
 20
139.0
 30
0.0
 40
2.2
 71
5
  1
15
  7
OpenSansCondensed-Light
 50
90.0
  0
POINT
  5
199
330
18E
100
AcDbEntity
  8
Defpoints
100
AcDbPoint
 10
-8.0
 20
131.5
 30
0.0
  0
POINT
  5
19A
330
18E
100
AcDbEntity
  8
Defpoints
100
AcDbPoint
 10
0.0
 20
131.5
 30
0.0
  0
POINT
  5
19B
330
18E
100
AcDbEntity
  8
Defpoints
100
AcDbPoint
 10
0.0
 20
146.5
 30
0.0
  0
ENDBLK
  5
190
330
18E
100
AcDbEntity
  8
0
100
AcDbBlockEnd
  0
BLOCK
  5
19E
330
19D
100
AcDbEntity
  8
0
100
AcDbBlockBegin
  2
*D11
 70
1
 10
0.0
 20
0.0
 30
0.0
  3
*D11
  1

  0
LINE
  5
1A0
330
19D
100
AcDbEntity
  8
0
100
AcDbLine
 10
-0.8
 20
131.5
 30
0.0
 11
-13.0
 21
131.5
 31
0.0
  0
LINE
  5
1A1
330
19D
100
AcDbEntity
  8
0
100
AcDbLine
 10
-0.8
 20
157.5
 30
0.0
 11
-13.0
 21
157.5
 31
0.0
  0
INSERT
  5
1A2
330
19D
100
AcDbEntity
  8
COTAS
100
AcDbBlockReference
  2
_CLOSEDFILLED
 10
-12.0
 20
131.5
 30
0.0
 41
1.6
 42
1.6
 50
270.0
  0
INSERT
  5
1A4
330
19D
100
AcDbEntity
  8
COTAS
100
AcDbBlockReference
  2
_CLOSEDFILLED
 10
-12.0
 20
157.5
 30
0.0
 41
1.6
 42
1.6
 50
90.0
  0
LINE
  5
1A6
330
19D
100
AcDbEntity
  8
0
100
AcDbLine
 10
-12.0
 20
133.1
 30
0.0
 11
-12.0
 21
155.9
 31
0.0
  0
MTEXT
  5
1A7
330
19D
100
AcDbEntity
  8
COTAS
100
AcDbMText
 10
-13.7
 20
144.5
 30
0.0
 40
2.2
 71
5
  1
26
  7
OpenSansCondensed-Light
 50
90.0
  0
POINT
  5
1A8
330
19D
100
AcDbEntity
  8
Defpoints
100
AcDbPoint
 10
-12.0
 20
131.5
 30
0.0
  0
POINT
  5
1A9
330
19D
100
AcDbEntity
  8
Defpoints
100
AcDbPoint
 10
0.0
 20
131.5
 30
0.0
  0
POINT
  5
1AA
330
19D
100
AcDbEntity
  8
Defpoints
100
AcDbPoint
 10
0.0
 20
157.5
 30
0.0
  0
ENDBLK
  5
19F
330
19D
100
AcDbEntity
  8
0
100
AcDbBlockEnd
  0
BLOCK
  5
232
330
231
100
AcDbEntity
  8
0
100
AcDbBlockBegin
  2
*D12
 70
1
 10
0.0
 20
0.0
 30
0.0
  3
*D12
  1

  0
LINE
  5
234
330
231
100
AcDbEntity
  8
0
100
AcDbLine
 10
123.0
 20
-0.8
 30
0.0
 11
123.0
 21
-6.0
 31
0.0
  0
LINE
  5
235
330
231
100
AcDbEntity
  8
0
100
AcDbLine
 10
182.0
 20
-0.8
 30
0.0
 11
182.0
 21
-6.0
 31
0.0
  0
INSERT
  5
236
330
231
100
AcDbEntity
  8
COTAS
100
AcDbBlockReference
  2
_CLOSEDFILLED
 10
123.0
 20
-5.0
 30
0.0
 41
1.6
 42
1.6
 50
180.0
  0
INSERT
  5
238
330
231
100
AcDbEntity
  8
COTAS
100
AcDbBlockReference
  2
_CLOSEDFILLED
 10
182.0
 20
-5.0
 30
0.0
 41
1.6
 42
1.6
  0
LINE
  5
23A
330
231
100
AcDbEntity
  8
0
100
AcDbLine
 10
124.6
 20
-5.0
 30
0.0
 11
180.4
 21
-5.0
 31
0.0
  0
MTEXT
  5
23B
330
231
100
AcDbEntity
  8
COTAS
100
AcDbMText
 10
152.5
 20
-3.3
 30
0.0
 40
2.2
 71
5
  1
59
  7
OpenSansCondensed-Light
  0
POINT
  5
23C
330
231
100
AcDbEntity
  8
Defpoints
100
AcDbPoint
 10
123.0
 20
-5.0
 30
0.0
  0
POINT
  5
23D
330
231
100
AcDbEntity
  8
Defpoints
100
AcDbPoint
 10
123.0
 20
0.0
 30
0.0
  0
POINT
  5
23E
330
231
100
AcDbEntity
  8
Defpoints
100
AcDbPoint
 10
182.0
 20
0.0
 30
0.0
  0
ENDBLK
  5
233
330
231
100
AcDbEntity
  8
0
100
AcDbBlockEnd
  0
BLOCK
  5
241
330
240
100
AcDbEntity
  8
0
100
AcDbBlockBegin
  2
*D13
 70
1
 10
0.0
 20
0.0
 30
0.0
  3
*D13
  1

  0
LINE
  5
243
330
240
100
AcDbEntity
  8
0
100
AcDbLine
 10
117.0
 20
11.2
 30
0.0
 11
117.0
 21
5.0
 31
0.0
  0
LINE
  5
244
330
240
100
AcDbEntity
  8
0
100
AcDbLine
 10
123.0
 20
11.2
 30
0.0
 11
123.0
 21
5.0
 31
0.0
  0
INSERT
  5
245
330
240
100
AcDbEntity
  8
COTAS
100
AcDbBlockReference
  2
_CLOSEDFILLED
 10
117.0
 20
6.0
 30
0.0
 41
1.6
 42
1.6
 50
180.0
  0
INSERT
  5
247
330
240
100
AcDbEntity
  8
COTAS
100
AcDbBlockReference
  2
_CLOSEDFILLED
 10
123.0
 20
6.0
 30
0.0
 41
1.6
 42
1.6
  0
LINE
  5
249
330
240
100
AcDbEntity
  8
0
100
AcDbLine
 10
118.6
 20
6.0
 30
0.0
 11
121.4
 21
6.0
 31
0.0
  0
MTEXT
  5
24A
330
240
100
AcDbEntity
  8
COTAS
100
AcDbMText
 10
120.0
 20
7.7
 30
0.0
 40
2.2
 71
5
  1
6
  7
OpenSansCondensed-Light
  0
POINT
  5
24B
330
240
100
AcDbEntity
  8
Defpoints
100
AcDbPoint
 10
117.0
 20
6.0
 30
0.0
  0
POINT
  5
24C
330
240
100
AcDbEntity
  8
Defpoints
100
AcDbPoint
 10
117.0
 20
12.0
 30
0.0
  0
POINT
  5
24D
330
240
100
AcDbEntity
  8
Defpoints
100
AcDbPoint
 10
123.0
 20
12.0
 30
0.0
  0
ENDBLK
  5
242
330
240
100
AcDbEntity
  8
0
100
AcDbBlockEnd
  0
BLOCK
  5
250
330
24F
100
AcDbEntity
  8
0
100
AcDbBlockBegin
  2
*D14
 70
1
 10
0.0
 20
0.0
 30
0.0
  3
*D14
  1

  0
LINE
  5
252
330
24F
100
AcDbEntity
  8
0
100
AcDbLine
 10
113.0
 20
95.8
 30
0.0
 11
113.0
 21
108.0
 31
0.0
  0
LINE
  5
253
330
24F
100
AcDbEntity
  8
0
100
AcDbLine
 10
123.0
 20
95.8
 30
0.0
 11
123.0
 21
108.0
 31
0.0
  0
INSERT
  5
254
330
24F
100
AcDbEntity
  8
COTAS
100
AcDbBlockReference
  2
_CLOSEDFILLED
 10
113.0
 20
107.0
 30
0.0
 41
1.6
 42
1.6
 50
180.0
  0
INSERT
  5
256
330
24F
100
AcDbEntity
  8
COTAS
100
AcDbBlockReference
  2
_CLOSEDFILLED
 10
123.0
 20
107.0
 30
0.0
 41
1.6
 42
1.6
  0
LINE
  5
258
330
24F
100
AcDbEntity
  8
0
100
AcDbLine
 10
114.6
 20
107.0
 30
0.0
 11
121.4
 21
107.0
 31
0.0
  0
MTEXT
  5
259
330
24F
100
AcDbEntity
  8
COTAS
100
AcDbMText
 10
118.0
 20
108.7
 30
0.0
 40
2.2
 71
5
  1
10
  7
OpenSansCondensed-Light
  0
POINT
  5
25A
330
24F
100
AcDbEntity
  8
Defpoints
100
AcDbPoint
 10
113.0
 20
107.0
 30
0.0
  0
POINT
  5
25B
330
24F
100
AcDbEntity
  8
Defpoints
100
AcDbPoint
 10
113.0
 20
95.0
 30
0.0
  0
POINT
  5
25C
330
24F
100
AcDbEntity
  8
Defpoints
100
AcDbPoint
 10
123.0
 20
95.0
 30
0.0
  0
ENDBLK
  5
251
330
24F
100
AcDbEntity
  8
0
100
AcDbBlockEnd
  0
BLOCK
  5
25F
330
25E
100
AcDbEntity
  8
0
100
AcDbBlockBegin
  2
*D15
 70
1
 10
0.0
 20
0.0
 30
0.0
  3
*D15
  1

  0
LINE
  5
261
330
25E
100
AcDbEntity
  8
0
100
AcDbLine
 10
112.2
 20
0.0
 30
0.0
 11
107.0
 21
0.0
 31
0.0
  0
LINE
  5
262
330
25E
100
AcDbEntity
  8
0
100
AcDbLine
 10
112.2
 20
95.0
 30
0.0
 11
107.0
 21
95.0
 31
0.0
  0
INSERT
  5
263
330
25E
100
AcDbEntity
  8
COTAS
100
AcDbBlockReference
  2
_CLOSEDFILLED
 10
108.0
 20
0.0
 30
0.0
 41
1.6
 42
1.6
 50
270.0
  0
INSERT
  5
265
330
25E
100
AcDbEntity
  8
COTAS
100
AcDbBlockReference
  2
_CLOSEDFILLED
 10
108.0
 20
95.0
 30
0.0
 41
1.6
 42
1.6
 50
90.0
  0
LINE
  5
267
330
25E
100
AcDbEntity
  8
0
100
AcDbLine
 10
108.0
 20
1.6
 30
0.0
 11
108.0
 21
93.4
 31
0.0
  0
MTEXT
  5
268
330
25E
100
AcDbEntity
  8
COTAS
100
AcDbMText
 10
106.3
 20
47.5
 30
0.0
 40
2.2
 71
5
  1
95
  7
OpenSansCondensed-Light
 50
90.0
  0
POINT
  5
269
330
25E
100
AcDbEntity
  8
Defpoints
100
AcDbPoint
 10
108.0
 20
0.0
 30
0.0
  0
POINT
  5
26A
330
25E
100
AcDbEntity
  8
Defpoints
100
AcDbPoint
 10
113.0
 20
0.0
 30
0.0
  0
POINT
  5
26B
330
25E
100
AcDbEntity
  8
Defpoints
100
AcDbPoint
 10
113.0
 20
95.0
 30
0.0
  0
ENDBLK
  5
260
330
25E
100
AcDbEntity
  8
0
100
AcDbBlockEnd
  0
BLOCK
  5
26E
330
26D
100
AcDbEntity
  8
0
100
AcDbBlockBegin
  2
*D16
 70
1
 10
0.0
 20
0.0
 30
0.0
  3
*D16
  1

  0
LINE
  5
270
330
26D
100
AcDbEntity
  8
0
100
AcDbLine
 10
182.8
 20
0.0
 30
0.0
 11
190.0
 21
0.0
 31
0.0
  0
LINE
  5
271
330
26D
100
AcDbEntity
  8
0
100
AcDbLine
 10
182.8
 20
20.0
 30
0.0
 11
190.0
 21
20.0
 31
0.0
  0
INSERT
  5
272
330
26D
100
AcDbEntity
  8
COTAS
100
AcDbBlockReference
  2
_CLOSEDFILLED
 10
189.0
 20
0.0
 30
0.0
 41
1.6
 42
1.6
 50
270.0
  0
INSERT
  5
274
330
26D
100
AcDbEntity
  8
COTAS
100
AcDbBlockReference
  2
_CLOSEDFILLED
 10
189.0
 20
20.0
 30
0.0
 41
1.6
 42
1.6
 50
90.0
  0
LINE
  5
276
330
26D
100
AcDbEntity
  8
0
100
AcDbLine
 10
189.0
 20
1.6
 30
0.0
 11
189.0
 21
18.4
 31
0.0
  0
MTEXT
  5
277
330
26D
100
AcDbEntity
  8
COTAS
100
AcDbMText
 10
187.3
 20
10.0
 30
0.0
 40
2.2
 71
5
  1
20
  7
OpenSansCondensed-Light
 50
90.0
  0
POINT
  5
278
330
26D
100
AcDbEntity
  8
Defpoints
100
AcDbPoint
 10
189.0
 20
0.0
 30
0.0
  0
POINT
  5
279
330
26D
100
AcDbEntity
  8
Defpoints
100
AcDbPoint
 10
182.0
 20
0.0
 30
0.0
  0
POINT
  5
27A
330
26D
100
AcDbEntity
  8
Defpoints
100
AcDbPoint
 10
182.0
 20
20.0
 30
0.0
  0
ENDBLK
  5
26F
330
26D
100
AcDbEntity
  8
0
100
AcDbBlockEnd
  0
BLOCK
  5
27D
330
27C
100
AcDbEntity
  8
0
100
AcDbBlockBegin
  2
*D17
 70
1
 10
0.0
 20
0.0
 30
0.0
  3
*D17
  1

  0
LINE
  5
27F
330
27C
100
AcDbEntity
  8
0
100
AcDbLine
 10
182.8
 20
20.0
 30
0.0
 11
190.0
 21
20.0
 31
0.0
  0
LINE
  5
280
330
27C
100
AcDbEntity
  8
0
100
AcDbLine
 10
182.8
 20
25.0
 30
0.0
 11
190.0
 21
25.0
 31
0.0
  0
INSERT
  5
281
330
27C
100
AcDbEntity
  8
COTAS
100
AcDbBlockReference
  2
_CLOSEDFILLED
 10
189.0
 20
20.0
 30
0.0
 41
1.6
 42
1.6
 50
270.0
  0
INSERT
  5
283
330
27C
100
AcDbEntity
  8
COTAS
100
AcDbBlockReference
  2
_CLOSEDFILLED
 10
189.0
 20
25.0
 30
0.0
 41
1.6
 42
1.6
 50
90.0
  0
LINE
  5
285
330
27C
100
AcDbEntity
  8
0
100
AcDbLine
 10
189.0
 20
21.6
 30
0.0
 11
189.0
 21
23.4
 31
0.0
  0
MTEXT
  5
286
330
27C
100
AcDbEntity
  8
COTAS
100
AcDbMText
 10
187.3
 20
22.5
 30
0.0
 40
2.2
 71
5
  1
5
  7
OpenSansCondensed-Light
 50
90.0
  0
POINT
  5
287
330
27C
100
AcDbEntity
  8
Defpoints
100
AcDbPoint
 10
189.0
 20
20.0
 30
0.0
  0
POINT
  5
288
330
27C
100
AcDbEntity
  8
Defpoints
100
AcDbPoint
 10
182.0
 20
20.0
 30
0.0
  0
POINT
  5
289
330
27C
100
AcDbEntity
  8
Defpoints
100
AcDbPoint
 10
182.0
 20
25.0
 30
0.0
  0
ENDBLK
  5
27E
330
27C
100
AcDbEntity
  8
0
100
AcDbBlockEnd
  0
BLOCK
  5
28C
330
28B
100
AcDbEntity
  8
0
100
AcDbBlockBegin
  2
*D18
 70
1
 10
0.0
 20
0.0
 30
0.0
  3
*D18
  1

  0
LINE
  5
28E
330
28B
100
AcDbEntity
  8
0
100
AcDbLine
 10
182.8
 20
25.0
 30
0.0
 11
190.0
 21
25.0
 31
0.0
  0
LINE
  5
28F
330
28B
100
AcDbEntity
  8
0
100
AcDbLine
 10
182.8
 20
65.0
 30
0.0
 11
190.0
 21
65.0
 31
0.0
  0
INSERT
  5
290
330
28B
100
AcDbEntity
  8
COTAS
100
AcDbBlockReference
  2
_CLOSEDFILLED
 10
189.0
 20
25.0
 30
0.0
 41
1.6
 42
1.6
 50
270.0
  0
INSERT
  5
292
330
28B
100
AcDbEntity
  8
COTAS
100
AcDbBlockReference
  2
_CLOSEDFILLED
 10
189.0
 20
65.0
 30
0.0
 41
1.6
 42
1.6
 50
90.0
  0
LINE
  5
294
330
28B
100
AcDbEntity
  8
0
100
AcDbLine
 10
189.0
 20
26.6
 30
0.0
 11
189.0
 21
63.4
 31
0.0
  0
MTEXT
  5
295
330
28B
100
AcDbEntity
  8
COTAS
100
AcDbMText
 10
187.3
 20
45.0
 30
0.0
 40
2.2
 71
5
  1
40
  7
OpenSansCondensed-Light
 50
90.0
  0
POINT
  5
296
330
28B
100
AcDbEntity
  8
Defpoints
100
AcDbPoint
 10
189.0
 20
25.0
 30
0.0
  0
POINT
  5
297
330
28B
100
AcDbEntity
  8
Defpoints
100
AcDbPoint
 10
182.0
 20
25.0
 30
0.0
  0
POINT
  5
298
330
28B
100
AcDbEntity
  8
Defpoints
100
AcDbPoint
 10
182.0
 20
65.0
 30
0.0
  0
ENDBLK
  5
28D
330
28B
100
AcDbEntity
  8
0
100
AcDbBlockEnd
  0
BLOCK
  5
29B
330
29A
100
AcDbEntity
  8
0
100
AcDbBlockBegin
  2
*D19
 70
1
 10
0.0
 20
0.0
 30
0.0
  3
*D19
  1

  0
LINE
  5
29D
330
29A
100
AcDbEntity
  8
0
100
AcDbLine
 10
182.8
 20
65.0
 30
0.0
 11
190.0
 21
65.0
 31
0.0
  0
LINE
  5
29E
330
29A
100
AcDbEntity
  8
0
100
AcDbLine
 10
182.8
 20
70.0
 30
0.0
 11
190.0
 21
70.0
 31
0.0
  0
INSERT
  5
29F
330
29A
100
AcDbEntity
  8
COTAS
100
AcDbBlockReference
  2
_CLOSEDFILLED
 10
189.0
 20
65.0
 30
0.0
 41
1.6
 42
1.6
 50
270.0
  0
INSERT
  5
2A1
330
29A
100
AcDbEntity
  8
COTAS
100
AcDbBlockReference
  2
_CLOSEDFILLED
 10
189.0
 20
70.0
 30
0.0
 41
1.6
 42
1.6
 50
90.0
  0
LINE
  5
2A3
330
29A
100
AcDbEntity
  8
0
100
AcDbLine
 10
189.0
 20
66.6
 30
0.0
 11
189.0
 21
68.4
 31
0.0
  0
MTEXT
  5
2A4
330
29A
100
AcDbEntity
  8
COTAS
100
AcDbMText
 10
187.3
 20
67.5
 30
0.0
 40
2.2
 71
5
  1
5
  7
OpenSansCondensed-Light
 50
90.0
  0
POINT
  5
2A5
330
29A
100
AcDbEntity
  8
Defpoints
100
AcDbPoint
 10
189.0
 20
65.0
 30
0.0
  0
POINT
  5
2A6
330
29A
100
AcDbEntity
  8
Defpoints
100
AcDbPoint
 10
182.0
 20
65.0
 30
0.0
  0
POINT
  5
2A7
330
29A
100
AcDbEntity
  8
Defpoints
100
AcDbPoint
 10
182.0
 20
70.0
 30
0.0
  0
ENDBLK
  5
29C
330
29A
100
AcDbEntity
  8
0
100
AcDbBlockEnd
  0
BLOCK
  5
2AA
330
2A9
100
AcDbEntity
  8
0
100
AcDbBlockBegin
  2
*D20
 70
1
 10
0.0
 20
0.0
 30
0.0
  3
*D20
  1

  0
LINE
  5
2AC
330
2A9
100
AcDbEntity
  8
0
100
AcDbLine
 10
182.8
 20
70.0
 30
0.0
 11
190.0
 21
70.0
 31
0.0
  0
LINE
  5
2AD
330
2A9
100
AcDbEntity
  8
0
100
AcDbLine
 10
182.8
 20
97.0
 30
0.0
 11
190.0
 21
97.0
 31
0.0
  0
INSERT
  5
2AE
330
2A9
100
AcDbEntity
  8
COTAS
100
AcDbBlockReference
  2
_CLOSEDFILLED
 10
189.0
 20
70.0
 30
0.0
 41
1.6
 42
1.6
 50
270.0
  0
INSERT
  5
2B0
330
2A9
100
AcDbEntity
  8
COTAS
100
AcDbBlockReference
  2
_CLOSEDFILLED
 10
189.0
 20
97.0
 30
0.0
 41
1.6
 42
1.6
 50
90.0
  0
LINE
  5
2B2
330
2A9
100
AcDbEntity
  8
0
100
AcDbLine
 10
189.0
 20
71.6
 30
0.0
 11
189.0
 21
95.4
 31
0.0
  0
MTEXT
  5
2B3
330
2A9
100
AcDbEntity
  8
COTAS
100
AcDbMText
 10
187.3
 20
83.5
 30
0.0
 40
2.2
 71
5
  1
27
  7
OpenSansCondensed-Light
 50
90.0
  0
POINT
  5
2B4
330
2A9
100
AcDbEntity
  8
Defpoints
100
AcDbPoint
 10
189.0
 20
70.0
 30
0.0
  0
POINT
  5
2B5
330
2A9
100
AcDbEntity
  8
Defpoints
100
AcDbPoint
 10
182.0
 20
70.0
 30
0.0
  0
POINT
  5
2B6
330
2A9
100
AcDbEntity
  8
Defpoints
100
AcDbPoint
 10
182.0
 20
97.0
 30
0.0
  0
ENDBLK
  5
2AB
330
2A9
100
AcDbEntity
  8
0
100
AcDbBlockEnd
  0
BLOCK
  5
2B9
330
2B8
100
AcDbEntity
  8
0
100
AcDbBlockBegin
  2
*D21
 70
1
 10
0.0
 20
0.0
 30
0.0
  3
*D21
  1

  0
LINE
  5
2BB
330
2B8
100
AcDbEntity
  8
0
100
AcDbLine
 10
182.8
 20
97.0
 30
0.0
 11
190.0
 21
97.0
 31
0.0
  0
LINE
  5
2BC
330
2B8
100
AcDbEntity
  8
0
100
AcDbLine
 10
182.8
 20
101.0
 30
0.0
 11
190.0
 21
101.0
 31
0.0
  0
INSERT
  5
2BD
330
2B8
100
AcDbEntity
  8
COTAS
100
AcDbBlockReference
  2
_CLOSEDFILLED
 10
189.0
 20
97.0
 30
0.0
 41
1.6
 42
1.6
 50
270.0
  0
INSERT
  5
2BF
330
2B8
100
AcDbEntity
  8
COTAS
100
AcDbBlockReference
  2
_CLOSEDFILLED
 10
189.0
 20
101.0
 30
0.0
 41
1.6
 42
1.6
 50
90.0
  0
LINE
  5
2C1
330
2B8
100
AcDbEntity
  8
0
100
AcDbLine
 10
189.0
 20
98.6
 30
0.0
 11
189.0
 21
99.4
 31
0.0
  0
MTEXT
  5
2C2
330
2B8
100
AcDbEntity
  8
COTAS
100
AcDbMText
 10
187.3
 20
99.0
 30
0.0
 40
2.2
 71
5
  1
4
  7
OpenSansCondensed-Light
 50
90.0
  0
POINT
  5
2C3
330
2B8
100
AcDbEntity
  8
Defpoints
100
AcDbPoint
 10
189.0
 20
97.0
 30
0.0
  0
POINT
  5
2C4
330
2B8
100
AcDbEntity
  8
Defpoints
100
AcDbPoint
 10
182.0
 20
97.0
 30
0.0
  0
POINT
  5
2C5
330
2B8
100
AcDbEntity
  8
Defpoints
100
AcDbPoint
 10
182.0
 20
101.0
 30
0.0
  0
ENDBLK
  5
2BA
330
2B8
100
AcDbEntity
  8
0
100
AcDbBlockEnd
  0
BLOCK
  5
2C8
330
2C7
100
AcDbEntity
  8
0
100
AcDbBlockBegin
  2
*D22
 70
1
 10
0.0
 20
0.0
 30
0.0
  3
*D22
  1

  0
LINE
  5
2CA
330
2C7
100
AcDbEntity
  8
0
100
AcDbLine
 10
182.8
 20
101.0
 30
0.0
 11
190.0
 21
101.0
 31
0.0
  0
LINE
  5
2CB
330
2C7
100
AcDbEntity
  8
0
100
AcDbLine
 10
182.8
 20
164.5
 30
0.0
 11
190.0
 21
164.5
 31
0.0
  0
INSERT
  5
2CC
330
2C7
100
AcDbEntity
  8
COTAS
100
AcDbBlockReference
  2
_CLOSEDFILLED
 10
189.0
 20
101.0
 30
0.0
 41
1.6
 42
1.6
 50
270.0
  0
INSERT
  5
2CE
330
2C7
100
AcDbEntity
  8
COTAS
100
AcDbBlockReference
  2
_CLOSEDFILLED
 10
189.0
 20
164.5
 30
0.0
 41
1.6
 42
1.6
 50
90.0
  0
LINE
  5
2D0
330
2C7
100
AcDbEntity
  8
0
100
AcDbLine
 10
189.0
 20
102.6
 30
0.0
 11
189.0
 21
162.9
 31
0.0
  0
MTEXT
  5
2D1
330
2C7
100
AcDbEntity
  8
COTAS
100
AcDbMText
 10
187.3
 20
132.75
 30
0.0
 40
2.2
 71
5
  1
63,5
  7
OpenSansCondensed-Light
 50
90.0
  0
POINT
  5
2D2
330
2C7
100
AcDbEntity
  8
Defpoints
100
AcDbPoint
 10
189.0
 20
101.0
 30
0.0
  0
POINT
  5
2D3
330
2C7
100
AcDbEntity
  8
Defpoints
100
AcDbPoint
 10
182.0
 20
101.0
 30
0.0
  0
POINT
  5
2D4
330
2C7
100
AcDbEntity
  8
Defpoints
100
AcDbPoint
 10
182.0
 20
164.5
 30
0.0
  0
ENDBLK
  5
2C9
330
2C7
100
AcDbEntity
  8
0
100
AcDbBlockEnd
  0
BLOCK
  5
2D7
330
2D6
100
AcDbEntity
  8
0
100
AcDbBlockBegin
  2
*D23
 70
1
 10
0.0
 20
0.0
 30
0.0
  3
*D23
  1

  0
LINE
  5
2D9
330
2D6
100
AcDbEntity
  8
0
100
AcDbLine
 10
182.8
 20
0.0
 30
0.0
 11
197.0
 21
0.0
 31
0.0
  0
LINE
  5
2DA
330
2D6
100
AcDbEntity
  8
0
100
AcDbLine
 10
182.8
 20
164.5
 30
0.0
 11
197.0
 21
164.5
 31
0.0
  0
INSERT
  5
2DB
330
2D6
100
AcDbEntity
  8
COTAS
100
AcDbBlockReference
  2
_CLOSEDFILLED
 10
196.0
 20
0.0
 30
0.0
 41
1.6
 42
1.6
 50
270.0
  0
INSERT
  5
2DD
330
2D6
100
AcDbEntity
  8
COTAS
100
AcDbBlockReference
  2
_CLOSEDFILLED
 10
196.0
 20
164.5
 30
0.0
 41
1.6
 42
1.6
 50
90.0
  0
LINE
  5
2DF
330
2D6
100
AcDbEntity
  8
0
100
AcDbLine
 10
196.0
 20
1.6
 30
0.0
 11
196.0
 21
162.9
 31
0.0
  0
MTEXT
  5
2E0
330
2D6
100
AcDbEntity
  8
COTAS
100
AcDbMText
 10
194.3
 20
82.25
 30
0.0
 40
2.2
 71
5
  1
164,5
  7
OpenSansCondensed-Light
 50
90.0
  0
POINT
  5
2E1
330
2D6
100
AcDbEntity
  8
Defpoints
100
AcDbPoint
 10
196.0
 20
0.0
 30
0.0
  0
POINT
  5
2E2
330
2D6
100
AcDbEntity
  8
Defpoints
100
AcDbPoint
 10
182.0
 20
0.0
 30
0.0
  0
POINT
  5
2E3
330
2D6
100
AcDbEntity
  8
Defpoints
100
AcDbPoint
 10
182.0
 20
164.5
 30
0.0
  0
ENDBLK
  5
2D8
330
2D6
100
AcDbEntity
  8
0
100
AcDbBlockEnd
  0
BLOCK
  5
321
330
320
100
AcDbEntity
  8
0
100
AcDbBlockBegin
  2
*D24
 70
1
 10
0.0
 20
0.0
 30
0.0
  3
*D24
  1

  0
LINE
  5
323
330
320
100
AcDbEntity
  8
0
100
AcDbLine
 10
0.0
 20
-39.2
 30
0.0
 11
0.0
 21
-34.0
 31
0.0
  0
LINE
  5
324
330
320
100
AcDbEntity
  8
0
100
AcDbLine
 10
65.0
 20
-39.2
 30
0.0
 11
65.0
 21
-34.0
 31
0.0
  0
INSERT
  5
325
330
320
100
AcDbEntity
  8
COTAS
100
AcDbBlockReference
  2
_CLOSEDFILLED
 10
0.0
 20
-35.0
 30
0.0
 41
1.6
 42
1.6
 50
180.0
  0
INSERT
  5
327
330
320
100
AcDbEntity
  8
COTAS
100
AcDbBlockReference
  2
_CLOSEDFILLED
 10
65.0
 20
-35.0
 30
0.0
 41
1.6
 42
1.6
  0
LINE
  5
329
330
320
100
AcDbEntity
  8
0
100
AcDbLine
 10
1.6
 20
-35.0
 30
0.0
 11
63.4
 21
-35.0
 31
0.0
  0
MTEXT
  5
32A
330
320
100
AcDbEntity
  8
COTAS
100
AcDbMText
 10
32.5
 20
-33.3
 30
0.0
 40
2.2
 71
5
  1
65
  7
OpenSansCondensed-Light
  0
POINT
  5
32B
330
320
100
AcDbEntity
  8
Defpoints
100
AcDbPoint
 10
0.0
 20
-35.0
 30
0.0
  0
POINT
  5
32C
330
320
100
AcDbEntity
  8
Defpoints
100
AcDbPoint
 10
0.0
 20
-40.0
 30
0.0
  0
POINT
  5
32D
330
320
100
AcDbEntity
  8
Defpoints
100
AcDbPoint
 10
65.0
 20
-40.0
 30
0.0
  0
ENDBLK
  5
322
330
320
100
AcDbEntity
  8
0
100
AcDbBlockEnd
  0
BLOCK
  5
330
330
32F
100
AcDbEntity
  8
0
100
AcDbBlockBegin
  2
*D25
 70
1
 10
0.0
 20
0.0
 30
0.0
  3
*D25
  1

  0
LINE
  5
332
330
32F
100
AcDbEntity
  8
0
100
AcDbLine
 10
-1.0
 20
-105.8
 30
0.0
 11
-1.0
 21
-112.0
 31
0.0
  0
LINE
  5
333
330
32F
100
AcDbEntity
  8
0
100
AcDbLine
 10
66.0
 20
-105.8
 30
0.0
 11
66.0
 21
-112.0
 31
0.0
  0
INSERT
  5
334
330
32F
100
AcDbEntity
  8
COTAS
100
AcDbBlockReference
  2
_CLOSEDFILLED
 10
-1.0
 20
-111.0
 30
0.0
 41
1.6
 42
1.6
 50
180.0
  0
INSERT
  5
336
330
32F
100
AcDbEntity
  8
COTAS
100
AcDbBlockReference
  2
_CLOSEDFILLED
 10
66.0
 20
-111.0
 30
0.0
 41
1.6
 42
1.6
  0
LINE
  5
338
330
32F
100
AcDbEntity
  8
0
100
AcDbLine
 10
0.6000000000000001
 20
-111.0
 30
0.0
 11
64.4
 21
-111.0
 31
0.0
  0
MTEXT
  5
339
330
32F
100
AcDbEntity
  8
COTAS
100
AcDbMText
 10
32.5
 20
-109.3
 30
0.0
 40
2.2
 71
5
  1
67
  7
OpenSansCondensed-Light
  0
POINT
  5
33A
330
32F
100
AcDbEntity
  8
Defpoints
100
AcDbPoint
 10
-1.0
 20
-111.0
 30
0.0
  0
POINT
  5
33B
330
32F
100
AcDbEntity
  8
Defpoints
100
AcDbPoint
 10
-1.0
 20
-105.0
 30
0.0
  0
POINT
  5
33C
330
32F
100
AcDbEntity
  8
Defpoints
100
AcDbPoint
 10
66.0
 20
-105.0
 30
0.0
  0
ENDBLK
  5
331
330
32F
100
AcDbEntity
  8
0
100
AcDbBlockEnd
  0
BLOCK
  5
33F
330
33E
100
AcDbEntity
  8
0
100
AcDbBlockBegin
  2
*D26
 70
1
 10
0.0
 20
0.0
 30
0.0
  3
*D26
  1

  0
LINE
  5
341
330
33E
100
AcDbEntity
  8
0
100
AcDbLine
 10
68.8
 20
-45.0
 30
0.0
 11
74.0
 21
-45.0
 31
0.0
  0
LINE
  5
342
330
33E
100
AcDbEntity
  8
0
100
AcDbLine
 10
68.8
 20
-109.0
 30
0.0
 11
74.0
 21
-109.0
 31
0.0
  0
INSERT
  5
343
330
33E
100
AcDbEntity
  8
COTAS
100
AcDbBlockReference
  2
_CLOSEDFILLED
 10
73.0
 20
-45.0
 30
0.0
 41
1.6
 42
1.6
 50
270.0
  0
INSERT
  5
345
330
33E
100
AcDbEntity
  8
COTAS
100
AcDbBlockReference
  2
_CLOSEDFILLED
 10
73.0
 20
-109.0
 30
0.0
 41
1.6
 42
1.6
 50
90.0
  0
LINE
  5
347
330
33E
100
AcDbEntity
  8
0
100
AcDbLine
 10
73.0
 20
-43.4
 30
0.0
 11
73.0
 21
-110.6
 31
0.0
  0
MTEXT
  5
348
330
33E
100
AcDbEntity
  8
COTAS
100
AcDbMText
 10
74.7
 20
-77.0
 30
0.0
 40
2.2
 71
5
  1
64 brazo
  7
OpenSansCondensed-Light
 50
90.0
  0
POINT
  5
349
330
33E
100
AcDbEntity
  8
Defpoints
100
AcDbPoint
 10
73.0
 20
-45.0
 30
0.0
  0
POINT
  5
34A
330
33E
100
AcDbEntity
  8
Defpoints
100
AcDbPoint
 10
68.0
 20
-45.0
 30
0.0
  0
POINT
  5
34B
330
33E
100
AcDbEntity
  8
Defpoints
100
AcDbPoint
 10
68.0
 20
-109.0
 30
0.0
  0
ENDBLK
  5
340
330
33E
100
AcDbEntity
  8
0
100
AcDbBlockEnd
  0
BLOCK
  5
34E
330
34D
100
AcDbEntity
  8
0
100
AcDbBlockBegin
  2
*D27
 70
1
 10
0.0
 20
0.0
 30
0.0
  3
*D27
  1

  0
LINE
  5
350
330
34D
100
AcDbEntity
  8
0
100
AcDbLine
 10
65.8
 20
-40.0
 30
0.0
 11
82.0
 21
-40.0
 31
0.0
  0
LINE
  5
351
330
34D
100
AcDbEntity
  8
0
100
AcDbLine
 10
65.8
 20
-99.0
 30
0.0
 11
82.0
 21
-99.0
 31
0.0
  0
INSERT
  5
352
330
34D
100
AcDbEntity
  8
COTAS
100
AcDbBlockReference
  2
_CLOSEDFILLED
 10
81.0
 20
-40.0
 30
0.0
 41
1.6
 42
1.6
 50
270.0
  0
INSERT
  5
354
330
34D
100
AcDbEntity
  8
COTAS
100
AcDbBlockReference
  2
_CLOSEDFILLED
 10
81.0
 20
-99.0
 30
0.0
 41
1.6
 42
1.6
 50
90.0
  0
LINE
  5
356
330
34D
100
AcDbEntity
  8
0
100
AcDbLine
 10
81.0
 20
-38.4
 30
0.0
 11
81.0
 21
-100.6
 31
0.0
  0
MTEXT
  5
357
330
34D
100
AcDbEntity
  8
COTAS
100
AcDbMText
 10
82.7
 20
-69.5
 30
0.0
 40
2.2
 71
5
  1
59
  7
OpenSansCondensed-Light
 50
90.0
  0
POINT
  5
358
330
34D
100
AcDbEntity
  8
Defpoints
100
AcDbPoint
 10
81.0
 20
-40.0
 30
0.0
  0
POINT
  5
359
330
34D
100
AcDbEntity
  8
Defpoints
100
AcDbPoint
 10
65.0
 20
-40.0
 30
0.0
  0
POINT
  5
35A
330
34D
100
AcDbEntity
  8
Defpoints
100
AcDbPoint
 10
65.0
 20
-99.0
 30
0.0
  0
ENDBLK
  5
34F
330
34D
100
AcDbEntity
  8
0
100
AcDbBlockEnd
  0
BLOCK
  5
37B
330
37A
100
AcDbEntity
  8
0
100
AcDbBlockBegin
  2
*D28
 70
1
 10
0.0
 20
0.0
 30
0.0
  3
*D28
  1

  0
LINE
  5
37D
330
37A
100
AcDbEntity
  8
0
100
AcDbLine
 10
230.0
 20
59.2
 30
0.0
 11
230.0
 21
55.0
 31
0.0
  0
LINE
  5
37E
330
37A
100
AcDbEntity
  8
0
100
AcDbLine
 10
285.0
 20
59.2
 30
0.0
 11
285.0
 21
55.0
 31
0.0
  0
INSERT
  5
37F
330
37A
100
AcDbEntity
  8
COTAS
100
AcDbBlockReference
  2
_CLOSEDFILLED
 10
230.0
 20
56.0
 30
0.0
 41
1.6
 42
1.6
 50
180.0
  0
INSERT
  5
381
330
37A
100
AcDbEntity
  8
COTAS
100
AcDbBlockReference
  2
_CLOSEDFILLED
 10
285.0
 20
56.0
 30
0.0
 41
1.6
 42
1.6
  0
LINE
  5
383
330
37A
100
AcDbEntity
  8
0
100
AcDbLine
 10
231.6
 20
56.0
 30
0.0
 11
283.4
 21
56.0
 31
0.0
  0
MTEXT
  5
384
330
37A
100
AcDbEntity
  8
COTAS
100
AcDbMText
 10
257.5
 20
57.7
 30
0.0
 40
2.2
 71
5
  1
55
  7
OpenSansCondensed-Light
  0
POINT
  5
385
330
37A
100
AcDbEntity
  8
Defpoints
100
AcDbPoint
 10
230.0
 20
56.0
 30
0.0
  0
POINT
  5
386
330
37A
100
AcDbEntity
  8
Defpoints
100
AcDbPoint
 10
230.0
 20
60.0
 30
0.0
  0
POINT
  5
387
330
37A
100
AcDbEntity
  8
Defpoints
100
AcDbPoint
 10
285.0
 20
60.0
 30
0.0
  0
ENDBLK
  5
37C
330
37A
100
AcDbEntity
  8
0
100
AcDbBlockEnd
  0
BLOCK
  5
38A
330
389
100
AcDbEntity
  8
0
100
AcDbBlockBegin
  2
*D29
 70
1
 10
0.0
 20
0.0
 30
0.0
  3
*D29
  1

  0
LINE
  5
38C
330
389
100
AcDbEntity
  8
0
100
AcDbLine
 10
230.0
 20
59.2
 30
0.0
 11
230.0
 21
51.0
 31
0.0
  0
LINE
  5
38D
330
389
100
AcDbEntity
  8
0
100
AcDbLine
 10
237.0
 20
59.2
 30
0.0
 11
237.0
 21
51.0
 31
0.0
  0
INSERT
  5
38E
330
389
100
AcDbEntity
  8
COTAS
100
AcDbBlockReference
  2
_CLOSEDFILLED
 10
230.0
 20
52.0
 30
0.0
 41
1.6
 42
1.6
 50
180.0
  0
INSERT
  5
390
330
389
100
AcDbEntity
  8
COTAS
100
AcDbBlockReference
  2
_CLOSEDFILLED
 10
237.0
 20
52.0
 30
0.0
 41
1.6
 42
1.6
  0
LINE
  5
392
330
389
100
AcDbEntity
  8
0
100
AcDbLine
 10
231.6
 20
52.0
 30
0.0
 11
235.4
 21
52.0
 31
0.0
  0
MTEXT
  5
393
330
389
100
AcDbEntity
  8
COTAS
100
AcDbMText
 10
233.5
 20
53.7
 30
0.0
 40
2.2
 71
5
  1
7
  7
OpenSansCondensed-Light
  0
POINT
  5
394
330
389
100
AcDbEntity
  8
Defpoints
100
AcDbPoint
 10
230.0
 20
52.0
 30
0.0
  0
POINT
  5
395
330
389
100
AcDbEntity
  8
Defpoints
100
AcDbPoint
 10
230.0
 20
60.0
 30
0.0
  0
POINT
  5
396
330
389
100
AcDbEntity
  8
Defpoints
100
AcDbPoint
 10
237.0
 20
60.0
 30
0.0
  0
ENDBLK
  5
38B
330
389
100
AcDbEntity
  8
0
100
AcDbBlockEnd
  0
BLOCK
  5
399
330
398
100
AcDbEntity
  8
0
100
AcDbBlockBegin
  2
*D30
 70
1
 10
0.0
 20
0.0
 30
0.0
  3
*D30
  1

  0
LINE
  5
39B
330
398
100
AcDbEntity
  8
0
100
AcDbLine
 10
229.2
 20
60.0
 30
0.0
 11
225.0
 21
60.0
 31
0.0
  0
LINE
  5
39C
330
398
100
AcDbEntity
  8
0
100
AcDbLine
 10
229.2
 20
75.0
 30
0.0
 11
225.0
 21
75.0
 31
0.0
  0
INSERT
  5
39D
330
398
100
AcDbEntity
  8
COTAS
100
AcDbBlockReference
  2
_CLOSEDFILLED
 10
226.0
 20
60.0
 30
0.0
 41
1.6
 42
1.6
 50
270.0
  0
INSERT
  5
39F
330
398
100
AcDbEntity
  8
COTAS
100
AcDbBlockReference
  2
_CLOSEDFILLED
 10
226.0
 20
75.0
 30
0.0
 41
1.6
 42
1.6
 50
90.0
  0
LINE
  5
3A1
330
398
100
AcDbEntity
  8
0
100
AcDbLine
 10
226.0
 20
61.6
 30
0.0
 11
226.0
 21
73.4
 31
0.0
  0
MTEXT
  5
3A2
330
398
100
AcDbEntity
  8
COTAS
100
AcDbMText
 10
224.3
 20
67.5
 30
0.0
 40
2.2
 71
5
  1
15
  7
OpenSansCondensed-Light
 50
90.0
  0
POINT
  5
3A3
330
398
100
AcDbEntity
  8
Defpoints
100
AcDbPoint
 10
226.0
 20
60.0
 30
0.0
  0
POINT
  5
3A4
330
398
100
AcDbEntity
  8
Defpoints
100
AcDbPoint
 10
230.0
 20
60.0
 30
0.0
  0
POINT
  5
3A5
330
398
100
AcDbEntity
  8
Defpoints
100
AcDbPoint
 10
230.0
 20
75.0
 30
0.0
  0
ENDBLK
  5
39A
330
398
100
AcDbEntity
  8
0
100
AcDbBlockEnd
  0
BLOCK
  5
3A8
330
3A7
100
AcDbEntity
  8
0
100
AcDbBlockBegin
  2
*D31
 70
1
 10
0.0
 20
0.0
 30
0.0
  3
*D31
  1

  0
LINE
  5
3AA
330
3A7
100
AcDbEntity
  8
0
100
AcDbLine
 10
258.3
 20
60.0
 30
0.0
 11
291.0
 21
60.0
 31
0.0
  0
LINE
  5
3AB
330
3A7
100
AcDbEntity
  8
0
100
AcDbLine
 10
258.3
 20
86.0
 30
0.0
 11
291.0
 21
86.0
 31
0.0
  0
INSERT
  5
3AC
330
3A7
100
AcDbEntity
  8
COTAS
100
AcDbBlockReference
  2
_CLOSEDFILLED
 10
290.0
 20
60.0
 30
0.0
 41
1.6
 42
1.6
 50
270.0
  0
INSERT
  5
3AE
330
3A7
100
AcDbEntity
  8
COTAS
100
AcDbBlockReference
  2
_CLOSEDFILLED
 10
290.0
 20
86.0
 30
0.0
 41
1.6
 42
1.6
 50
90.0
  0
LINE
  5
3B0
330
3A7
100
AcDbEntity
  8
0
100
AcDbLine
 10
290.0
 20
61.6
 30
0.0
 11
290.0
 21
84.4
 31
0.0
  0
MTEXT
  5
3B1
330
3A7
100
AcDbEntity
  8
COTAS
100
AcDbMText
 10
288.3
 20
73.0
 30
0.0
 40
2.2
 71
5
  1
26
  7
OpenSansCondensed-Light
 50
90.0
  0
POINT
  5
3B2
330
3A7
100
AcDbEntity
  8
Defpoints
100
AcDbPoint
 10
290.0
 20
60.0
 30
0.0
  0
POINT
  5
3B3
330
3A7
100
AcDbEntity
  8
Defpoints
100
AcDbPoint
 10
257.5
 20
60.0
 30
0.0
  0
POINT
  5
3B4
330
3A7
100
AcDbEntity
  8
Defpoints
100
AcDbPoint
 10
257.5
 20
86.0
 30
0.0
  0
ENDBLK
  5
3A9
330
3A7
100
AcDbEntity
  8
0
100
AcDbBlockEnd
  0
BLOCK
  5
3B7
330
3B6
100
AcDbEntity
  8
0
100
AcDbBlockBegin
  2
*D32
 70
1
 10
0.0
 20
0.0
 30
0.0
  3
*D32
  1

  0
LINE
  5
3B9
330
3B6
100
AcDbEntity
  8
0
100
AcDbLine
 10
285.8
 20
60.0
 30
0.0
 11
295.0
 21
60.0
 31
0.0
  0
LINE
  5
3BA
330
3B6
100
AcDbEntity
  8
0
100
AcDbLine
 10
285.8
 20
63.5
 30
0.0
 11
295.0
 21
63.5
 31
0.0
  0
INSERT
  5
3BB
330
3B6
100
AcDbEntity
  8
COTAS
100
AcDbBlockReference
  2
_CLOSEDFILLED
 10
294.0
 20
60.0
 30
0.0
 41
1.6
 42
1.6
 50
90.0
  0
INSERT
  5
3BD
330
3B6
100
AcDbEntity
  8
COTAS
100
AcDbBlockReference
  2
_CLOSEDFILLED
 10
294.0
 20
63.5
 30
0.0
 41
1.6
 42
1.6
 50
270.0
  0
LINE
  5
3BF
330
3B6
100
AcDbEntity
  8
0
100
AcDbLine
 10
294.0
 20
58.4
 30
0.0
 11
294.0
 21
56.8
 31
0.0
  0
LINE
  5
3C0
330
3B6
100
AcDbEntity
  8
0
100
AcDbLine
 10
294.0
 20
65.1
 30
0.0
 11
294.0
 21
66.7
 31
0.0
  0
LINE
  5
3C1
330
3B6
100
AcDbEntity
  8
0
100
AcDbLine
 10
294.0
 20
60.0
 30
0.0
 11
294.0
 21
63.5
 31
0.0
  0
MTEXT
  5
3C2
330
3B6
100
AcDbEntity
  8
COTAS
100
AcDbMText
 10
291.3
 20
61.75
 30
0.0
 40
2.2
 71
5
  1
3,5
  7
OpenSansCondensed-Light
 50
90.0
  0
POINT
  5
3C3
330
3B6
100
AcDbEntity
  8
Defpoints
100
AcDbPoint
 10
294.0
 20
60.0
 30
0.0
  0
POINT
  5
3C4
330
3B6
100
AcDbEntity
  8
Defpoints
100
AcDbPoint
 10
285.0
 20
60.0
 30
0.0
  0
POINT
  5
3C5
330
3B6
100
AcDbEntity
  8
Defpoints
100
AcDbPoint
 10
285.0
 20
63.5
 30
0.0
  0
ENDBLK
  5
3B8
330
3B6
100
AcDbEntity
  8
0
100
AcDbBlockEnd
  0
ENDSEC
  0
SECTION
  2
ENTITIES
  0
LWPOLYLINE
  5
93
330
17
100
AcDbEntity
  8
CONTORNO
100
AcDbPolyline
 90
49
 70
0
 10
60.0
 20
146.5
 10
58.854166666666664
 20
146.5
 10
57.708333333333336
 20
146.5
 10
56.5625
 20
146.5
 10
55.416666666666664
 20
146.5
 10
54.270833333333336
 20
146.5
 10
53.125
 20
146.5
 10
51.979166666666664
 20
146.56716584528345
 10
50.833333333333336
 20
146.80041055656616
 10
49.6875
 20
147.19356973721167
 10
48.541666666666664
 20
147.7345516937446
 10
47.395833333333336
 20
148.40671841205727
 10
46.25
 20
149.1893972630409
 10
45.104166666666664
 20
150.05851679365125
 10
43.95833333333333
 20
150.9873470495213
 10
42.8125
 20
151.94732166034214
 10
41.66666666666667
 20
152.90891640460327
 10
40.52083333333333
 20
153.84255723324887
 10
39.375
 20
154.7195298257902
 10
38.22916666666667
 20
155.5128627052852
 10
37.08333333333333
 20
156.19815675179703
 10
35.9375
 20
156.75433560247097
 10
34.79166666666667
 20
157.1642938595167
 10
33.64583333333333
 20
157.41542317032298
 10
32.5
 20
157.5
 10
31.354166666666668
 20
157.41542317032298
 10
30.208333333333332
 20
157.1642938595167
 10
29.0625
 20
156.75433560247097
 10
27.916666666666664
 20
156.19815675179703
 10
26.770833333333336
 20
155.5128627052852
 10
25.625
 20
154.7195298257902
 10
24.479166666666664
 20
153.84255723324884
 10
23.333333333333336
 20
152.90891640460327
 10
22.1875
 20
151.94732166034214
 10
21.041666666666664
 20
150.9873470495213
 10
19.895833333333336
 20
150.05851679365125
 10
18.75
 20
149.1893972630409
 10
17.604166666666664
 20
148.40671841205727
 10
16.458333333333336
 20
147.7345516937446
 10
15.3125
 20
147.19356973721167
 10
14.166666666666664
 20
146.80041055656616
 10
13.020833333333336
 20
146.56716584528345
 10
11.875
 20
146.5
 10
10.729166666666664
 20
146.5
 10
9.583333333333336
 20
146.5
 10
8.4375
 20
146.5
 10
7.291666666666664
 20
146.5
 10
6.145833333333336
 20
146.5
 10
5.0
 20
146.5
  0
LWPOLYLINE
  5
94
330
17
100
AcDbEntity
  8
CONTORNO
100
AcDbPolyline
 90
4
 70
0
 10
5.0
 20
131.5
 10
5.0
 20
164.5
 10
0.0
 20
164.5
 10
0.0
 20
101.0
  0
LWPOLYLINE
  5
95
330
17
100
AcDbEntity
  8
CONTORNO
100
AcDbPolyline
 90
4
 70
0
 10
65.0
 20
101.0
 10
65.0
 20
164.5
 10
60.0
 20
164.5
 10
60.0
 20
131.5
  0
LWPOLYLINE
  5
96
330
17
100
AcDbEntity
  8
CONTORNO
100
AcDbPolyline
 90
4
 70
0
 10
60.0
 20
101.0
 10
60.0
 20
131.5
 10
5.0
 20
131.5
 10
5.0
 20
101.0
  0
LWPOLYLINE
  5
97
330
17
100
AcDbEntity
  8
CONTORNO
100
AcDbPolyline
 90
2
 70
0
 10
5.0
 20
86.0
 10
60.0
 20
86.0
  0
LWPOLYLINE
  5
98
330
17
100
AcDbEntity
  8
CONTORNO
100
AcDbPolyline
 90
2
 70
0
 10
60.0
 20
25.0
 10
5.0
 20
25.0
  0
LWPOLYLINE
  5
99
330
17
100
AcDbEntity
  8
CONTORNO
100
AcDbPolyline
 90
2
 70
0
 10
5.0
 20
20.0
 10
60.0
 20
20.0
  0
LWPOLYLINE
  5
9A
330
17
100
AcDbEntity
  8
CONTORNO
100
AcDbPolyline
 90
2
 70
0
 10
60.0
 20
70.0
 10
5.0
 20
70.0
  0
LWPOLYLINE
  5
9B
330
17
100
AcDbEntity
  8
CONTORNO
100
AcDbPolyline
 90
2
 70
0
 10
5.0
 20
65.0
 10
60.0
 20
65.0
  0
LWPOLYLINE
  5
9C
330
17
100
AcDbEntity
  8
CONTORNO
100
AcDbPolyline
 90
2
 70
0
 10
60.0
 20
78.0
 10
5.0
 20
78.0
  0
LWPOLYLINE
  5
9D
330
17
100
AcDbEntity
  8
CONTORNO
100
AcDbPolyline
 90
2
 70
0
 10
5.0
 20
7.0
 10
60.0
 20
7.0
  0
LWPOLYLINE
  5
9E
330
17
100
AcDbEntity
  8
CONTORNO
100
AcDbPolyline
 90
2
 70
0
 10
5.0
 20
0.0
 10
5.0
 20
12.0
  0
LWPOLYLINE
  5
9F
330
17
100
AcDbEntity
  8
CONTORNO
100
AcDbPolyline
 90
2
 70
0
 10
5.0
 20
14.5
 10
5.0
 20
91.0
  0
LWPOLYLINE
  5
A0
330
17
100
AcDbEntity
  8
CONTORNO
100
AcDbPolyline
 90
2
 70
0
 10
0.0
 20
91.0
 10
0.0
 20
14.5
  0
LWPOLYLINE
  5
A1
330
17
100
AcDbEntity
  8
CONTORNO
100
AcDbPolyline
 90
3
 70
0
 10
0.0
 20
12.0
 10
0.0
 20
0.0
 10
5.0
 20
0.0
  0
LWPOLYLINE
  5
A2
330
17
100
AcDbEntity
  8
CONTORNO
100
AcDbPolyline
 90
2
 70
0
 10
65.0
 20
0.0
 10
65.0
 20
12.0
  0
LWPOLYLINE
  5
A3
330
17
100
AcDbEntity
  8
CONTORNO
100
AcDbPolyline
 90
2
 70
0
 10
65.0
 20
14.5
 10
65.0
 20
91.0
  0
LWPOLYLINE
  5
A4
330
17
100
AcDbEntity
  8
CONTORNO
100
AcDbPolyline
 90
2
 70
0
 10
60.0
 20
91.0
 10
60.0
 20
14.5
  0
LWPOLYLINE
  5
A5
330
17
100
AcDbEntity
  8
CONTORNO
100
AcDbPolyline
 90
3
 70
0
 10
60.0
 20
12.0
 10
60.0
 20
0.0
 10
65.0
 20
0.0
  0
LWPOLYLINE
  5
A6
330
17
100
AcDbEntity
  8
CONTORNO
100
AcDbPolyline
 90
5
 70
0
 10
66.0
 20
12.0
 10
66.0
 20
14.5
 10
-1.0
 20
14.5
 10
-1.0
 20
12.0
 10
66.0
 20
12.0
  0
LWPOLYLINE
  5
A7
330
17
100
AcDbEntity
  8
CONTORNO
100
AcDbPolyline
 90
5
 70
0
 10
4.0
 20
5.5
 10
4.0
 20
12.0
 10
1.0
 20
12.0
 10
1.0
 20
5.5
 10
4.0
 20
5.5
  0
LWPOLYLINE
  5
A8
330
17
100
AcDbEntity
  8
CONTORNO
100
AcDbPolyline
 90
5
 70
0
 10
64.0
 20
5.5
 10
64.0
 20
12.0
 10
61.0
 20
12.0
 10
61.0
 20
5.5
 10
64.0
 20
5.5
  0
LWPOLYLINE
  5
A9
330
17
100
AcDbEntity
  8
CONTORNO
100
AcDbPolyline
 90
6
 70
0
 10
-5.0
 20
91.0
 10
-5.0
 20
95.0
 10
-3.0
 20
101.0
 10
5.0
 20
101.0
 10
5.0
 20
91.0
 10
-5.0
 20
91.0
  0
LWPOLYLINE
  5
AA
330
17
100
AcDbEntity
  8
CONTORNO
100
AcDbPolyline
 90
6
 70
0
 10
60.0
 20
91.0
 10
60.0
 20
101.0
 10
68.0
 20
101.0
 10
70.0
 20
95.0
 10
70.0
 20
91.0
 10
60.0
 20
91.0
  0
LWPOLYLINE
  5
AB
330
17
100
AcDbEntity
  8
OCULTAS
100
AcDbPolyline
 90
2
 70
0
 10
60.0
 20
78.0
 10
60.0
 20
86.0
  0
LWPOLYLINE
  5
AC
330
17
100
AcDbEntity
  8
OCULTAS
100
AcDbPolyline
 90
2
 70
0
 10
60.0
 20
86.0
 10
5.0
 20
86.0
  0
LWPOLYLINE
  5
AD
330
17
100
AcDbEntity
  8
OCULTAS
100
AcDbPolyline
 90
2
 70
0
 10
5.0
 20
86.0
 10
5.0
 20
78.0
  0
LWPOLYLINE
  5
AE
330
17
100
AcDbEntity
  8
OCULTAS
100
AcDbPolyline
 90
2
 70
0
 10
5.0
 20
78.0
 10
60.0
 20
78.0
  0
LWPOLYLINE
  5
AF
330
17
100
AcDbEntity
  8
OCULTAS
100
AcDbPolyline
 90
2
 70
0
 10
60.0
 20
20.0
 10
60.0
 20
25.0
  0
LWPOLYLINE
  5
B0
330
17
100
AcDbEntity
  8
OCULTAS
100
AcDbPolyline
 90
2
 70
0
 10
60.0
 20
25.0
 10
5.0
 20
25.0
  0
LWPOLYLINE
  5
B1
330
17
100
AcDbEntity
  8
OCULTAS
100
AcDbPolyline
 90
2
 70
0
 10
5.0
 20
25.0
 10
5.0
 20
20.0
  0
LWPOLYLINE
  5
B2
330
17
100
AcDbEntity
  8
OCULTAS
100
AcDbPolyline
 90
2
 70
0
 10
5.0
 20
20.0
 10
60.0
 20
20.0
  0
LWPOLYLINE
  5
B3
330
17
100
AcDbEntity
  8
OCULTAS
100
AcDbPolyline
 90
4
 70
0
 10
60.0
 20
65.0
 10
60.0
 20
70.0
 10
5.0
 20
70.0
 10
5.0
 20
65.0
  0
LWPOLYLINE
  5
B4
330
17
100
AcDbEntity
  8
OCULTAS
100
AcDbPolyline
 90
2
 70
0
 10
5.0
 20
65.0
 10
60.0
 20
65.0
  0
LWPOLYLINE
  5
B5
330
17
100
AcDbEntity
  8
OCULTAS
100
AcDbPolyline
 90
2
 70
0
 10
5.0
 20
131.5
 10
60.0
 20
131.5
  0
LWPOLYLINE
  5
B6
330
17
100
AcDbEntity
  8
OCULTAS
100
AcDbPolyline
 90
2
 70
0
 10
60.0
 20
131.5
 10
60.0
 20
146.5
  0
LWPOLYLINE
  5
B7
330
17
100
AcDbEntity
  8
OCULTAS
100
AcDbPolyline
 90
2
 70
0
 10
5.0
 20
146.5
 10
5.0
 20
131.5
  0
LWPOLYLINE
  5
B8
330
17
100
AcDbEntity
  8
OCULTAS
100
AcDbPolyline
 90
2
 70
0
 10
5.0
 20
0.0
 10
5.0
 20
7.0
  0
LWPOLYLINE
  5
B9
330
17
100
AcDbEntity
  8
OCULTAS
100
AcDbPolyline
 90
2
 70
0
 10
5.0
 20
7.0
 10
5.0
 20
14.5
  0
LWPOLYLINE
  5
BA
330
17
100
AcDbEntity
  8
OCULTAS
100
AcDbPolyline
 90
2
 70
0
 10
5.0
 20
14.5
 10
5.0
 20
20.0
  0
LWPOLYLINE
  5
BB
330
17
100
AcDbEntity
  8
OCULTAS
100
AcDbPolyline
 90
2
 70
0
 10
5.0
 20
25.0
 10
5.0
 20
65.0
  0
LWPOLYLINE
  5
BC
330
17
100
AcDbEntity
  8
OCULTAS
100
AcDbPolyline
 90
2
 70
0
 10
5.0
 20
65.0
 10
5.0
 20
78.0
  0
LWPOLYLINE
  5
BD
330
17
100
AcDbEntity
  8
OCULTAS
100
AcDbPolyline
 90
2
 70
0
 10
5.0
 20
86.0
 10
5.0
 20
101.0
  0
LWPOLYLINE
  5
BE
330
17
100
AcDbEntity
  8
OCULTAS
100
AcDbPolyline
 90
2
 70
0
 10
5.0
 20
101.0
 10
5.0
 20
131.5
  0
LWPOLYLINE
  5
BF
330
17
100
AcDbEntity
  8
OCULTAS
100
AcDbPolyline
 90
2
 70
0
 10
0.0
 20
101.0
 10
0.0
 20
91.0
  0
LWPOLYLINE
  5
C0
330
17
100
AcDbEntity
  8
OCULTAS
100
AcDbPolyline
 90
2
 70
0
 10
0.0
 20
91.0
 10
0.0
 20
14.5
  0
LWPOLYLINE
  5
C1
330
17
100
AcDbEntity
  8
OCULTAS
100
AcDbPolyline
 90
2
 70
0
 10
0.0
 20
14.5
 10
0.0
 20
12.0
  0
LWPOLYLINE
  5
C2
330
17
100
AcDbEntity
  8
OCULTAS
100
AcDbPolyline
 90
2
 70
0
 10
0.0
 20
12.0
 10
0.0
 20
0.0
  0
LWPOLYLINE
  5
C3
330
17
100
AcDbEntity
  8
OCULTAS
100
AcDbPolyline
 90
2
 70
0
 10
0.0
 20
0.0
 10
5.0
 20
0.0
  0
LWPOLYLINE
  5
C4
330
17
100
AcDbEntity
  8
OCULTAS
100
AcDbPolyline
 90
2
 70
0
 10
65.0
 20
0.0
 10
65.0
 20
12.0
  0
LWPOLYLINE
  5
C5
330
17
100
AcDbEntity
  8
OCULTAS
100
AcDbPolyline
 90
2
 70
0
 10
65.0
 20
12.0
 10
65.0
 20
14.5
  0
LWPOLYLINE
  5
C6
330
17
100
AcDbEntity
  8
OCULTAS
100
AcDbPolyline
 90
2
 70
0
 10
65.0
 20
14.5
 10
65.0
 20
91.0
  0
LWPOLYLINE
  5
C7
330
17
100
AcDbEntity
  8
OCULTAS
100
AcDbPolyline
 90
2
 70
0
 10
65.0
 20
91.0
 10
65.0
 20
101.0
  0
LWPOLYLINE
  5
C8
330
17
100
AcDbEntity
  8
OCULTAS
100
AcDbPolyline
 90
2
 70
0
 10
60.0
 20
131.5
 10
60.0
 20
101.0
  0
LWPOLYLINE
  5
C9
330
17
100
AcDbEntity
  8
OCULTAS
100
AcDbPolyline
 90
2
 70
0
 10
60.0
 20
101.0
 10
60.0
 20
86.0
  0
LWPOLYLINE
  5
CA
330
17
100
AcDbEntity
  8
OCULTAS
100
AcDbPolyline
 90
2
 70
0
 10
60.0
 20
78.0
 10
60.0
 20
65.0
  0
LWPOLYLINE
  5
CB
330
17
100
AcDbEntity
  8
OCULTAS
100
AcDbPolyline
 90
2
 70
0
 10
60.0
 20
65.0
 10
60.0
 20
25.0
  0
LWPOLYLINE
  5
CC
330
17
100
AcDbEntity
  8
OCULTAS
100
AcDbPolyline
 90
2
 70
0
 10
60.0
 20
20.0
 10
60.0
 20
14.5
  0
LWPOLYLINE
  5
CD
330
17
100
AcDbEntity
  8
OCULTAS
100
AcDbPolyline
 90
2
 70
0
 10
60.0
 20
14.5
 10
60.0
 20
7.0
  0
LWPOLYLINE
  5
CE
330
17
100
AcDbEntity
  8
OCULTAS
100
AcDbPolyline
 90
2
 70
0
 10
60.0
 20
7.0
 10
60.0
 20
0.0
  0
LWPOLYLINE
  5
CF
330
17
100
AcDbEntity
  8
OCULTAS
100
AcDbPolyline
 90
2
 70
0
 10
60.0
 20
0.0
 10
65.0
 20
0.0
  0
LWPOLYLINE
  5
D0
330
17
100
AcDbEntity
  8
OCULTAS
100
AcDbPolyline
 90
2
 70
0
 10
60.0
 20
86.0
 10
60.0
 20
91.0
  0
LWPOLYLINE
  5
D1
330
17
100
AcDbEntity
  8
OCULTAS
100
AcDbPolyline
 90
2
 70
0
 10
60.0
 20
91.0
 10
60.0
 20
92.4
  0
LWPOLYLINE
  5
D2
330
17
100
AcDbEntity
  8
OCULTAS
100
AcDbPolyline
 90
2
 70
0
 10
60.0
 20
92.4
 10
60.0
 20
101.0
  0
LWPOLYLINE
  5
D3
330
17
100
AcDbEntity
  8
OCULTAS
100
AcDbPolyline
 90
2
 70
0
 10
5.0
 20
101.0
 10
5.0
 20
92.4
  0
LWPOLYLINE
  5
D4
330
17
100
AcDbEntity
  8
OCULTAS
100
AcDbPolyline
 90
2
 70
0
 10
5.0
 20
92.4
 10
5.0
 20
91.0
  0
LWPOLYLINE
  5
D5
330
17
100
AcDbEntity
  8
OCULTAS
100
AcDbPolyline
 90
2
 70
0
 10
5.0
 20
91.0
 10
5.0
 20
86.0
  0
LWPOLYLINE
  5
D6
330
17
100
AcDbEntity
  8
OCULTAS
100
AcDbPolyline
 90
2
 70
0
 10
60.0
 20
24.0
 10
60.0
 20
25.0
  0
LWPOLYLINE
  5
D7
330
17
100
AcDbEntity
  8
OCULTAS
100
AcDbPolyline
 90
3
 70
0
 10
5.0
 20
25.0
 10
5.0
 20
24.0
 10
60.0
 20
24.0
  0
LWPOLYLINE
  5
D8
330
17
100
AcDbEntity
  8
OCULTAS
100
AcDbPolyline
 90
5
 70
0
 10
4.0
 20
20.0
 10
4.0
 20
25.0
 10
1.0
 20
25.0
 10
1.0
 20
20.0
 10
4.0
 20
20.0
  0
LWPOLYLINE
  5
D9
330
17
100
AcDbEntity
  8
OCULTAS
100
AcDbPolyline
 90
5
 70
0
 10
64.0
 20
20.0
 10
64.0
 20
25.0
 10
61.0
 20
25.0
 10
61.0
 20
20.0
 10
64.0
 20
20.0
  0
LWPOLYLINE
  5
DA
330
17
100
AcDbEntity
  8
OCULTAS
100
AcDbPolyline
 90
5
 70
0
 10
6.0
 20
22.0
 10
6.0
 20
24.0
 10
4.0
 20
24.0
 10
4.0
 20
22.0
 10
6.0
 20
22.0
  0
LWPOLYLINE
  5
DB
330
17
100
AcDbEntity
  8
OCULTAS
100
AcDbPolyline
 90
5
 70
0
 10
61.0
 20
22.0
 10
61.0
 20
24.0
 10
59.0
 20
24.0
 10
59.0
 20
22.0
 10
61.0
 20
22.0
  0
LWPOLYLINE
  5
DC
330
17
100
AcDbEntity
  8
OCULTAS
100
AcDbPolyline
 90
5
 70
0
 10
4.0
 20
65.0
 10
4.0
 20
70.0
 10
1.0
 20
70.0
 10
1.0
 20
65.0
 10
4.0
 20
65.0
  0
LWPOLYLINE
  5
DD
330
17
100
AcDbEntity
  8
OCULTAS
100
AcDbPolyline
 90
5
 70
0
 10
64.0
 20
65.0
 10
64.0
 20
70.0
 10
61.0
 20
70.0
 10
61.0
 20
65.0
 10
64.0
 20
65.0
  0
LWPOLYLINE
  5
DE
330
17
100
AcDbEntity
  8
OCULTAS
100
AcDbPolyline
 90
5
 70
0
 10
6.0
 20
68.0
 10
6.0
 20
70.0
 10
4.0
 20
70.0
 10
4.0
 20
68.0
 10
6.0
 20
68.0
  0
LWPOLYLINE
  5
DF
330
17
100
AcDbEntity
  8
OCULTAS
100
AcDbPolyline
 90
5
 70
0
 10
61.0
 20
68.0
 10
61.0
 20
70.0
 10
59.0
 20
70.0
 10
59.0
 20
68.0
 10
61.0
 20
68.0
  0
LWPOLYLINE
  5
E0
330
17
100
AcDbEntity
  8
OCULTAS
100
AcDbPolyline
 90
2
 70
0
 10
60.0
 20
65.0
 10
60.0
 20
70.0
  0
LWPOLYLINE
  5
E1
330
17
100
AcDbEntity
  8
OCULTAS
100
AcDbPolyline
 90
2
 70
0
 10
5.0
 20
70.0
 10
5.0
 20
65.0
  0
LWPOLYLINE
  5
E2
330
17
100
AcDbEntity
  8
OCULTAS
100
AcDbPolyline
 90
2
 70
0
 10
60.0
 20
70.0
 10
60.0
 20
78.0
  0
LWPOLYLINE
  5
E3
330
17
100
AcDbEntity
  8
OCULTAS
100
AcDbPolyline
 90
2
 70
0
 10
5.0
 20
78.0
 10
5.0
 20
70.0
  0
LWPOLYLINE
  5
E4
330
17
100
AcDbEntity
  8
OCULTAS
100
AcDbPolyline
 90
2
 70
0
 10
60.0
 20
7.0
 10
60.0
 20
12.0
  0
LWPOLYLINE
  5
E5
330
17
100
AcDbEntity
  8
OCULTAS
100
AcDbPolyline
 90
2
 70
0
 10
60.0
 20
12.0
 10
5.0
 20
12.0
  0
LWPOLYLINE
  5
E6
330
17
100
AcDbEntity
  8
OCULTAS
100
AcDbPolyline
 90
2
 70
0
 10
5.0
 20
12.0
 10
5.0
 20
7.0
  0
LWPOLYLINE
  5
E7
330
17
100
AcDbEntity
  8
OCULTAS
100
AcDbPolyline
 90
2
 70
0
 10
5.0
 20
12.0
 10
5.0
 20
14.5
  0
LWPOLYLINE
  5
E8
330
17
100
AcDbEntity
  8
OCULTAS
100
AcDbPolyline
 90
3
 70
0
 10
5.0
 20
92.4
 10
0.0
 20
92.4
 10
0.0
 20
91.0
  0
LWPOLYLINE
  5
E9
330
17
100
AcDbEntity
  8
OCULTAS
100
AcDbPolyline
 90
3
 70
0
 10
65.0
 20
91.0
 10
65.0
 20
92.4
 10
60.0
 20
92.4
  0
LWPOLYLINE
  5
EA
330
17
100
AcDbEntity
  8
OCULTAS
100
AcDbPolyline
 90
2
 70
0
 10
60.0
 20
14.5
 10
60.0
 20
12.0
  0
LWPOLYLINE
  5
EB
330
17
100
AcDbEntity
  8
LETRAS
100
AcDbPolyline
 90
154
 70
1
 10
53.54690117252931
 20
140.97654941373534
 10
53.53509445375023
 20
140.9766308393821
 10
53.523124883677646
 20
140.97687511632236
 10
53.510992462311556
 20
140.9772822445561
 10
53.49869718965196
 20
140.9778522240834
 10
53.48623906569886
 20
140.97858505490416
 10
53.47361809045226
 20
140.97948073701843
 10
53.46115996649916
 20
140.9805392704262
 10
53.44919039642657
 20
140.9817606551275
 10
53.4377093802345
 20
140.98314489112227
 10
53.426716917922946
 20
140.98469197841058
 10
53.416213009491905
 20
140.98640191699238
 10
53.40619765494137
 20
140.98827470686768
 10
53.40619765494137
 20
141.03517587939697
 10
53.41035036292574
 20
141.04445840312675
 10
53.414991624790616
 20
141.0566722501396
 10
53.420121440536015
 20
141.0718174204355
 10
53.42573981016192
 20
141.0898939140145
 10
53.43184673366834
 20
141.1109017308766
 10
53.438442211055275
 20
141.13484087102177
 10
53.44340917550716
 20
141.1644798064396
 10
53.444630560208445
 20
141.20258700911967
 10
53.44210636515913
 20
141.24916247906197
 10
53.4358365903592
 20
141.30420621626652
 10
53.42582123580867
 20
141.3677182207333
 10
53.41206030150754
 20
141.4396984924623
 10
53.253768844221106
 20
142.19011725293132
 10
53.24139214591476
 20
142.2559906011539
 10
53.231621068304484
 20
142.320723990322
 10
53.22445561139028
 20
142.3843174204355
 10
53.219895775172155
 20
142.4467708914945
 10
53.2179415596501
 20
142.50808440349897
 10
53.21859296482412
 20
142.56825795644892
 10
53.22168713940071
 20
142.62794295551834
 10
53.227061232086356
 20
142.68779080588126
 10
53.23471524288107
 20
142.7478015075377
 10
53.24464917178485
 20
142.80797506048762
 10
53.25686301879769
 20
142.86831146473105
 10
53.27135678391959
 20
142.92881072026802
 10
53.285687697747996
 20
142.97994602642845
 10
53.301321421924435
 20
143.0317327377629
 10
53.31825795644891
 20
143.08417085427135
 10
53.33649730132142
 20
143.13726037595384
 10
53.356039456541964
 20
143.19100130281035
 10
53.37688442211055
 20
143.24539363484087
 10
53.165829145728644
 20
143.28056951423787
 10
53.09580308952168
 20
143.29384189465847
 10
53.034245300576956
 20
143.31020844965568
 10
52.98115577889447
 20
143.32966917922948
 10
52.93653452447422
 20
143.35222408337987
 10
52.90038153731621
 20
143.37787316210682
 10
52.87269681742043
 20
143.40661641541038
 10
52.85120044667783
 20
143.43991950493208
 10
52.83361250697934
 20
143.4792480923134
 10
52.81993299832496
 20
143.52460217755444
 10
52.810161920714684
 20
143.57598176065514
 10
52.80429927414852
 20
143.63338684161548
 10
52.802345058626464
 20
143.6968174204355
 10
52.803485017681
 20
143.7531639679881
 10
52.80690489484459
 20
143.80885911036665
 10
52.812604690117254
 20
143.86390284757118
 10
52.82058440349898
 20
143.9182951796017
 10
52.83084403498976
 20
143.9720361064582
 10
52.84338358458961
 20
144.0251256281407
 10
52.85730737018425
 20
144.0769937651219
 10
52.87171970965941
 20
144.12707053787454
 10
52.886620603015075
 20
144.17535594639867
 10
52.902010050251256
 20
144.2218499906942
 10
52.917888051367946
 20
144.2665526707612
 10
52.93425460636516
 20
144.30946398659967
 10
52.95029545877536
 20
144.34976968174203
 10
52.965196352131024
 20
144.38665549972083
 10
52.978957286432156
 20
144.420121440536
 10
52.99157826167876
 20
144.45016750418762
 10
53.00305927787083
 20
144.4767936906756
 10
53.01340033500837
 20
144.5
 10
53.12479061976549
 20
144.5
 10
53.12479061976549
 20
144.42378559463987
 10
53.12576772752652
 20
144.39569374651032
 10
53.1286990508096
 20
144.37004466778336
 10
53.13358458961474
 20
144.34683835845897
 10
53.14042434394193
 20
144.32607481853714
 10
53.149218313791174
 20
144.30775404801787
 10
53.15996649916248
 20
144.29187604690117
 10
53.17364600781686
 20
144.27795226130652
 10
53.19123394751535
 20
144.26549413735344
 10
53.212730318257954
 20
144.25450167504187
 10
53.23813512004467
 20
144.24497487437185
 10
53.26744835287548
 20
144.2369137353434
 10
53.300670016750416
 20
144.23031825795644
 10
53.75209380234506
 20
144.16582914572865
 10
53.81699004280662
 20
144.15451098083008
 10
53.874883677647496
 20
144.13619021031082
 10
53.92577470686767
 20
144.11086683417085
 10
53.96966313046715
 20
144.07854085241019
 10
54.00654894844593
 20
144.03921226502885
 10
54.03643216080402
 20
143.9928810720268
 10
54.06061557788944
 20
143.9418271915131
 10
54.08040201005025
 20
143.88833054159687
 10
54.09579145728643
 20
143.83239112227807
 10
54.10678391959799
 20
143.77400893355667
 10
54.113379396984925
 20
143.7131839754327
 10
54.11557788944724
 20
143.6499162479062
 10
54.11370509957193
 20
143.57964591475897
 10
54.108086729946024
 20
143.51344686394938
 10
54.09872278056951
 20
143.45131909547737
 10
54.085613251442396
 20
143.393262609343
 10
54.068758142564675
 20
143.33927740554626
 10
54.04815745393635
 20
143.2893634840871
 10
54.0267425088405
 20
143.24384654755258
 10
54.00744463056021
 20
143.20305229852968
 10
53.990263819095475
 20
143.16698073701843
 10
53.975200074446306
 20
143.1356318630188
 10
53.96225339661269
 20
143.1090056765308
 10
53.951423785594635
 20
143.08710217755444
 10
53.89865996649916
 20
143.08710217755444
 10
53.8963800483901
 20
143.09679182951797
 10
53.893448725107014
 20
143.10631863018799
 10
53.88986599664992
 20
143.1156825795645
 10
53.885631863018794
 20
143.1248836776475
 10
53.88074632421366
 20
143.133921924437
 10
53.8752093802345
 20
143.142797319933
 10
53.8678810720268
 20
143.15118416154849
 10
53.857621440536015
 20
143.15875674669644
 10
53.84443048576214
 20
143.16551507537687
 10
53.82830820770519
 20
143.17145914758981
 10
53.80925460636516
 20
143.1765889633352
 10
53.78726968174204
 20
143.18090452261308
 10
53.57035175879397
 20
143.21608040201005
 10
53.563023450586265
 20
143.1815559277871
 10
53.556672250139584
 20
143.14442583286805
 10
53.551298157453935
 20
143.10469011725294
 10
53.54690117252931
 20
143.06234878094173
 10
53.543481295365716
 20
143.01740182393448
 10
53.541038525963145
 20
142.96984924623115
 10
53.537292946212546
 20
142.8999860413177
 10
53.537781500093054
 20
142.82719151312116
 10
53.54250418760469
 20
142.75146566164153
 10
53.55146100874744
 20
142.67280848687884
 10
53.56465196352131
 20
142.59121998883305
 10
53.5820770519263
 20
142.5067001675042
 10
53.8107202680067
 20
141.52177554438862
 10
53.826598269123394
 20
141.43554578447794
 10
53.83514796203238
 20
141.35664433277498
 10
53.83636934673367
 20
141.28507118927973
 10
53.830262423227246
 20
141.22082635399218
 10
53.81682719151312
 20
141.16390982691235
 10
53.79606365159129
 20
141.1143216080402
 10
53.768786059929276
 20
141.07222454866928
 10
53.7358086729946
 20
141.03778150009305
 10
53.69713149078727
 20
141.01099246231155
 10
53.65275451330727
 20
140.99185743532476
 10
53.602677740554626
 20
140.9803764191327
 10
53.54690117252931
 20
140.97654941373534
  0
LWPOLYLINE
  5
EC
330
17
100
AcDbEntity
  8
LETRAS
100
AcDbPolyline
 90
125
 70
1
 10
51.881909547738694
 20
140.97654941373534
 10
51.870184254606365
 20
140.9766308393821
 10
51.85845896147404
 20
140.97687511632236
 10
51.84673366834171
 20
140.9772822445561
 10
51.835008375209384
 20
140.9778522240834
 10
51.823283082077054
 20
140.97858505490416
 10
51.811557788944725
 20
140.97948073701843
 10
51.7999953471059
 20
140.9805392704262
 10
51.788758607854085
 20
140.9817606551275
 10
51.777847571189284
 20
140.98314489112227
 10
51.76726223711148
 20
140.98469197841058
 10
51.7570026056207
 20
140.98640191699238
 10
51.74706867671692
 20
140.98827470686768
 10
51.74706867671692
 20
141.03517587939697
 10
51.759771077610274
 20
141.05683510143308
 10
51.77051926298158
 20
141.0788200260562
 10
51.77931323283082
 20
141.10113065326632
 10
51.78615298715801
 20
141.12376698306346
 10
51.79103852596315
 20
141.14672901544762
 10
51.79396984924623
 20
141.17001675041877
 10
51.79576121347478
 20
141.19705006514053
 10
51.79722687511632
 20
141.23124883677647
 10
51.79836683417086
 20
141.27261306532662
 10
51.79918109063838
 20
141.32114275079098
 10
51.79966964451889
 20
141.37683789316955
 10
51.799832495812396
 20
141.4396984924623
 10
51.799832495812396
 20
142.40117252931324
 10
51.80097245486693
 20
142.49570770519264
 10
51.804392332030524
 20
142.58389168062536
 10
51.810092127303186
 20
142.66572445561138
 10
51.81807184068491
 20
142.74120603015075
 10
51.82833147217569
 20
142.81033640424343
 10
51.84087102177555
 20
142.87311557788945
 10
51.85463195607668
 20
142.93011353061604
 10
51.86855574167132
 20
142.98190024195048
 10
51.88264237855947
 20
143.0284757118928
 10
51.896891866741115
 20
143.06983994044296
 10
51.911304206216265
 20
143.10599292760097
 10
51.925879396984925
 20
143.13693467336682
 10
51.939640331286064
 20
143.16339800856133
 10
51.951609901358644
 20
143.18611576400522
 10
51.96178810720268
 20
143.2050879396985
 10
51.97017494881817
 20
143.22031453564117
 10
51.9767704262051
 20
143.23179555183324
 10
51.981574539363486
 20
143.2395309882747
 10
51.981574539363486
 20
143.25125628140702
 10
50.26381909547739
 20
143.25125628140702
 10
50.1946887213847
 20
143.25394332774985
 10
50.131909547738694
 20
143.26200446677834
 10
50.07548157453937
 20
143.27543969849245
 10
50.02540480178671
 20
143.29424902289225
 10
49.98167922948074
 20
143.31843243997767
 10
49.94430485762144
 20
143.34798994974875
 10
49.91295598362181
 20
143.38487576772752
 10
49.88730690489485
 20
143.43104410943607
 10
49.86735762144054
 20
143.48649497487438
 10
49.853108133258885
 20
143.55122836404243
 10
49.8445584403499
 20
143.62524427694026
 10
49.84170854271357
 20
143.70854271356785
 10
49.8428485017681
 20
143.77229899497488
 10
49.8462683789317
 20
143.83458961474037
 10
49.85196817420436
 20
143.89541457286433
 10
49.85994788758608
 20
143.95477386934672
 10
49.87020751907687
 20
144.01266750418762
 10
49.88274706867672
 20
144.06909547738692
 10
49.89650800297785
 20
144.12332495812396
 10
49.910431788572495
 20
144.1746231155779
 10
49.92451842546064
 20
144.22298994974875
 10
49.93876791364229
 20
144.2684254606365
 10
49.95318025311744
 20
144.3109296482412
 10
49.9677554438861
 20
144.35050251256283
 10
49.98151637818724
 20
144.38641122278057
 10
49.99348594825982
 20
144.4179229480737
 10
50.00366415410385
 20
144.4450376884422
 10
50.01205099571934
 20
144.4677554438861
 10
50.01864647310627
 20
144.48607621440536
 10
50.02345058626466
 20
144.5
 10
50.13484087102178
 20
144.5
 10
50.13484087102178
 20
144.43551088777218
 10
50.1358179787828
 20
144.39667085427135
 10
50.13874930206589
 20
144.36222780569514
 10
50.14363484087102
 20
144.33218174204356
 10
50.15047459519821
 20
144.30653266331657
 10
50.15926856504746
 20
144.28528056951424
 10
50.17001675041876
 20
144.2684254606365
 10
50.18353340777964
 20
144.2549902289224
 10
50.20063279359762
 20
144.24399776661085
 10
50.221314907872696
 20
144.23544807370183
 10
50.245579750604875
 20
144.2293411501954
 10
50.27342732179416
 20
144.22567699609158
 10
50.30485762144054
 20
144.22445561139028
 10
52.151591289782246
 20
144.22445561139028
 10
52.19458403126745
 20
144.22071003163967
 10
52.229759910664434
 20
144.20947329238786
 10
52.2571189279732
 20
144.19074539363484
 10
52.276661083193744
 20
144.1645263353806
 10
52.28838637632607
 20
144.13081611762516
 10
52.29229480737018
 20
144.08961474036852
 10
52.29229480737018
 20
143.30988274706868
 10
52.25125628140704
 20
143.2571189279732
 10
52.22389726409827
 20
143.22463009491904
 10
52.20044667783361
 20
143.1857900614182
 10
52.18090452261307
 20
143.14059882747068
 10
52.16527079843663
 20
143.0890563930765
 10
52.1535455053043
 20
143.0311627582356
 10
52.14572864321608
 20
142.96691792294808
 10
52.14100595570445
 20
142.89681044109437
 10
52.13856318630188
 20
142.821328866555
 10
52.13840033500838
 20
142.74047319932998
 10
52.140517401823935
 20
142.65424343941933
 10
52.14491438674856
 20
142.562639586823
 10
52.151591289782246
 20
142.46566164154103
 10
52.221943048576215
 20
141.52177554438862
 10
52.226665736087845
 20
141.43383584589614
 10
52.225200074446306
 20
141.3537130094919
 10
52.2175460636516
 20
141.28140703517587
 10
52.2037037037037
 20
141.21691792294808
 10
52.183672994602645
 20
141.1602456728085
 10
52.15745393634841
 20
141.1113902847571
 10
52.12537223152801
 20
141.07018890750047
 10
52.08775358272846
 20
141.03647868974502
 10
52.04459798994975
 20
141.01025963149078
 10
51.99590545319189
 20
140.99153173273777
 10
51.94167597245487
 20
140.98029499348596
 10
51.881909547738694
 20
140.97654941373534
  0
LWPOLYLINE
  5
ED
330
17
100
AcDbEntity
  8
LETRAS
100
AcDbPolyline
 90
71
 70
1
 10
50.005862646566165
 20
140.97654941373534
 10
49.98599478875861
 20
140.97703796761587
 10
49.96547552577704
 20
140.9785036292574
 10
49.94430485762144
 20
140.98094639865997
 10
49.92248278429183
 20
140.98436627582356
 10
49.9000093057882
 20
140.9887632607482
 10
49.87688442211056
 20
140.99413735343384
 10
49.87688442211056
 20
141.03517587939697
 10
49.884538432905266
 20
141.0455169365345
 10
49.89186674111297
 20
141.0569979527266
 10
49.89886934673367
 20
141.0696189279732
 10
49.905546249767355
 20
141.08337986227434
 10
49.911897450214035
 20
141.09828075563001
 10
49.9179229480737
 20
141.1143216080402
 10
49.92329704075935
 20
141.13280522985298
 10
49.92769402568398
 20
141.15503443141634
 10
49.93111390284757
 20
141.18100921273032
 10
49.93355667225014
 20
141.2107295737949
 10
49.93502233389168
 20
141.24419551461008
 10
49.935510887772196
 20
141.28140703517587
 10
49.935510887772196
 20
142.11976549413734
 10
49.938035082821514
 20
142.2186162292946
 10
49.945607667969476
 20
142.30802158942862
 10
49.95822864321608
 20
142.38798157453937
 10
49.97589800856133
 20
142.45849618462682
 10
49.998615764005216
 20
142.51956541969105
 10
50.02638190954774
 20
142.57118927973198
 10
50.05838218872139
 20
142.6141820212172
 10
50.09380234505863
 20
142.64935790061418
 10
50.13264237855947
 20
142.67671691792296
 10
50.1749022892239
 20
142.6962590731435
 10
50.22058207705193
 20
142.7079843662758
 10
50.26968174204355
 20
142.71189279731993
 10
50.27733575283827
 20
142.71181137167318
 10
50.28466406104597
 20
142.7115670947329
 10
50.29166666666667
 20
142.71115996649917
 10
50.29834356970036
 20
142.7105899869719
 10
50.30469477014703
 20
142.70985715615112
 10
50.310720268006705
 20
142.70896147403684
 10
50.31707146845338
 20
142.70774008933557
 10
50.32439977666108
 20
142.70603015075378
 10
50.33270519262982
 20
142.70383165829145
 10
50.341987716359576
 20
142.70114461194862
 10
50.352247347850366
 20
142.6979690117253
 10
50.36348408710218
 20
142.69430485762143
 10
50.36348408710218
 20
142.65912897822446
 10
50.352247347850366
 20
142.6464265773311
 10
50.341987716359576
 20
142.63176996091568
 10
50.33270519262982
 20
142.61515912897823
 10
50.32439977666108
 20
142.5965940815187
 10
50.31707146845338
 20
142.57607481853714
 10
50.310720268006705
 20
142.5536013400335
 10
50.30550902661456
 20
142.52933649730133
 10
50.30160059557045
 20
142.5034431416341
 10
50.298994974874375
 20
142.47592127303182
 10
50.29769216452634
 20
142.4467708914945
 10
50.29769216452634
 20
142.41599199702216
 10
50.298994974874375
 20
142.38358458961474
 10
50.345896147403685
 20
141.41624790619767
 10
50.34662897822446
 20
141.34345337800113
 10
50.34101060859855
 20
141.27749860413178
 10
50.329041038525965
 20
141.21838358458962
 10
50.310720268006705
 20
141.16610831937464
 10
50.28604829704076
 20
141.1206728084869
 10
50.255025125628144
 20
141.0820770519263
 10
50.2196049692909
 20
141.04983249581238
 10
50.18174204355109
 20
141.02345058626466
 10
50.14143634840871
 20
141.0029313232831
 10
50.09868788386377
 20
140.98827470686768
 10
50.05349664991625
 20
140.97948073701843
 10
50.005862646566165
 20
140.97654941373534
  0
LWPOLYLINE
  5
EE
330
17
100
AcDbEntity
  8
LETRAS
100
AcDbPolyline
 90
133
 70
1
 10
45.54438860971524
 20
141.0
 10
45.76716917922948
 20
141.94388609715242
 10
47.23869346733668
 20
141.94388609715242
 10
47.2876302810348
 20
141.94592173832123
 10
47.332821514982314
 20
141.95202866182765
 10
47.37426716917923
 20
141.96220686767168
 10
47.41196724362553
 20
141.97645635585334
 10
47.44592173832123
 20
141.9947771263726
 10
47.47613065326633
 20
142.01716917922948
 10
47.50324539363484
 20
142.04330681183697
 10
47.52791736460078
 20
142.07286432160805
 10
47.55014656616415
 20
142.10584170854273
 10
47.56993299832496
 20
142.142238972641
 10
47.58727666108319
 20
142.18205611390286
 10
47.60217755443886
 20
142.22529313232832
 10
47.61471710403871
 20
142.27203145356413
 10
47.62497673552949
 20
142.32235250325704
 10
47.63295644891122
 20
142.37625628140702
 10
47.63865624418388
 20
142.43374278801414
 10
47.64207612134747
 20
142.49481202307837
 10
47.643216080402006
 20
142.55946398659967
 10
47.63971477759166
 20
142.6665387120789
 10
47.629210869160616
 20
142.76498231900243
 10
47.61170435510888
 20
142.85479480737018
 10
47.58719523543644
 20
142.9359761771822
 10
47.555683510143304
 20
143.0085264284385
 10
47.51716917922948
 20
143.07244556113903
 10
47.46953517587939
 20
143.12708217010982
 10
47.410664433277496
 20
143.1717848501768
 10
47.340556951423785
 20
143.20655360134003
 10
47.259212730318254
 20
143.23138842359947
 10
47.166631769960915
 20
143.24628931695514
 10
47.062814070351756
 20
143.25125628140702
 10
46.06616415410385
 20
143.25125628140702
 10
46.00126791364228
 20
143.25426903033687
 10
45.943374278801414
 20
143.2633072771264
 10
45.89248324958124
 20
143.27837102177554
 10
45.848594825981756
 20
143.2994602642844
 10
45.81170900800298
 20
143.32657500465288
 10
45.78182579564489
 20
143.35971524288107
 10
45.75764237855946
 20
143.39920668155594
 10
45.73785594639866
 20
143.44537502326446
 10
45.72246649916248
 20
143.4982202680067
 10
45.711474036850916
 20
143.55774241578263
 10
45.704878559463985
 20
143.6239414665922
 10
45.70268006700167
 20
143.6968174204355
 10
45.70373860040945
 20
143.758782337614
 10
45.70691420063279
 20
143.81960729573794
 10
45.71220686767169
 20
143.87929229480736
 10
45.71961660152615
 20
143.93783733482226
 10
45.729143402196165
 20
143.99524241578263
 10
45.74078726968174
 20
144.05150753768845
 10
45.7536525218686
 20
144.10589986971897
 10
45.76684347664247
 20
144.1576865810534
 10
45.780360134003345
 20
144.20686767169178
 10
45.79420249395123
 20
144.2534431416341
 10
45.80837055648613
 20
144.29741299088033
 10
45.82286432160804
 20
144.33877721943048
 10
45.83678810720268
 20
144.37664014517028
 10
45.849246231155774
 20
144.4101060859855
 10
45.86023869346733
 20
144.43917504187604
 10
45.86976549413735
 20
144.463847012842
 10
45.877826633165824
 20
144.4841219988833
 10
45.88442211055276
 20
144.5
 10
45.99581239530988
 20
144.5
 10
45.99581239530988
 20
144.3710217755444
 10
45.99678950307091
 20
144.3501768099758
 10
45.999720826353986
 20
144.33063465475527
 10
46.00460636515913
 20
144.31239530988276
 10
46.011446119486315
 20
144.29545877535827
 10
46.020240089335566
 20
144.27982505118183
 10
46.030988274706864
 20
144.26549413735344
 10
46.04369067560022
 20
144.25295458775358
 10
46.05834729201563
 20
144.2426949562628
 10
46.074958123953095
 20
144.23471524288107
 10
46.09352317141261
 20
144.22901544760842
 10
46.11404243439419
 20
144.22559557044482
 10
46.13651591289782
 20
144.22445561139028
 10
47.16834170854271
 20
144.22445561139028
 10
47.236739251814626
 20
144.2218499906942
 10
47.30122836404243
 20
144.214033128606
 10
47.361809045226124
 20
144.20100502512562
 10
47.418481295365716
 20
144.1827656802531
 10
47.47124511446119
 20
144.15931509398845
 10
47.52010050251256
 20
144.13065326633165
 10
47.56521031081332
 20
144.09710589986972
 10
47.60673739065699
 20
144.05899869718965
 10
47.644681742043545
 20
144.01633165829145
 10
47.67904336497301
 20
143.96910478317514
 10
47.709822259445374
 20
143.9173180718407
 10
47.73701842546063
 20
143.86097152428812
 10
47.74385817978782
 20
143.84582635399218
 10
47.75265214963707
 20
143.82384142936905
 10
47.76340033500837
 20
143.79501675041877
 10
47.77610273590173
 20
143.75935231714126
 10
47.79075935231714
 20
143.71684812953657
 10
47.8073701842546
 20
143.6675041876047
 10
47.82487669830634
 20
143.61132049134562
 10
47.84222036106458
 20
143.54829704075937
 10
47.85940117252931
 20
143.4784338358459
 10
47.87641913270053
 20
143.40173087660526
 10
47.89327424157826
 20
143.3181881630374
 10
47.90996649916248
 20
143.22780569514237
 10
47.92519309510515
 20
143.13058347292016
 10
47.93765121905825
 20
143.02652149637075
 10
47.94734087102177
 20
142.91561976549414
 10
47.954262050995716
 20
142.79787828029035
 10
47.95841475898008
 20
142.67329704075937
 10
47.959798994974875
 20
142.54187604690117
 10
47.95727479992555
 20
142.37438349153174
 10
47.94970221477759
 20
142.21975618834915
 10
47.93708123953098
 20
142.07799413735344
 10
47.91941187418574
 20
141.94909733854456
 10
47.896694118741856
 20
141.83306579192256
 10
47.86892797319933
 20
141.72989949748742
 10
47.83725339661269
 20
141.63650428066256
 10
47.80281034803647
 20
141.54978596687138
 10
47.76559882747068
 20
141.4697445561139
 10
47.725618834915316
 20
141.39638004839009
 10
47.68287037037037
 20
141.32969244369997
 10
47.63735343383584
 20
141.26968174204356
 10
47.59973478503629
 20
141.22660757491158
 10
47.56113902847571
 20
141.18727898753025
 10
47.5215661641541
 20
141.1516959798995
 10
47.481016192071465
 20
141.11985855201937
 10
47.439489112227804
 20
141.09176670388982
 10
47.39698492462311
 20
141.06742043551088
 10
47.3536664805509
 20
141.04681974688256
 10
47.30969663130467
 20
141.02996463800483
 10
47.26507537688442
 20
141.01685510887773
 10
47.21980271729015
 20
141.0074911595012
 10
47.173878652521864
 20
141.0018727898753
 10
47.12730318257956
 20
141.0
  0
LWPOLYLINE
  5
EF
330
17
100
AcDbEntity
  8
LETRAS
100
AcDbPolyline
 90
126
 70
1
 10
43.90871021775544
 20
140.93551088777218
 10
43.72110552763819
 20
140.9447119858552
 10
43.54913456169737
 20
140.97231528010423
 10
43.392797319932995
 20
141.01832077051927
 10
43.25209380234505
 20
141.08272845710033
 10
43.12702400893355
 20
141.1655383398474
 10
43.01758793969849
 20
141.26675041876047
 10
42.92443699981388
 20
141.3837590731435
 10
42.848222594453745
 20
141.5139586823004
 10
42.78894472361809
 20
141.65734924623115
 10
42.7466033873069
 20
141.81393076493578
 10
42.721198585520185
 20
141.9837032384143
 10
42.712730318257954
 20
142.16666666666666
 10
42.714603108133254
 20
142.26388888888889
 10
42.72022147775916
 20
142.356225572306
 10
42.729585427135675
 20
142.44367671691793
 10
42.74269495626279
 20
142.52624232272473
 10
42.75955006514051
 20
142.60392238972642
 10
42.78015075376884
 20
142.67671691792296
 10
42.80311278615298
 20
142.74503303554812
 10
42.827051926298154
 20
142.80927787083567
 10
42.85196817420435
 20
142.8694514237856
 10
42.87786152987157
 20
142.9255536943979
 10
42.904731993299826
 20
142.9775846826726
 10
42.9325795644891
 20
143.02554438860972
 10
42.95985715615112
 20
143.0697585147962
 10
42.98501768099757
 20
143.1105527638191
 10
43.00806113902847
 20
143.1479271356784
 10
43.0289875302438
 20
143.18188163037408
 10
43.047796854643586
 20
143.2124162479062
 10
43.0644891122278
 20
143.2395309882747
 10
43.0644891122278
 20
143.25125628140702
 10
43.029313232830816
 20
143.25125628140702
 10
42.96612693095105
 20
143.25426903033687
 10
42.90945468081146
 20
143.2633072771264
 10
42.859296482412056
 20
143.27837102177554
 10
42.81565233575283
 20
143.2994602642844
 10
42.778522240833794
 20
143.32657500465288
 10
42.747906197654935
 20
143.35971524288107
 10
42.722827098455234
 20
143.39920668155594
 10
42.70230783547366
 20
143.44537502326446
 10
42.68634840871021
 20
143.4982202680067
 10
42.67494881816489
 20
143.55774241578263
 10
42.668109063837704
 20
143.6239414665922
 10
42.66582914572864
 20
143.6968174204355
 10
42.666887679136416
 20
143.758782337614
 10
42.67006327935976
 20
143.81960729573794
 10
42.67535594639865
 20
143.87929229480736
 10
42.68276568025311
 20
143.93783733482226
 10
42.69229248092313
 20
143.99524241578263
 10
42.7039363484087
 20
144.05150753768845
 10
42.716883026242314
 20
144.10589986971897
 10
42.73031825795644
 20
144.1576865810534
 10
42.74424204355108
 20
144.20686767169178
 10
42.75865438302624
 20
144.2534431416341
 10
42.773555276381906
 20
144.29741299088033
 10
42.78894472361809
 20
144.33877721943048
 10
42.803764191327
 20
144.37664014517028
 10
42.81695514610087
 20
144.4101060859855
 10
42.82851758793969
 20
144.43917504187604
 10
42.83845151684347
 20
144.463847012842
 10
42.846756932812205
 20
144.4841219988833
 10
42.85343383584589
 20
144.5
 10
42.96482412060301
 20
144.5
 10
42.96482412060301
 20
144.3710217755444
 10
42.96571980271728
 20
144.3501768099758
 10
42.96840684906011
 20
144.33063465475527
 10
42.97288525963148
 20
144.31239530988276
 10
42.97915503443141
 20
144.29545877535827
 10
42.987216173459885
 20
144.27982505118183
 10
42.997068676716914
 20
144.26549413735344
 10
43.00887539549599
 20
144.25295458775358
 10
43.02279918109063
 20
144.2426949562628
 10
43.03884003350083
 20
144.23471524288107
 10
43.05699795272659
 20
144.22901544760842
 10
43.077272938767905
 20
144.22559557044482
 10
43.099664991624785
 20
144.22445561139028
 10
44.31909547738693
 20
144.22445561139028
 10
44.39091289782244
 20
144.22176856504746
 10
44.45784477945281
 20
144.21370742601897
 10
44.519891122278054
 20
144.20027219430486
 10
44.577051926298154
 20
144.1814628699051
 10
44.62932719151311
 20
144.15727945281967
 10
44.676716917922946
 20
144.12772194304858
 10
44.72019821328866
 20
144.09344174576586
 10
44.7607481853713
 20
144.05509026614556
 10
44.79836683417085
 20
144.01266750418762
 10
44.83305415968732
 20
143.96617345989205
 10
44.86481016192071
 20
143.9156081332589
 10
44.893634840871016
 20
143.86097152428812
 10
44.903975898008554
 20
143.84419784105714
 10
44.915456914200625
 20
143.821235808673
 10
44.92807788944723
 20
143.79208542713567
 10
44.94183882374836
 20
143.7567466964452
 10
44.956739717104035
 20
143.71521961660153
 10
44.972780569514235
 20
143.6675041876047
 10
44.989228550158195
 20
143.6137632607482
 10
45.00535082821514
 20
143.55415968732552
 10
45.021147403685084
 20
143.48869346733667
 10
45.03661827656802
 20
143.4173646007817
 10
45.051763446863944
 20
143.34017308766053
 10
45.06658291457286
 20
143.2571189279732
 10
45.08001814628698
 20
143.1675507165457
 10
45.091010608598545
 20
143.070817048204
 10
45.09956030150753
 20
142.96691792294808
 10
45.10566722501395
 20
142.85585334077797
 10
45.109331379117805
 20
142.73762330169365
 10
45.110552763819086
 20
142.61222780569514
 10
45.106888609715234
 20
142.43520844965568
 10
45.09589614740368
 20
142.2676344686395
 10
45.07757537688442
 20
142.10950586264656
 10
45.05192629815745
 20
141.9608226316769
 10
45.01894891122277
 20
141.8215847757305
 10
44.9786432160804
 20
141.69179229480736
 10
44.93084636143681
 20
141.57185231714126
 10
44.875395495998504
 20
141.46217197096595
 10
44.81229061976549
 20
141.3627512562814
 10
44.741531732737755
 20
141.27359017308765
 10
44.66311883491531
 20
141.1946887213847
 10
44.577051926298154
 20
141.12604690117254
 10
44.48357528382653
 20
141.06782756374466
 10
44.382933184440716
 20
141.02019356039457
 10
44.2751256281407
 20
140.98314489112227
 10
44.16015261492648
 20
140.9566815559278
 10
44.03801414479806
 20
140.94080355481108
 10
43.90871021775544
 20
140.93551088777218
  0
LWPOLYLINE
  5
F0
330
17
100
AcDbEntity
  8
LETRAS
100
AcDbPolyline
 90
61
 70
1
 10
43.28726968174204
 20
143.25125628140702
 10
43.275055834729194
 20
143.2289456541969
 10
43.261864879955326
 20
143.20500651405175
 10
43.24769681742043
 20
143.17943886097152
 10
43.2325516471245
 20
143.15224269495627
 10
43.216429369067555
 20
143.12341801600596
 10
43.19932998324958
 20
143.0929648241206
 10
43.182067746138095
 20
143.06063884235994
 10
43.165456914200625
 20
143.02619579378373
 10
43.14949748743718
 20
142.98963567839195
 10
43.134189465847754
 20
142.95095849618463
 10
43.11953284943234
 20
142.91016424716173
 10
43.10552763819095
 20
142.8672529313233
 10
43.0929880885911
 20
142.82206169737577
 10
43.08272845710031
 20
142.7744276940257
 10
43.07474874371859
 20
142.72435092127304
 10
43.069048948445925
 20
142.6718313791178
 10
43.06562907128233
 20
142.61686906756003
 10
43.0644891122278
 20
142.55946398659967
 10
43.070270333147214
 20
142.43830262423228
 10
43.08761399590545
 20
142.3288665549972
 10
43.116520100502505
 20
142.23115577889448
 10
43.15698864693839
 20
142.14517029592406
 10
43.209019635213096
 20
142.070910106086
 10
43.272613065326624
 20
142.00837520938023
 10
43.34809463986599
 20
141.95642564675228
 10
43.435790061418196
 20
141.9139214591476
 10
43.535699329983245
 20
141.88086264656616
 10
43.64782244556113
 20
141.857249209008
 10
43.772159408151865
 20
141.8430811464731
 10
43.90871021775544
 20
141.83835845896147
 10
44.05617206402382
 20
141.84373255164712
 10
44.18979155034431
 20
141.85985482970406
 10
44.309568676716914
 20
141.88672529313232
 10
44.41550344314163
 20
141.92434394193188
 10
44.507595849618454
 20
141.97271077610273
 10
44.5858458961474
 20
142.0318257956449
 10
44.65123069048948
 20
142.10152614926486
 10
44.704727340405725
 20
142.18164898566909
 10
44.74633584589614
 20
142.27219430485763
 10
44.776056206960725
 20
142.37316210683045
 10
44.79388842359947
 20
142.48455239158756
 10
44.79983249581239
 20
142.60636515912898
 10
44.79836683417085
 20
142.6730527638191
 10
44.793969849246224
 20
142.73632049134562
 10
44.78664154103852
 20
142.79616834170855
 10
44.77638190954773
 20
142.85259631490788
 10
44.76319095477386
 20
142.9056044109436
 10
44.747068676716914
 20
142.95519262981574
 10
44.72760794714312
 20
143.00119812023078
 10
44.70440163781872
 20
143.0434580308952
 10
44.67744974874371
 20
143.08197236180905
 10
44.646752279918104
 20
143.11674111297228
 10
44.61230923134189
 20
143.1477642843849
 10
44.57412060301507
 20
143.1750418760469
 10
44.53153498976363
 20
143.19832961101807
 10
44.483900986413545
 20
143.2173832123581
 10
44.43121859296482
 20
143.232202680067
 10
44.373487809417455
 20
143.2427880141448
 10
44.31070863577144
 20
143.24913921459148
 10
44.2428810720268
 20
143.25125628140702
  0
LWPOLYLINE
  5
F1
330
17
100
AcDbEntity
  8
LETRAS
100
AcDbPolyline
 90
250
 70
1
 10
41.792294807370176
 20
140.93551088777218
 10
41.7896891866741
 20
140.95187744276942
 10
41.78578075562999
 20
140.96970965940815
 10
41.78056951423785
 20
140.98900753768845
 10
41.774055462497664
 20
141.00977107761028
 10
41.766238600409444
 20
141.03200027917364
 10
41.75711892797319
 20
141.05569514237857
 10
41.745393634840866
 20
141.08118136981201
 10
41.72975991066443
 20
141.10878466406103
 10
41.71021775544388
 20
141.13850502512562
 10
41.68676716917922
 20
141.17034245300576
 10
41.65940815187045
 20
141.20429694770147
 10
41.62814070351758
 20
141.24036850921274
 10
40.1859296482412
 20
142.87018425460636
 10
40.08040201005024
 20
142.70603015075378
 10
40.056707146845326
 20
142.66515447608413
 10
40.03643216080401
 20
142.6246045040015
 10
40.01957705192629
 20
142.58438023450586
 10
40.006141820212164
 20
142.54448166759724
 10
39.99612646566163
 20
142.50490880327564
 10
39.9895309882747
 20
142.46566164154103
 10
39.98635538805136
 20
142.42722873627397
 10
39.986599664991616
 20
142.3900986413549
 10
39.99026381909547
 20
142.35427135678393
 10
39.997347850362914
 20
142.31974688256096
 10
40.00785175879396
 20
142.28652521868602
 10
40.0217755443886
 20
142.25460636515913
 10
40.29145728643215
 20
141.7211055276382
 10
40.32598176065512
 20
141.64668248650662
 10
40.35529499348594
 20
141.57584217383211
 10
40.37939698492461
 20
141.50858458961474
 10
40.39828773497114
 20
141.44490973385444
 10
40.411967243625526
 20
141.38481760655128
 10
40.42043551088776
 20
141.3283082077052
 10
40.42401823934486
 20
141.27359017308765
 10
40.42304113158384
 20
141.21887213847012
 10
40.41750418760468
 20
141.1641541038526
 10
40.4074074074074
 20
141.10943606923507
 10
40.39275079099199
 20
141.05471803461754
 10
40.37353433835845
 20
141.0
 10
39.44137353433835
 20
141.0
 10
39.44137353433835
 20
141.19346733668343
 10
39.5644891122278
 20
141.19346733668343
 10
39.589812488367755
 20
141.19566582914572
 10
39.6110645821701
 20
141.20226130653268
 10
39.628245393634835
 20
141.21325376884423
 10
39.64135492276195
 20
141.2286432160804
 10
39.65039316955145
 20
141.2484296482412
 10
39.65536013400334
 20
141.27261306532662
 10
39.65690722129163
 20
141.30249627768472
 10
39.65568583659035
 20
141.3393820956635
 10
39.651695979899486
 20
141.383270519263
 10
39.64493765121905
 20
141.43416154848316
 10
39.635410850549036
 20
141.49205518332403
 10
39.623115577889436
 20
141.5569514237856
 10
39.55862646566163
 20
141.86180904522612
 10
39.549751070165634
 20
141.91725991066443
 10
39.54266703889819
 20
141.97026800670017
 10
39.537374371859286
 20
142.02083333333334
 10
39.53387306904894
 20
142.06895589056393
 10
39.53216313046714
 20
142.11463567839195
 10
39.532244556113895
 20
142.1578726968174
 10
39.53501302810347
 20
142.20029545877537
 10
39.54136422855015
 20
142.24353247720083
 10
39.55129815745393
 20
142.2875837520938
 10
39.56481481481481
 20
142.3324492834543
 10
39.58191420063279
 20
142.37812907128233
 10
39.60259631490786
 20
142.4246231155779
 10
39.6271054345803
 20
142.47347850362925
 10
39.65568583659035
 20
142.52624232272473
 10
39.68833752093801
 20
142.58291457286433
 10
39.725060487623296
 20
142.64349525404802
 10
39.76585473664618
 20
142.7079843662758
 10
39.81072026800669
 20
142.77638190954775
 10
40.010050251256274
 20
143.0753768844221
 10
39.67587939698492
 20
143.4505862646566
 10
39.64640331286059
 20
143.48413363111857
 10
39.62050995719336
 20
143.5183324027545
 10
39.59819932998324
 20
143.5531825795645
 10
39.57947143123022
 20
143.58868416154849
 10
39.564326260934294
 20
143.6248371487065
 10
39.55276381909547
 20
143.66164154103853
 10
39.54380699795272
 20
143.69844593337055
 10
39.53647868974501
 20
143.73459892052858
 10
39.530778894472355
 20
143.77010050251255
 10
39.526707612134736
 20
143.80495067932253
 10
39.52426484273217
 20
143.8391494509585
 10
39.523450586264644
 20
143.87269681742043
 10
39.52573050437371
 20
143.93449888330542
 10
39.5325702587009
 20
143.99483528754885
 10
39.543969849246224
 20
144.05370603015075
 10
39.55992927600967
 20
144.11111111111111
 10
39.58044853899124
 20
144.16705053042992
 10
39.60552763819095
 20
144.2215242881072
 10
39.632398101619195
 20
144.27404383026243
 10
39.658291457286424
 20
144.32412060301507
 10
39.68320770519262
 20
144.37175460636516
 10
39.70714684533779
 20
144.41694584031268
 10
39.73010887772193
 20
144.45969430485763
 10
39.75209380234505
 20
144.5
 10
39.86348408710217
 20
144.5
 10
39.86348408710217
 20
144.45896147403684
 10
39.86486832309696
 20
144.43029964638004
 10
39.869021031081324
 20
144.40294062907128
 10
39.87594221105527
 20
144.37688442211055
 10
39.88563186301879
 20
144.35213102549787
 10
39.89808998697189
 20
144.3286804392332
 10
39.91331658291456
 20
144.30653266331657
 10
39.93033454308579
 20
144.284710589987
 10
39.94816675972454
 20
144.26223711148333
 10
39.96681323283081
 20
144.2391122278057
 10
39.98627396240461
 20
144.21533593895404
 10
40.006548948445925
 20
144.19090824492835
 10
40.02763819095477
 20
144.16582914572865
 10
41.258793969849236
 20
142.77051926298157
 10
41.263353806067364
 20
142.79022426949564
 10
41.26921645263353
 20
142.81025497859667
 10
41.27638190954773
 20
142.83061139028476
 10
41.28485017680997
 20
142.85129350455983
 10
41.29462125442024
 20
142.87230132142193
 10
41.30569514237855
 20
142.89363484087102
 10
41.32556300018611
 20
142.92653080215894
 10
41.34608226316768
 20
142.95877535827285
 10
41.36725293132327
 20
142.99036850921274
 10
41.38907500465289
 20
143.0213102549786
 10
41.411548483156515
 20
143.05160059557045
 10
41.43467336683416
 20
143.08123953098828
 10
41.59296482412059
 20
143.26298157453937
 10
41.46984924623115
 20
143.28056951423787
 10
41.40153312860598
 20
143.2932719151312
 10
41.34119672436255
 20
143.31183696259072
 10
41.288840033500826
 20
143.3362646566164
 10
41.244463056020834
 20
143.36655499720825
 10
41.208065791922564
 20
143.4027079843663
 10
41.179648241206024
 20
143.44472361809045
 10
41.157256188349145
 20
143.49081053415225
 10
41.138935417829884
 20
143.5391773683231
 10
41.12468592964823
 20
143.58982412060303
 10
41.114507723804195
 20
143.642750790992
 10
41.10840080029778
 20
143.69795737949005
 10
41.10636515912897
 20
143.75544388609714
 10
41.10856365159128
 20
143.83809091755072
 10
41.11515912897821
 20
143.9179694770147
 10
41.126151591289776
 20
143.99507956448912
 10
41.14154103852596
 20
144.06942117997394
 10
41.16132747068676
 20
144.1409943234692
 10
41.18551088777218
 20
144.20979899497488
 10
41.21067141261864
 20
144.27404383026243
 10
41.23338916806252
 20
144.3319374651033
 10
41.253664154103845
 20
144.38347989949747
 10
41.2714963707426
 20
144.428671133445
 10
41.28688581797877
 20
144.46751116694583
 10
41.29983249581239
 20
144.5
 10
41.4112227805695
 20
144.5
 10
41.4112227805695
 20
144.41206030150755
 10
41.412199888330534
 20
144.3856783919598
 10
41.41513121161361
 20
144.3612506979341
 10
41.42001675041875
 20
144.33877721943048
 10
41.42685650474594
 20
144.31825795644892
 10
41.43565047459519
 20
144.29969290898939
 10
41.44639865996649
 20
144.28308207705192
 10
41.460078168620875
 20
144.2684254606365
 10
41.47766610831937
 20
144.25572305974316
 10
41.499162479061965
 20
144.24497487437185
 10
41.52456728084868
 20
144.23618090452263
 10
41.5538805136795
 20
144.2293411501954
 10
41.58710217755443
 20
144.22445561139028
 10
41.89782244556113
 20
144.18341708542712
 10
41.951644798064386
 20
144.17242462311557
 10
41.999767355294985
 20
144.15508096035734
 10
42.04219011725292
 20
144.13138609715242
 10
42.078913083938204
 20
144.10134003350083
 10
42.10993625535082
 20
144.06494276940256
 10
42.135259631490776
 20
144.02219430485763
 10
42.1558603201191
 20
143.97472315280103
 10
42.172715428996824
 20
143.92415782616789
 10
42.185824958123945
 20
143.87049832495813
 10
42.19518890750046
 20
143.81374464917178
 10
42.200807277126366
 20
143.75389679880885
 10
42.202680067001666
 20
143.69095477386935
 10
42.20178438488739
 20
143.64389075004652
 10
42.19909733854457
 20
143.5965010236367
 10
42.19461892797319
 20
143.54878559463987
 10
42.18834915317326
 20
143.500744463056
 10
42.180288014144786
 20
143.45237762888516
 10
42.17043551088776
 20
143.4036850921273
 10
42.159117345989195
 20
143.35515540666293
 10
42.1466592220361
 20
143.3072771263726
 10
42.13306113902847
 20
143.26005025125627
 10
42.11832309696631
 20
143.21347478131398
 10
42.10244509584961
 20
143.1675507165457
 10
42.08542713567838
 20
143.12227805695142
 10
42.02680067001674
 20
143.12227805695142
 10
42.02036804392331
 20
143.13726037595384
 10
42.01279545877535
 20
143.15093988460822
 10
42.004082914572855
 20
143.16331658291458
 10
41.99423041131583
 20
143.17439047087288
 10
41.98323794900427
 20
143.18416154848316
 10
41.97110552763818
 20
143.1926298157454
 10
41.95636748557602
 20
143.2002838265401
 10
41.93755816117624
 20
143.20761213474782
 10
41.91467755443885
 20
143.21461474036852
 10
41.887725665363845
 20
143.2212916434022
 10
41.85670249395123
 20
143.22764284384888
 10
41.821608040201
 20
143.23366834170855
 10
41.78643216080401
 20
143.2395309882747
 10
41.68676716917922
 20
143.08710217755444
 10
41.66046668527824
 20
143.0428066257212
 10
41.636283268192805
 20
142.999813884236
 10
41.61421691792294
 20
142.95812395309883
 10
41.59426763446863
 20
142.91773683230969
 10
41.576435417829884
 20
142.87865252186862
 10
41.56072026800669
 20
142.84087102177554
 10
41.54712218499906
 20
142.80406662944353
 10
41.53564116880699
 20
142.7679136422855
 10
41.526277219430476
 20
142.7324120603015
 10
41.51903033686953
 20
142.69756188349155
 10
41.51390052112413
 20
142.66336311185557
 10
41.510887772194295
 20
142.62981574539364
 10
41.50925925925925
 20
142.60620230783547
 10
41.50828215149822
 20
142.58226316769031
 10
41.507956448911216
 20
142.55799832495813
 10
41.50828215149822
 20
142.53340777963894
 10
41.50925925925925
 20
142.50849153173274
 10
41.510887772194295
 20
142.48324958123953
 10
41.86850921273031
 20
142.0787269681742
 10
41.89912525590917
 20
142.04265540666293
 10
41.928438488739985
 20
142.00479248092313
 10
41.95644891122277
 20
141.96513819095478
 10
41.98315652335752
 20
141.92369253675787
 10
42.00856132514423
 20
141.8804555183324
 10
42.032663316582905
 20
141.8354271356784
 10
42.05415968732551
 20
141.78828168620882
 10
42.071747627024
 20
141.73869346733667
 10
42.08542713567838
 20
141.68666247906197
 10
42.095198213288654
 20
141.6321887213847
 10
42.10106085985482
 20
141.57527219430486
 10
42.103015075376874
 20
141.51591289782243
 10
42.10106085985482
 20
141.45818211427508
 10
42.095198213288654
 20
141.40224269495627
 10
42.08542713567838
 20
141.348094639866
 10
42.071747627024
 20
141.2957379490043
 10
42.05415968732551
 20
141.24517262237111
 10
42.032663316582905
 20
141.1963986599665
 10
42.009049879024744
 20
141.14925321049694
 10
41.98511073887958
 20
141.1035734226689
 10
41.9608458961474
 20
141.0593592964824
 10
41.936255350828205
 20
141.01661083193747
 10
41.91133910292201
 20
140.97532802903405
 10
41.8860971524288
 20
140.93551088777218
  0
LWPOLYLINE
  5
F2
330
17
100
AcDbEntity
  8
LETRAS
100
AcDbPolyline
 90
250
 70
1
 10
37.295644891122265
 20
140.93551088777218
 10
37.29303927042619
 20
140.95187744276942
 10
37.28913083938208
 20
140.96970965940815
 10
37.283919597989936
 20
140.98900753768845
 10
37.27740554624975
 20
141.00977107761028
 10
37.26958868416153
 20
141.03200027917364
 10
37.26046901172528
 20
141.05569514237857
 10
37.248743718592955
 20
141.08118136981201
 10
37.233109994416516
 20
141.10878466406103
 10
37.21356783919597
 20
141.13850502512562
 10
37.19011725293131
 20
141.17034245300576
 10
37.16275823562255
 20
141.20429694770147
 10
37.13149078726967
 20
141.24036850921274
 10
35.68927973199329
 20
142.87018425460636
 10
35.58375209380233
 20
142.70603015075378
 10
35.560057230597415
 20
142.66515447608413
 10
35.5397822445561
 20
142.6246045040015
 10
35.52292713567838
 20
142.58438023450586
 10
35.50949190396425
 20
142.54448166759724
 10
35.49947654941372
 20
142.50490880327564
 10
35.49288107202679
 20
142.46566164154103
 10
35.48970547180345
 20
142.42722873627397
 10
35.489949748743705
 20
142.3900986413549
 10
35.49361390284756
 20
142.35427135678393
 10
35.500697934115
 20
142.31974688256096
 10
35.51120184254605
 20
142.28652521868602
 10
35.52512562814069
 20
142.25460636515913
 10
35.794807370184245
 20
141.7211055276382
 10
35.82933184440721
 20
141.64668248650662
 10
35.85864507723803
 20
141.57584217383211
 10
35.8827470686767
 20
141.50858458961474
 10
35.90163781872323
 20
141.44490973385444
 10
35.915317327377615
 20
141.38481760655128
 10
35.92378559463985
 20
141.3283082077052
 10
35.92736832309695
 20
141.27359017308765
 10
35.926391215335926
 20
141.21887213847012
 10
35.920854271356774
 20
141.1641541038526
 10
35.91075749115949
 20
141.10943606923507
 10
35.89610087474408
 20
141.05471803461754
 10
35.87688442211054
 20
141.0
 10
34.944723618090435
 20
141.0
 10
34.944723618090435
 20
141.19346733668343
 10
35.067839195979886
 20
141.19346733668343
 10
35.093162572119844
 20
141.19566582914572
 10
35.11441466592219
 20
141.20226130653268
 10
35.131595477386924
 20
141.21325376884423
 10
35.14470500651404
 20
141.2286432160804
 10
35.15374325330354
 20
141.2484296482412
 10
35.15871021775543
 20
141.27261306532662
 10
35.16025730504372
 20
141.30249627768472
 10
35.15903592034244
 20
141.3393820956635
 10
35.155046063651575
 20
141.383270519263
 10
35.14828773497114
 20
141.43416154848316
 10
35.138760934301125
 20
141.49205518332403
 10
35.126465661641525
 20
141.5569514237856
 10
35.06197654941372
 20
141.86180904522612
 10
35.05310115391772
 20
141.91725991066443
 10
35.04601712265028
 20
141.97026800670017
 10
35.040724455611375
 20
142.02083333333334
 10
35.037223152801026
 20
142.06895589056393
 10
35.03551321421923
 20
142.11463567839195
 10
35.035594639865984
 20
142.1578726968174
 10
35.03836311185556
 20
142.20029545877537
 10
35.04471431230224
 20
142.24353247720083
 10
35.05464824120602
 20
142.2875837520938
 10
35.0681648985669
 20
142.3324492834543
 10
35.08526428438488
 20
142.37812907128233
 10
35.10594639865995
 20
142.4246231155779
 10
35.13045551833239
 20
142.47347850362925
 10
35.15903592034244
 20
142.52624232272473
 10
35.1916876046901
 20
142.58291457286433
 10
35.228410571375385
 20
142.64349525404802
 10
35.26920482039827
 20
142.7079843662758
 10
35.31407035175878
 20
142.77638190954775
 10
35.51340033500836
 20
143.0753768844221
 10
35.17922948073701
 20
143.4505862646566
 10
35.14975339661268
 20
143.48413363111857
 10
35.12386004094545
 20
143.5183324027545
 10
35.10154941373533
 20
143.5531825795645
 10
35.08282151498231
 20
143.58868416154849
 10
35.06767634468638
 20
143.6248371487065
 10
35.05611390284756
 20
143.66164154103853
 10
35.04715708170481
 20
143.69844593337055
 10
35.0398287734971
 20
143.73459892052858
 10
35.034128978224444
 20
143.77010050251255
 10
35.030057695886825
 20
143.80495067932253
 10
35.02761492648426
 20
143.8391494509585
 10
35.02680067001673
 20
143.87269681742043
 10
35.0290805881258
 20
143.93449888330542
 10
35.03592034245299
 20
143.99483528754885
 10
35.04731993299831
 20
144.05370603015075
 10
35.06327935976176
 20
144.11111111111111
 10
35.08379862274333
 20
144.16705053042992
 10
35.10887772194304
 20
144.2215242881072
 10
35.135748185371284
 20
144.27404383026243
 10
35.16164154103851
 20
144.32412060301507
 10
35.18655778894471
 20
144.37175460636516
 10
35.21049692908988
 20
144.41694584031268
 10
35.23345896147402
 20
144.45969430485763
 10
35.25544388609714
 20
144.5
 10
35.36683417085426
 20
144.5
 10
35.36683417085426
 20
144.45896147403684
 10
35.368218406849046
 20
144.43029964638004
 10
35.37237111483341
 20
144.40294062907128
 10
35.37929229480736
 20
144.37688442211055
 10
35.388981946770876
 20
144.35213102549787
 10
35.40144007072398
 20
144.3286804392332
 10
35.41666666666665
 20
144.30653266331657
 10
35.43368462683788
 20
144.284710589987
 10
35.45151684347663
 20
144.26223711148333
 10
35.4701633165829
 20
144.2391122278057
 10
35.4896240461567
 20
144.21533593895404
 10
35.509899032198014
 20
144.19090824492835
 10
35.53098827470686
 20
144.16582914572865
 10
36.762144053601325
 20
142.77051926298157
 10
36.76670388981945
 20
142.79022426949564
 10
36.77256653638562
 20
142.81025497859667
 10
36.77973199329982
 20
142.83061139028476
 10
36.78820026056206
 20
142.85129350455983
 10
36.79797133817233
 20
142.87230132142193
 10
36.80904522613064
 20
142.89363484087102
 10
36.8289130839382
 20
142.92653080215894
 10
36.84943234691977
 20
142.95877535827285
 10
36.87060301507536
 20
142.99036850921274
 10
36.89242508840498
 20
143.0213102549786
 10
36.914898566908604
 20
143.05160059557045
 10
36.93802345058625
 20
143.08123953098828
 10
37.09631490787268
 20
143.26298157453937
 10
36.97319932998324
 20
143.28056951423787
 10
36.90488321235807
 20
143.2932719151312
 10
36.844546808114636
 20
143.31183696259072
 10
36.792190117252915
 20
143.3362646566164
 10
36.74781313977292
 20
143.36655499720825
 10
36.71141587567465
 20
143.4027079843663
 10
36.68299832495811
 20
143.44472361809045
 10
36.660606272101234
 20
143.49081053415225
 10
36.64228550158197
 20
143.5391773683231
 10
36.62803601340032
 20
143.58982412060303
 10
36.617857807556284
 20
143.642750790992
 10
36.61175088404987
 20
143.69795737949005
 10
36.60971524288106
 20
143.75544388609714
 10
36.61191373534337
 20
143.83809091755072
 10
36.6185092127303
 20
143.9179694770147
 10
36.629501675041865
 20
143.99507956448912
 10
36.64489112227805
 20
144.06942117997394
 10
36.664677554438846
 20
144.1409943234692
 10
36.68886097152428
 20
144.20979899497488
 10
36.71402149637073
 20
144.27404383026243
 10
36.73673925181461
 20
144.3319374651033
 10
36.757014237855934
 20
144.38347989949747
 10
36.77484645449468
 20
144.428671133445
 10
36.79023590173086
 20
144.46751116694583
 10
36.80318257956448
 20
144.5
 10
36.91457286432159
 20
144.5
 10
36.91457286432159
 20
144.41206030150755
 10
36.91554997208262
 20
144.3856783919598
 10
36.9184812953657
 20
144.3612506979341
 10
36.92336683417084
 20
144.33877721943048
 10
36.93020658849803
 20
144.31825795644892
 10
36.93900055834728
 20
144.29969290898939
 10
36.94974874371858
 20
144.28308207705192
 10
36.963428252372964
 20
144.2684254606365
 10
36.98101619207146
 20
144.25572305974316
 10
37.002512562814054
 20
144.24497487437185
 10
37.02791736460077
 20
144.23618090452263
 10
37.05723059743159
 20
144.2293411501954
 10
37.09045226130652
 20
144.22445561139028
 10
37.40117252931322
 20
144.18341708542712
 10
37.454994881816475
 20
144.17242462311557
 10
37.503117439047074
 20
144.15508096035734
 10
37.54554020100501
 20
144.13138609715242
 10
37.58226316769029
 20
144.10134003350083
 10
37.613286339102906
 20
144.06494276940256
 10
37.638609715242865
 20
144.02219430485763
 10
37.65921040387119
 20
143.97472315280103
 10
37.67606551274892
 20
143.92415782616789
 10
37.689175041876034
 20
143.87049832495813
 10
37.69853899125255
 20
143.81374464917178
 10
37.704157360878455
 20
143.75389679880885
 10
37.706030150753755
 20
143.69095477386935
 10
37.70513446863948
 20
143.64389075004652
 10
37.70244742229666
 20
143.5965010236367
 10
37.69796901172528
 20
143.54878559463987
 10
37.69169923692535
 20
143.500744463056
 10
37.683638097896875
 20
143.45237762888516
 10
37.67378559463985
 20
143.4036850921273
 10
37.662467429741284
 20
143.35515540666293
 10
37.65000930578819
 20
143.3072771263726
 10
37.63641122278055
 20
143.26005025125627
 10
37.621673180718396
 20
143.21347478131398
 10
37.6057951796017
 20
143.1675507165457
 10
37.58877721943047
 20
143.12227805695142
 10
37.53015075376883
 20
143.12227805695142
 10
37.5237181276754
 20
143.13726037595384
 10
37.51614554252744
 20
143.15093988460822
 10
37.507432998324944
 20
143.16331658291458
 10
37.49758049506792
 20
143.17439047087288
 10
37.48658803275636
 20
143.18416154848316
 10
37.47445561139027
 20
143.1926298157454
 10
37.459717569328106
 20
143.2002838265401
 10
37.44090824492833
 20
143.20761213474782
 10
37.41802763819094
 20
143.21461474036852
 10
37.391075749115934
 20
143.2212916434022
 10
37.360052577703314
 20
143.22764284384888
 10
37.32495812395309
 20
143.23366834170855
 10
37.2897822445561
 20
143.2395309882747
 10
37.19011725293131
 20
143.08710217755444
 10
37.163816769030326
 20
143.0428066257212
 10
37.139633351944894
 20
142.999813884236
 10
37.11756700167503
 20
142.95812395309883
 10
37.09761771822072
 20
142.91773683230969
 10
37.07978550158197
 20
142.87865252186862
 10
37.06407035175878
 20
142.84087102177554
 10
37.05047226875115
 20
142.80406662944353
 10
37.03899125255908
 20
142.7679136422855
 10
37.029627303182565
 20
142.7324120603015
 10
37.022380420621616
 20
142.69756188349155
 10
37.01725060487622
 20
142.66336311185557
 10
37.014237855946384
 20
142.62981574539364
 10
37.01260934301134
 20
142.60620230783547
 10
37.01163223525031
 20
142.58226316769031
 10
37.011306532663305
 20
142.55799832495813
 10
37.01163223525031
 20
142.53340777963894
 10
37.01260934301134
 20
142.50849153173274
 10
37.014237855946384
 20
142.48324958123953
 10
37.3718592964824
 20
142.0787269681742
 10
37.40247533966126
 20
142.04265540666293
 10
37.431788572492074
 20
142.00479248092313
 10
37.45979899497486
 20
141.96513819095478
 10
37.48650660710961
 20
141.92369253675787
 10
37.51191140889632
 20
141.8804555183324
 10
37.536013400334994
 20
141.8354271356784
 10
37.5575097710776
 20
141.78828168620882
 10
37.57509771077609
 20
141.73869346733667
 10
37.58877721943047
 20
141.68666247906197
 10
37.59854829704074
 20
141.6321887213847
 10
37.60441094360691
 20
141.57527219430486
 10
37.60636515912896
 20
141.51591289782243
 10
37.60441094360691
 20
141.45818211427508
 10
37.59854829704074
 20
141.40224269495627
 10
37.58877721943047
 20
141.348094639866
 10
37.57509771077609
 20
141.2957379490043
 10
37.5575097710776
 20
141.24517262237111
 10
37.536013400334994
 20
141.1963986599665
 10
37.51239996277683
 20
141.14925321049694
 10
37.488460822631666
 20
141.1035734226689
 10
37.464195979899486
 20
141.0593592964824
 10
37.439605434580294
 20
141.01661083193747
 10
37.414689186674096
 20
140.97532802903405
 10
37.38944723618089
 20
140.93551088777218
  0
LWPOLYLINE
  5
F3
330
17
100
AcDbEntity
  8
LETRAS
100
AcDbPolyline
 90
255
 70
1
 10
33.11557788944722
 20
140.94137353433837
 10
33.07014237855945
 20
140.94397915503444
 10
33.02763819095476
 20
140.95179601712266
 10
32.98806532663315
 20
140.96482412060303
 10
32.95142378559463
 20
140.98306346547554
 10
32.91771356783918
 20
141.00651405174017
 10
32.88693467336682
 20
141.03517587939697
 10
32.86006420993857
 20
141.06856039456542
 10
32.83807928531545
 20
141.10617904336496
 10
32.82097989949747
 20
141.14803182579564
 10
32.80876605248463
 20
141.19411874185744
 10
32.801437744276924
 20
141.24443979155035
 10
32.798994974874354
 20
141.29899497487438
 10
32.80339195979898
 20
141.3798506420994
 10
32.81658291457285
 20
141.45826353992183
 10
32.83856783919597
 20
141.5342336683417
 10
32.86934673366833
 20
141.607761027359
 10
32.908919597989936
 20
141.67884561697375
 10
32.95728643216079
 20
141.74748743718592
 10
33.011353061604304
 20
141.81368648799554
 10
33.06802531174389
 20
141.87744276940256
 10
33.12730318257955
 20
141.93875628140702
 10
33.18918667411128
 20
141.99762702400892
 10
33.25367578633909
 20
142.05405499720825
 10
33.320770519262965
 20
142.10804020100502
 10
33.89530988274706
 20
142.54187604690117
 10
33.92698445933369
 20
142.5698050437372
 10
33.95556486134374
 20
142.59887399962776
 10
33.98105108877721
 20
142.62908291457288
 10
34.00344314163408
 20
142.66043178857248
 10
34.02274101991437
 20
142.69292062162666
 10
34.03894472361807
 20
142.72654941373534
 10
34.0523799553322
 20
142.76131816489857
 10
34.06337241764376
 20
142.7972268751163
 10
34.07192211055275
 20
142.83427554438862
 10
34.07802903405917
 20
142.87246417271544
 10
34.08169318816302
 20
142.91179276009677
 10
34.082914572864304
 20
142.95226130653268
 10
34.08128605992926
 20
142.99745254048017
 10
34.07640052112413
 20
143.0392238972641
 10
34.068257956448896
 20
143.07757537688443
 10
34.05685836590358
 20
143.11250697934116
 10
34.042201749488164
 20
143.14401870463428
 10
34.024288107202665
 20
143.17211055276383
 10
34.000837520938006
 20
143.19629396984925
 10
33.969570072585135
 20
143.21608040201005
 10
33.93048576214404
 20
143.23146984924622
 10
33.88358458961473
 20
143.2424623115578
 10
33.82886655499719
 20
143.24905778894473
 10
33.76633165829144
 20
143.25125628140702
 10
32.39447236180903
 20
143.25125628140702
 10
32.34260422482783
 20
143.2552461380979
 10
32.29643588311929
 20
143.26721570817048
 10
32.255967336683405
 20
143.2871649916248
 10
32.22119858552018
 20
143.31509398846083
 10
32.19212962962961
 20
143.35100269867857
 10
32.16876046901171
 20
143.39489112227807
 10
32.14995114461193
 20
143.44496789503071
 10
32.13456169737575
 20
143.499441652708
 10
32.12259212730317
 20
143.55831239530988
 10
32.11404243439418
 20
143.6215801228364
 10
32.10891261864879
 20
143.68924483528755
 10
32.10720268006699
 20
143.76130653266333
 10
32.10785408524101
 20
143.81977014703145
 10
32.10980830076306
 20
143.87790805881258
 10
32.113065326633155
 20
143.9357202680067
 10
32.117625162851276
 20
143.9932067746138
 10
32.12348780941744
 20
144.0503675786339
 10
32.13065326633164
 20
144.107202680067
 10
32.138795831006874
 20
144.16322352503258
 10
32.14758980085612
 20
144.21794155965011
 10
32.157035175879386
 20
144.2713567839196
 10
32.167131956076666
 20
144.32346919784106
 10
32.177880141447964
 20
144.37427880141448
 10
32.18927973199329
 20
144.42378559463987
 10
32.200679322538605
 20
144.47158244928346
 10
32.2114275079099
 20
144.51726223711148
 10
32.22152428810719
 20
144.56082495812396
 10
32.23096966313045
 20
144.60227061232086
 10
32.2397636329797
 20
144.64159919970223
 10
32.24790619765493
 20
144.67881072026802
 10
32.25507165456913
 20
144.71357947143122
 10
32.26093430113529
 20
144.7455797506049
 10
32.26549413735342
 20
144.77481155778895
 10
32.26875116322351
 20
144.80127489298343
 10
32.27070537874557
 20
144.82496975618835
 10
32.271356783919586
 20
144.8458961474037
 10
32.27086823003907
 20
144.86063418946586
 10
32.26940256839753
 20
144.87358086729947
 10
32.26695979899496
 20
144.88473618090453
 10
32.26353992183137
 20
144.89410013028103
 10
32.25914293690674
 20
144.901672715429
 10
32.25376884422109
 20
144.90745393634842
 10
32.24741764377441
 20
144.91209519821328
 10
32.24008933556671
 20
144.91624790619767
 10
32.23178391959797
 20
144.9199120603015
 10
32.222501395868214
 20
144.92308766052486
 10
32.21224176437743
 20
144.92577470686768
 10
32.20100502512561
 20
144.92797319932998
 10
32.05443886097151
 20
144.9572864321608
 10
32.03163967988087
 20
144.9625790991997
 10
32.01014330913827
 20
144.97064023822819
 10
31.989949748743705
 20
144.98146984924622
 10
31.971058998697174
 20
144.99506793225387
 10
31.953471058998684
 20
145.01143448725108
 10
31.937185929648226
 20
145.03056951423787
 10
31.922855015819824
 20
145.05296156709474
 10
31.911129722687498
 20
145.07909919970223
 10
31.902010050251242
 20
145.1089824120603
 10
31.89549599851106
 20
145.142611204169
 10
31.89158756746695
 20
145.1799855760283
 10
31.890284757118913
 20
145.2211055276382
 10
31.89158756746695
 20
145.2712637260376
 10
31.89549599851106
 20
145.32011911408895
 10
31.902010050251242
 20
145.36767169179228
 10
31.911129722687498
 20
145.4139214591476
 10
31.922855015819824
 20
145.45886841615484
 10
31.937185929648226
 20
145.50251256281408
 10
31.952168248650647
 20
145.5435510887772
 10
31.965847757305028
 20
145.58068118369627
 10
31.978224455611375
 20
145.61390284757118
 10
31.989298343569686
 20
145.643216080402
 10
31.99906942117996
 20
145.66862088218872
 10
32.0075376884422
 20
145.69011725293132
 10
32.11892797319931
 20
145.69011725293132
 10
32.11892797319931
 20
145.61976549413734
 10
32.12104504001488
 20
145.5995719337428
 10
32.12739624046155
 20
145.5819839940443
 10
32.137981574539346
 20
145.56700167504187
 10
32.152801042248264
 20
145.55462497673554
 10
32.1718546435883
 20
145.54485389912526
 10
32.19514237855945
 20
145.53768844221105
 10
32.48241206030149
 20
145.47319932998326
 10
32.518890750046516
 20
145.46375395496
 10
32.55015819839939
 20
145.45105155406662
 10
32.57621440536012
 20
145.4350921273032
 10
32.597059370928704
 20
145.41587567466965
 10
32.61269309510514
 20
145.39340219616602
 10
32.623115577889436
 20
145.36767169179228
 10
32.63028103480363
 20
145.34145263353807
 10
32.636143681369795
 20
145.31751349339288
 10
32.64070351758792
 20
145.29585427135677
 10
32.643960543458014
 20
145.27647496742975
 10
32.64591475898007
 20
145.25937558161175
 10
32.64656616415409
 20
145.24455611390286
 10
32.64485622557229
 20
145.19203657174762
 10
32.6397264098269
 20
145.1400055834729
 10
32.631176716917906
 20
145.08846314907873
 10
32.619207146845326
 20
145.03740926856506
 10
32.603817699609145
 20
144.98684394193188
 10
32.58500837520936
 20
144.93676716917923
 10
32.56448911222779
 20
144.88742322724735
 10
32.54396984924622
 20
144.8390563930765
 10
32.523450586264644
 20
144.79166666666666
 10
32.502931323283065
 20
144.74525404801787
 10
32.48241206030149
 20
144.69981853713008
 10
32.46189279731992
 20
144.65536013400336
 10
32.443083472920144
 20
144.6119602642844
 10
32.42769402568396
 20
144.56970035361996
 10
32.415724455611375
 20
144.52858040201005
 10
32.40717476270239
 20
144.48860040945468
 10
32.40204494695699
 20
144.44976037595384
 10
32.400335008375194
 20
144.41206030150755
 10
32.40285920342451
 20
144.3752559091755
 10
32.41043178857248
 20
144.3430113530616
 10
32.42305276381908
 20
144.31532663316582
 10
32.44072212916433
 20
144.29220174948819
 10
32.46343988460821
 20
144.27363670202865
 10
32.49120603015074
 20
144.25963149078726
 10
32.523043458030884
 20
144.24888330541597
 10
32.55797506048761
 20
144.24008933556672
 10
32.596000837520926
 20
144.23324958123953
 10
32.637120789130826
 20
144.2283640424344
 10
32.681334915317315
 20
144.2254327191513
 10
32.728643216080386
 20
144.22445561139028
 10
34.15326633165828
 20
144.22445561139028
 10
34.18697654941372
 20
144.22331565233574
 10
34.217755443886084
 20
144.21989577517215
 10
34.24560301507536
 20
144.2141959798995
 10
34.27051926298156
 20
144.20621626651777
 10
34.29250418760468
 20
144.195956635027
 10
34.31155778894471
 20
144.18341708542712
 10
34.32833147217568
 20
144.16924902289225
 10
34.3434766424716
 20
144.1541038525963
 10
34.35699329983248
 20
144.13798157453937
 10
34.368881444258314
 20
144.1208821887214
 10
34.379141075749104
 20
144.10280569514237
 10
34.387772194304844
 20
144.08375209380233
 10
34.39803182579563
 20
144.05883584589614
 10
34.40926856504745
 20
144.02707984366276
 10
34.421482412060286
 20
143.98848408710217
 10
34.434673366834154
 20
143.9430485762144
 10
34.448841429369054
 20
143.89077331099944
 10
34.46398659966498
 20
143.83165829145727
 10
34.47831751349338
 20
143.76668062534895
 10
34.49004280662571
 20
143.6968174204355
 10
34.499162479061965
 20
143.6220686767169
 10
34.50567653080215
 20
143.54243439419318
 10
34.50958496184625
 20
143.45791457286433
 10
34.51088777219429
 20
143.36850921273032
 10
34.510073515726766
 20
143.31843243997767
 10
34.507630746324196
 20
143.26591289782243
 10
34.50355946398658
 20
143.21095058626466
 10
34.49785966871393
 20
143.1535455053043
 10
34.49053136050622
 20
143.09369765494137
 10
34.48157453936347
 20
143.03140703517587
 10
34.47033780011166
 20
142.96813930764935
 10
34.45616973757676
 20
142.90536013400336
 10
34.43907035175878
 20
142.84306951423787
 10
34.41903964265772
 20
142.78126744835288
 10
34.39607761027358
 20
142.71995393634842
 10
34.37018425460635
 20
142.65912897822446
 10
34.34054531918852
 20
142.6000139586823
 10
34.306346547552565
 20
142.54383026242323
 10
34.26758793969848
 20
142.49057788944722
 10
34.22426949562627
 20
142.44025683975434
 10
34.176391215335926
 20
142.3928671133445
 10
34.12395309882746
 20
142.34840871021777
 10
33.52596314907871
 20
141.89112227805694
 10
33.492822910850535
 20
141.86588032756376
 10
33.46375395495997
 20
141.84096407965754
 10
33.438756281407024
 20
141.81637353433837
 10
33.41782989019168
 20
141.7921086916062
 10
33.40097478131396
 20
141.768169551461
 10
33.388190954773854
 20
141.74455611390286
 10
33.37833845151683
 20
141.7215940815187
 10
33.370277312488355
 20
141.69960915689558
 10
33.36400753768843
 20
141.6786013400335
 10
33.35952912711705
 20
141.65857063093245
 10
33.35684208077423
 20
141.6395170295924
 10
33.35594639865995
 20
141.6214405360134
 10
33.35659780383397
 20
141.5938372417644
 10
33.358552019356026
 20
141.56574539363484
 10
33.36180904522612
 20
141.5371649916248
 10
33.366368881444245
 20
141.50809603573424
 10
33.37223152801041
 20
141.47853852596316
 10
33.37939698492461
 20
141.44849246231155
 10
33.38656244183881
 20
141.41795784477947
 10
33.39242508840498
 20
141.38693467336682
 10
33.3969849246231
 20
141.3554229480737
 10
33.40024195049319
 20
141.32342266890006
 10
33.402196166015244
 20
141.2909338358459
 10
33.40284757118926
 20
141.25795644891122
 10
33.40097478131396
 20
141.21594081518705
 10
33.395356411688056
 20
141.17587939698493
 10
33.38599246231154
 20
141.13777219430486
 10
33.37288293318443
 20
141.10161920714685
 10
33.35602782430671
 20
141.06742043551088
 10
33.33542713567838
 20
141.03517587939697
 10
33.31059231341893
 20
141.00651405174017
 10
33.281034803647856
 20
140.98306346547554
 10
33.246754606365144
 20
140.96482412060303
 10
33.2077517215708
 20
140.95179601712266
 10
33.16402614926483
 20
140.94397915503444
 10
33.11557788944722
 20
140.94137353433837
  0
LWPOLYLINE
  5
F4
330
17
100
AcDbEntity
  8
LETRAS
100
AcDbPolyline
 90
126
 70
1
 10
30.864321608040186
 20
142.19597989949747
 10
30.788107202680052
 20
142.34840871021777
 10
30.861471710403855
 20
142.39946259073145
 10
30.929136422855002
 20
142.45100502512562
 10
30.991101340033484
 20
142.50303601340033
 10
31.047366461939312
 20
142.55555555555554
 10
31.097931788572478
 20
142.60856365159128
 10
31.142797319932985
 20
142.66206030150755
 10
31.181311650846812
 20
142.7160455053043
 10
31.212823376139944
 20
142.77051926298157
 10
31.23733249581238
 20
142.82548157453937
 10
31.25483900986412
 20
142.88093243997767
 10
31.265342918295165
 20
142.93687185929647
 10
31.268844221105514
 20
142.9932998324958
 10
31.267134282523713
 20
143.03621114833427
 10
31.262004466778322
 20
143.0750511818351
 10
31.253454773869333
 20
143.10981993299833
 10
31.241485203796746
 20
143.14051740182393
 10
31.226095756560564
 20
143.16714358831194
 10
31.20728643216079
 20
143.1896984924623
 10
31.183917271542885
 20
143.2085078168621
 10
31.15484831565232
 20
143.22389726409827
 10
31.120079564489096
 20
143.23586683417085
 10
31.079611018053214
 20
143.24441652707984
 10
31.03344267634467
 20
143.24954634282523
 10
30.981574539363468
 20
143.25125628140702
 10
30.524288107202665
 20
143.25125628140702
 10
30.45344779452818
 20
143.2540247533966
 10
30.38944723618089
 20
143.26233016936536
 10
30.33228643216079
 20
143.27617252931324
 10
30.28196538246788
 20
143.29555183324027
 10
30.23848408710216
 20
143.3204680811465
 10
30.201842546063638
 20
143.35092127303182
 10
30.171389354178284
 20
143.38853992183138
 10
30.146473106272087
 20
143.43495254048017
 10
30.127093802345044
 20
143.49015912897823
 10
30.113251442397157
 20
143.55415968732552
 10
30.104946026428422
 20
143.62695421552206
 10
30.102177554438846
 20
143.70854271356785
 10
30.103236087846625
 20
143.77221756932812
 10
30.106411688069965
 20
143.83426391215335
 10
30.111704355108863
 20
143.89468174204356
 10
30.11911408896332
 20
143.9534710589987
 10
30.12864088963334
 20
144.0106318630188
 10
30.140284757118913
 20
144.06616415410386
 10
30.153150009305772
 20
144.11957937837334
 10
30.16634096407964
 20
144.17038898194676
 10
30.179857621440522
 20
144.21859296482413
 10
30.19369998138841
 20
144.2641913270054
 10
30.207868043923305
 20
144.3071840684906
 10
30.22236180904521
 20
144.34757118927973
 10
30.236285594639853
 20
144.38437558161175
 10
30.24874371859295
 20
144.41662013772566
 10
30.259736180904508
 20
144.44430485762143
 10
30.269262981574524
 20
144.4674297412991
 10
30.277324120603
 20
144.4859947887586
 10
30.283919597989936
 20
144.5
 10
30.395309882747053
 20
144.5
 10
30.395309882747053
 20
144.39447236180905
 10
30.396368416154832
 20
144.37159175507165
 10
30.399544016378172
 20
144.3498511073888
 10
30.40483668341707
 20
144.32925041876047
 10
30.41224641727153
 20
144.3097896891867
 10
30.421773217941546
 20
144.29146891866742
 10
30.43341708542712
 20
144.2742881072027
 10
30.447503722315265
 20
144.25906151126
 10
30.46435883119299
 20
144.2466033873069
 10
30.483982412060286
 20
144.2369137353434
 10
30.506374464917165
 20
144.22999255536945
 10
30.531534989763617
 20
144.22583984738506
 10
30.55946398659965
 20
144.22445561139028
 10
31.11055276381908
 20
144.22445561139028
 10
31.175774706867657
 20
144.22193141634096
 10
31.234645449469554
 20
144.214358831193
 10
31.287164991624774
 20
144.2017378559464
 10
31.333333333333318
 20
144.18406849060116
 10
31.37315047459518
 20
144.16135073515727
 10
31.40661641541037
 20
144.13358458961474
 10
31.435033966126916
 20
144.10435278243068
 10
31.459705937092856
 20
144.07723804206216
 10
31.480632328308193
 20
144.05224036850922
 10
31.497813139772923
 20
144.02935976177181
 10
31.51124837148705
 20
144.00859622184998
 10
31.520938023450572
 20
143.98994974874373
 10
31.528510608598534
 20
143.972768937279
 10
31.53559463986598
 20
143.95249395123767
 10
31.542190117252915
 20
143.92912479061977
 10
31.548297040759337
 20
143.90266145542526
 10
31.553915410385244
 20
143.8731039456542
 10
31.55904522613064
 20
143.84045226130652
 10
31.563849339289025
 20
143.80576493579005
 10
31.568490601153904
 20
143.77010050251255
 10
31.572969011725277
 20
143.73345896147404
 10
31.577284571003148
 20
143.69584031267448
 10
31.581437278987515
 20
143.6572445561139
 10
31.585427135678376
 20
143.61767169179228
 10
31.589009864135477
 20
143.57818025311744
 10
31.59194118741856
 20
143.5398287734971
 10
31.594221105527623
 20
143.50261725293132
 10
31.59584961846267
 20
143.46654569142007
 10
31.596826726223696
 20
143.43161408896333
 10
31.597152428810706
 20
143.39782244556113
 10
31.59479108505489
 20
143.29872743346363
 10
31.58770705378744
 20
143.20468081146473
 10
31.57590033500836
 20
143.1156825795645
 10
31.559370928717648
 20
143.0317327377629
 10
31.538118834915302
 20
142.95283128605993
 10
31.512144053601325
 20
142.8789782244556
 10
31.48274939512375
 20
142.80984785036293
 10
31.45123766983062
 20
142.74511446119487
 10
31.41760887772193
 20
142.68477805695142
 10
31.381863018797677
 20
142.6288386376326
 10
31.34400009305787
 20
142.5772962032384
 10
31.3040201005025
 20
142.53015075376885
 10
31.26298157453935
 20
142.48675088404988
 10
31.2219430485762
 20
142.4464451889075
 10
31.18090452261305
 20
142.4092336683417
 10
31.139865996649903
 20
142.3751163223525
 10
31.098827470686754
 20
142.3440931509399
 10
31.057788944723605
 20
142.31616415410386
 10
31.018216080401995
 20
142.2908407779639
 10
30.981574539363468
 20
142.2676344686395
 10
30.947864321608026
 20
142.24654522613065
 10
30.917085427135664
 20
142.22757305043737
 10
30.889237855946384
 20
142.21071794155964
 10
30.864321608040186
 20
142.19597989949747
  0
LWPOLYLINE
  5
F5
330
17
100
AcDbEntity
  8
LETRAS
100
AcDbPolyline
 90
125
 70
1
 10
29.228643216080386
 20
140.97654941373534
 10
29.21691792294806
 20
140.9766308393821
 10
29.20519262981573
 20
140.97687511632236
 10
29.1934673366834
 20
140.9772822445561
 10
29.181742043551072
 20
140.9778522240834
 10
29.170016750418746
 20
140.97858505490416
 10
29.158291457286417
 20
140.97948073701843
 10
29.146729015447594
 20
140.9805392704262
 10
29.13549227619578
 20
140.9817606551275
 10
29.124581239530972
 20
140.98314489112227
 10
29.113995905453177
 20
140.98469197841058
 10
29.10373627396239
 20
140.98640191699238
 10
29.093802345058613
 20
140.98827470686768
 10
29.093802345058613
 20
141.03517587939697
 10
29.106504745951966
 20
141.05683510143308
 10
29.117252931323268
 20
141.0788200260562
 10
29.126046901172515
 20
141.10113065326632
 10
29.132886655499707
 20
141.12376698306346
 10
29.137772194304844
 20
141.14672901544762
 10
29.140703517587923
 20
141.17001675041877
 10
29.142494881816475
 20
141.19705006514053
 10
29.143960543458014
 20
141.23124883677647
 10
29.14510050251255
 20
141.27261306532662
 10
29.14591475898007
 20
141.32114275079098
 10
29.146403312860585
 20
141.37683789316955
 10
29.146566164154088
 20
141.4396984924623
 10
29.146566164154088
 20
142.40117252931324
 10
29.14770612320862
 20
142.49570770519264
 10
29.151126000372216
 20
142.58389168062536
 10
29.156825795644878
 20
142.66572445561138
 10
29.1648055090266
 20
142.74120603015075
 10
29.175065140517386
 20
142.81033640424343
 10
29.187604690117237
 20
142.87311557788945
 10
29.201365624418372
 20
142.93011353061604
 10
29.215289410013014
 20
142.98190024195048
 10
29.22937604690116
 20
143.0284757118928
 10
29.243625535082806
 20
143.06983994044296
 10
29.25803787455796
 20
143.10599292760097
 10
29.272613065326617
 20
143.13693467336682
 10
29.286373999627752
 20
143.16339800856133
 10
29.29834356970034
 20
143.18611576400522
 10
29.308521775544374
 20
143.2050879396985
 10
29.316908617159857
 20
143.22031453564117
 10
29.32350409454679
 20
143.23179555183324
 10
29.328308207705177
 20
143.2395309882747
 10
29.328308207705177
 20
143.25125628140702
 10
27.61055276381908
 20
143.25125628140702
 10
27.541422389726396
 20
143.25394332774985
 10
27.478643216080386
 20
143.26200446677834
 10
27.422215242881055
 20
143.27543969849245
 10
27.372138470128405
 20
143.29424902289225
 10
27.32841289782243
 20
143.31843243997767
 10
27.291038525963135
 20
143.34798994974875
 10
27.259689651963505
 20
143.38487576772752
 10
27.234040573236538
 20
143.43104410943607
 10
27.21409128978223
 20
143.48649497487438
 10
27.19984180160058
 20
143.55122836404243
 10
27.19129210869159
 20
143.62524427694026
 10
27.18844221105526
 20
143.70854271356785
 10
27.189582170109794
 20
143.77229899497488
 10
27.19300204727339
 20
143.83458961474037
 10
27.198701842546047
 20
143.89541457286433
 10
27.206681555927773
 20
143.95477386934672
 10
27.21694118741856
 20
144.01266750418762
 10
27.22948073701841
 20
144.06909547738692
 10
27.243241671319545
 20
144.12332495812396
 10
27.257165456914187
 20
144.1746231155779
 10
27.271252093802328
 20
144.22298994974875
 10
27.28550158198398
 20
144.2684254606365
 10
27.299913921459133
 20
144.3109296482412
 10
27.31448911222779
 20
144.35050251256283
 10
27.328250046528925
 20
144.38641122278057
 10
27.340219616601512
 20
144.4179229480737
 10
27.350397822445547
 20
144.4450376884422
 10
27.35878466406103
 20
144.4677554438861
 10
27.365380141447964
 20
144.48607621440536
 10
27.37018425460635
 20
144.5
 10
27.481574539363468
 20
144.5
 10
27.481574539363468
 20
144.43551088777218
 10
27.482551647124495
 20
144.39667085427135
 10
27.485482970407578
 20
144.36222780569514
 10
27.490368509212715
 20
144.33218174204356
 10
27.497208263539907
 20
144.30653266331657
 10
27.506002233389154
 20
144.28528056951424
 10
27.516750418760452
 20
144.2684254606365
 10
27.530267076121334
 20
144.2549902289224
 10
27.547366461939312
 20
144.24399776661085
 10
27.56804857621439
 20
144.23544807370183
 10
27.59231341894657
 20
144.2293411501954
 10
27.62016099013585
 20
144.22567699609158
 10
27.65159128978223
 20
144.22445561139028
 10
29.498324958123938
 20
144.22445561139028
 10
29.54131769960914
 20
144.22071003163967
 10
29.576493579006126
 20
144.20947329238786
 10
29.603852596314894
 20
144.19074539363484
 10
29.62339475153544
 20
144.1645263353806
 10
29.63512004466777
 20
144.13081611762516
 10
29.63902847571188
 20
144.08961474036852
 10
29.63902847571188
 20
143.30988274706868
 10
29.59798994974873
 20
143.2571189279732
 10
29.57063093243996
 20
143.22463009491904
 10
29.547180346175306
 20
143.1857900614182
 10
29.527638190954757
 20
143.14059882747068
 10
29.512004466778322
 20
143.0890563930765
 10
29.500279173645993
 20
143.0311627582356
 10
29.492462311557773
 20
142.96691792294808
 10
29.487739624046142
 20
142.89681044109437
 10
29.485296854643572
 20
142.821328866555
 10
29.48513400335007
 20
142.74047319932998
 10
29.487251070165627
 20
142.65424343941933
 10
29.491648055090252
 20
142.562639586823
 10
29.498324958123938
 20
142.46566164154103
 10
29.568676716917906
 20
141.52177554438862
 10
29.57339940442954
 20
141.43383584589614
 10
29.571933742787998
 20
141.3537130094919
 10
29.564279731993285
 20
141.28140703517587
 10
29.550437372045398
 20
141.21691792294808
 10
29.530406662944337
 20
141.1602456728085
 10
29.504187604690102
 20
141.1113902847571
 10
29.472105899869703
 20
141.07018890750047
 10
29.434487251070152
 20
141.03647868974502
 10
29.391331658291442
 20
141.01025963149078
 10
29.34263912153358
 20
140.99153173273777
 10
29.28840964079656
 20
140.98029499348596
 10
29.228643216080386
 20
140.97654941373534
  0
LWPOLYLINE
  5
F6
330
17
100
AcDbEntity
  8
LETRAS
100
AcDbPolyline
 90
71
 70
1
 10
27.352596314907856
 20
140.97654941373534
 10
27.332728457100302
 20
140.97703796761587
 10
27.312209194118726
 20
140.9785036292574
 10
27.291038525963135
 20
140.98094639865997
 10
27.269216452633522
 20
140.98436627582356
 10
27.246742974129894
 20
140.9887632607482
 10
27.223618090452245
 20
140.99413735343384
 10
27.223618090452245
 20
141.03517587939697
 10
27.23127210124696
 20
141.0455169365345
 10
27.238600409454666
 20
141.0569979527266
 10
27.24560301507536
 20
141.0696189279732
 10
27.25227991810905
 20
141.08337986227434
 10
27.258631118555726
 20
141.09828075563001
 10
27.264656616415394
 20
141.1143216080402
 10
27.270030709101047
 20
141.13280522985298
 10
27.27442769402567
 20
141.15503443141634
 10
27.277847571189266
 20
141.18100921273032
 10
27.280290340591833
 20
141.2107295737949
 10
27.281756002233372
 20
141.24419551461008
 10
27.282244556113888
 20
141.28140703517587
 10
27.282244556113888
 20
142.11976549413734
 10
27.28476875116321
 20
142.2186162292946
 10
27.29234133631117
 20
142.30802158942862
 10
27.304962311557773
 20
142.38798157453937
 10
27.32263167690302
 20
142.45849618462682
 10
27.345349432346904
 20
142.51956541969105
 10
27.373115577889433
 20
142.57118927973198
 10
27.405115857063077
 20
142.6141820212172
 10
27.44053601340032
 20
142.64935790061418
 10
27.47937604690116
 20
142.67671691792296
 10
27.52163595756559
 20
142.6962590731435
 10
27.56731574539362
 20
142.7079843662758
 10
27.616415410385244
 20
142.71189279731993
 10
27.624069421179957
 20
142.71181137167318
 10
27.631397729387665
 20
142.7115670947329
 10
27.63840033500836
 20
142.71115996649917
 10
27.645077238042045
 20
142.7105899869719
 10
27.651428438488725
 20
142.70985715615112
 10
27.657453936348393
 20
142.70896147403684
 10
27.663805136795073
 20
142.70774008933557
 10
27.671133445002777
 20
142.70603015075378
 10
27.67943886097151
 20
142.70383165829145
 10
27.688721384701267
 20
142.70114461194862
 10
27.698981016192057
 20
142.6979690117253
 10
27.71021775544387
 20
142.69430485762143
 10
27.71021775544387
 20
142.65912897822446
 10
27.698981016192057
 20
142.6464265773311
 10
27.688721384701267
 20
142.63176996091568
 10
27.67943886097151
 20
142.61515912897823
 10
27.671133445002777
 20
142.5965940815187
 10
27.663805136795073
 20
142.57607481853714
 10
27.657453936348393
 20
142.5536013400335
 10
27.652242694956247
 20
142.52933649730133
 10
27.648334263912137
 20
142.5034431416341
 10
27.645728643216064
 20
142.47592127303182
 10
27.644425832868027
 20
142.4467708914945
 10
27.644425832868027
 20
142.41599199702216
 10
27.645728643216064
 20
142.38358458961474
 10
27.692629815745377
 20
141.41624790619767
 10
27.69336264656615
 20
141.34345337800113
 10
27.68774427694024
 20
141.27749860413178
 10
27.675774706867657
 20
141.21838358458962
 10
27.657453936348393
 20
141.16610831937464
 10
27.632781965382453
 20
141.1206728084869
 10
27.601758793969832
 20
141.0820770519263
 10
27.566338637632594
 20
141.04983249581238
 10
27.52847571189278
 20
141.02345058626466
 10
27.488170016750402
 20
141.0029313232831
 10
27.445421552205456
 20
140.98827470686768
 10
27.40023031825794
 20
140.97948073701843
 10
27.352596314907856
 20
140.97654941373534
  0
LWPOLYLINE
  5
F7
330
17
100
AcDbEntity
  8
LETRAS
100
AcDbPolyline
 90
110
 70
1
 10
26.162479061976537
 20
140.97654941373534
 10
26.150753768844208
 20
140.9766308393821
 10
26.13902847571188
 20
140.97687511632236
 10
26.127303182579553
 20
140.9772822445561
 10
26.115577889447223
 20
140.9778522240834
 10
26.103852596314894
 20
140.97858505490416
 10
26.092127303182565
 20
140.97948073701843
 10
26.080564861343742
 20
140.9805392704262
 10
26.069328122091928
 20
140.9817606551275
 10
26.058417085427124
 20
140.98314489112227
 10
26.047831751349324
 20
140.98469197841058
 10
26.037572119858538
 20
140.98640191699238
 10
26.02763819095476
 20
140.98827470686768
 10
26.02763819095476
 20
141.03517587939697
 10
26.03692071468452
 20
141.0496696445189
 10
26.045226130653255
 20
141.06579192257584
 10
26.05255443886096
 20
141.08354271356785
 10
26.058905639307635
 20
141.10292201749488
 10
26.064279731993288
 20
141.12392983435697
 10
26.06867671691791
 20
141.1465661641541
 10
26.07225944537501
 20
141.17425088404988
 10
26.075190768658093
 20
141.2104038712079
 10
26.077470686767157
 20
141.25502512562815
 10
26.079099199702203
 20
141.30811464731062
 10
26.08007630746323
 20
141.36967243625534
 10
26.08040201005024
 20
141.4396984924623
 10
26.08040201005024
 20
142.79983249581238
 10
26.079180625348954
 20
142.8789782244556
 10
26.075516471245102
 20
142.94835287548855
 10
26.06940954773868
 20
143.00795644891122
 10
26.06085985482969
 20
143.05778894472363
 10
26.049867392518134
 20
143.09785036292573
 10
26.036432160804008
 20
143.1281407035176
 10
26.018437092871753
 20
143.15207984366276
 10
25.993765121905813
 20
143.17308766052486
 10
25.962416247906184
 20
143.19116415410386
 10
25.92439047087287
 20
143.20630932439977
 10
25.879687790805868
 20
143.2185231714126
 10
25.82830820770518
 20
143.22780569514237
 10
25.35929648241205
 20
143.29229480737018
 10
25.316792294807357
 20
143.30214731062722
 10
25.279173646007802
 20
143.31607109622186
 10
25.246440536013388
 20
143.3340661641541
 10
25.218592964824108
 20
143.35613251442396
 10
25.195630932439965
 20
143.38227014703145
 10
25.17755443886096
 20
143.41247906197654
 10
25.163223525032556
 20
143.44610785408526
 10
25.151498231900227
 20
143.4825051181835
 10
25.142378559463975
 20
143.52167085427135
 10
25.13586450772379
 20
143.56360506234878
 10
25.131956076679682
 20
143.60830774241578
 10
25.130653266331645
 20
143.65577889447235
 10
25.131793225386176
 20
143.71261399590546
 10
25.135213102549773
 20
143.76977479992556
 10
25.14091289782243
 20
143.82726130653268
 10
25.148892611204154
 20
143.8850735157268
 10
25.159152242694944
 20
143.94321142750792
 10
25.171691792294794
 20
144.00167504187604
 10
25.185697003536188
 20
144.05916154848316
 10
25.200353619951596
 20
144.1143681369812
 10
25.215661641541026
 20
144.16729480737018
 10
25.231621068304474
 20
144.21794155965011
 10
25.248231900241937
 20
144.26630839382096
 10
25.26549413735342
 20
144.31239530988276
 10
25.282104969290884
 20
144.35522520007444
 10
25.296761585706296
 20
144.39382095663504
 10
25.309463986599653
 20
144.4281825795645
 10
25.32021217197095
 20
144.45831006886283
 10
25.329006141820198
 20
144.48420342453005
 10
25.33584589614739
 20
144.50586264656616
 10
25.447236180904508
 20
144.50586264656616
 10
25.447236180904508
 20
144.43551088777218
 10
25.448050437372032
 20
144.40554624976735
 10
25.4504932067746
 20
144.3781872324586
 10
25.454564489112215
 20
144.3534338358459
 10
25.460264284384873
 20
144.33128605992928
 10
25.46759259259258
 20
144.31174390470872
 10
25.47654941373533
 20
144.29480737018426
 10
25.48794900428065
 20
144.28015075376885
 10
25.50260562069606
 20
144.26744835287548
 10
25.520519262981562
 20
144.2567001675042
 10
25.541689931137153
 20
144.24790619765494
 10
25.56611762516284
 20
144.24106644332775
 10
25.593802345058613
 20
144.23618090452263
 10
25.992462311557777
 20
144.1716917922948
 10
26.06940954773868
 20
144.15727945281967
 10
26.136097152428796
 20
144.13749302065884
 10
26.192525125628126
 20
144.11233249581238
 10
26.23869346733667
 20
144.0817978782803
 10
26.274602177554424
 20
144.04588916806253
 10
26.300251256281392
 20
144.00460636515913
 10
26.31938628326818
 20
143.95664665922203
 10
26.33575283826539
 20
143.90070723990323
 10
26.349350921273018
 20
143.8367881072027
 10
26.36018053229107
 20
143.76488926112043
 10
26.36824167131955
 20
143.68501070165644
 10
26.373534338358446
 20
143.59715242881072
 10
26.49078726968173
 20
141.52177554438862
 10
26.492252931323268
 20
141.43383584589614
 10
26.488833054159674
 20
141.3537130094919
 10
26.480527638190942
 20
141.28140703517587
 10
26.467336683417074
 20
141.21691792294808
 10
26.449260189838064
 20
141.1602456728085
 10
26.42629815745392
 20
141.1113902847571
 10
26.397799181090626
 20
141.07018890750047
 10
26.363111855574154
 20
141.03647868974502
 10
26.322236180904508
 20
141.01025963149078
 10
26.27517215708169
 20
140.99153173273777
 10
26.2219197841057
 20
140.98029499348596
 10
26.162479061976537
 20
140.97654941373534
  0
LWPOLYLINE
  5
F8
330
17
100
AcDbEntity
  8
LETRAS
100
AcDbPolyline
 90
125
 70
1
 10
22.90871021775543
 20
140.97654941373534
 10
22.896984924623105
 20
140.9766308393821
 10
22.885259631490776
 20
140.97687511632236
 10
22.873534338358446
 20
140.9772822445561
 10
22.861809045226117
 20
140.9778522240834
 10
22.85008375209379
 20
140.97858505490416
 10
22.838358458961462
 20
140.97948073701843
 10
22.82679601712264
 20
140.9805392704262
 10
22.815559277870825
 20
140.9817606551275
 10
22.804648241206017
 20
140.98314489112227
 10
22.79406290712822
 20
140.98469197841058
 10
22.783803275637435
 20
140.98640191699238
 10
22.773869346733655
 20
140.98827470686768
 10
22.773869346733655
 20
141.03517587939697
 10
22.78657174762701
 20
141.05683510143308
 10
22.797319932998313
 20
141.0788200260562
 10
22.80611390284756
 20
141.10113065326632
 10
22.812953657174752
 20
141.12376698306346
 10
22.817839195979886
 20
141.14672901544762
 10
22.820770519262968
 20
141.17001675041877
 10
22.82256188349152
 20
141.19705006514053
 10
22.824027545133063
 20
141.23124883677647
 10
22.825167504187593
 20
141.27261306532662
 10
22.825981760655115
 20
141.32114275079098
 10
22.82647031453563
 20
141.37683789316955
 10
22.826633165829133
 20
141.4396984924623
 10
22.826633165829133
 20
142.40117252931324
 10
22.827773124883667
 20
142.49570770519264
 10
22.83119300204726
 20
142.58389168062536
 10
22.83689279731992
 20
142.66572445561138
 10
22.844872510701645
 20
142.74120603015075
 10
22.85513214219243
 20
142.81033640424343
 10
22.86767169179228
 20
142.87311557788945
 10
22.881432626093417
 20
142.93011353061604
 10
22.89535641168806
 20
142.98190024195048
 10
22.909443048576204
 20
143.0284757118928
 10
22.92369253675785
 20
143.06983994044296
 10
22.938104876233005
 20
143.10599292760097
 10
22.952680067001662
 20
143.13693467336682
 10
22.966441001302798
 20
143.16339800856133
 10
22.978410571375385
 20
143.18611576400522
 10
22.98858877721942
 20
143.2050879396985
 10
22.996975618834902
 20
143.22031453564117
 10
23.003571096221837
 20
143.23179555183324
 10
23.008375209380223
 20
143.2395309882747
 10
23.008375209380223
 20
143.25125628140702
 10
21.290619765494124
 20
143.25125628140702
 10
21.22148939140144
 20
143.25394332774985
 10
21.15871021775543
 20
143.26200446677834
 10
21.1022822445561
 20
143.27543969849245
 10
21.05220547180345
 20
143.29424902289225
 10
21.008479899497477
 20
143.31843243997767
 10
20.97110552763818
 20
143.34798994974875
 10
20.93975665363855
 20
143.38487576772752
 10
20.914107574911583
 20
143.43104410943607
 10
20.894158291457273
 20
143.48649497487438
 10
20.879908803275626
 20
143.55122836404243
 10
20.871359110366637
 20
143.62524427694026
 10
20.868509212730306
 20
143.70854271356785
 10
20.86964917178484
 20
143.77229899497488
 10
20.873069048948434
 20
143.83458961474037
 10
20.878768844221092
 20
143.89541457286433
 10
20.886748557602818
 20
143.95477386934672
 10
20.897008189093604
 20
144.01266750418762
 10
20.909547738693455
 20
144.06909547738692
 10
20.92330867299459
 20
144.12332495812396
 10
20.937232458589232
 20
144.1746231155779
 10
20.951319095477373
 20
144.22298994974875
 10
20.965568583659024
 20
144.2684254606365
 10
20.97998092313418
 20
144.3109296482412
 10
20.994556113902835
 20
144.35050251256283
 10
21.00831704820397
 20
144.38641122278057
 10
21.020286618276558
 20
144.4179229480737
 10
21.030464824120592
 20
144.4450376884422
 10
21.038851665736075
 20
144.4677554438861
 10
21.04544714312301
 20
144.48607621440536
 10
21.050251256281395
 20
144.5
 10
21.161641541038513
 20
144.5
 10
21.161641541038513
 20
144.43551088777218
 10
21.16261864879954
 20
144.39667085427135
 10
21.165549972082623
 20
144.36222780569514
 10
21.17043551088776
 20
144.33218174204356
 10
21.177275265214952
 20
144.30653266331657
 10
21.1860692350642
 20
144.28528056951424
 10
21.196817420435497
 20
144.2684254606365
 10
21.21033407779638
 20
144.2549902289224
 10
21.227433463614357
 20
144.24399776661085
 10
21.248115577889436
 20
144.23544807370183
 10
21.272380420621616
 20
144.2293411501954
 10
21.300227991810896
 20
144.22567699609158
 10
21.331658291457273
 20
144.22445561139028
 10
23.178391959798983
 20
144.22445561139028
 10
23.221384701284187
 20
144.22071003163967
 10
23.25656058068117
 20
144.20947329238786
 10
23.283919597989936
 20
144.19074539363484
 10
23.303461753210485
 20
144.1645263353806
 10
23.315187046342814
 20
144.13081611762516
 10
23.319095477386924
 20
144.08961474036852
 10
23.319095477386924
 20
143.30988274706868
 10
23.278056951423775
 20
143.2571189279732
 10
23.250697934115006
 20
143.22463009491904
 10
23.22724734785035
 20
143.1857900614182
 10
23.207705192629803
 20
143.14059882747068
 10
23.192071468453367
 20
143.0890563930765
 10
23.180346175321038
 20
143.0311627582356
 10
23.17252931323282
 20
142.96691792294808
 10
23.167806625721187
 20
142.89681044109437
 10
23.165363856318617
 20
142.821328866555
 10
23.165201005025114
 20
142.74047319932998
 10
23.167318071840672
 20
142.65424343941933
 10
23.171715056765297
 20
142.562639586823
 10
23.178391959798983
 20
142.46566164154103
 10
23.24874371859295
 20
141.52177554438862
 10
23.253466406104586
 20
141.43383584589614
 10
23.252000744463043
 20
141.3537130094919
 10
23.24434673366833
 20
141.28140703517587
 10
23.230504373720443
 20
141.21691792294808
 10
23.210473664619382
 20
141.1602456728085
 10
23.184254606365148
 20
141.1113902847571
 10
23.15217290154475
 20
141.07018890750047
 10
23.114554252745194
 20
141.03647868974502
 10
23.071398659966487
 20
141.01025963149078
 10
23.022706123208625
 20
140.99153173273777
 10
22.968476642471607
 20
140.98029499348596
 10
22.90871021775543
 20
140.97654941373534
  0
LWPOLYLINE
  5
F9
330
17
100
AcDbEntity
  8
LETRAS
100
AcDbPolyline
 90
71
 70
1
 10
21.0326633165829
 20
140.97654941373534
 10
21.012795458775347
 20
140.97703796761587
 10
20.99227619579377
 20
140.9785036292574
 10
20.97110552763818
 20
140.98094639865997
 10
20.949283454308567
 20
140.98436627582356
 10
20.92680997580494
 20
140.9887632607482
 10
20.90368509212729
 20
140.99413735343384
 10
20.90368509212729
 20
141.03517587939697
 10
20.911339102922007
 20
141.0455169365345
 10
20.91866741112971
 20
141.0569979527266
 10
20.925670016750406
 20
141.0696189279732
 10
20.932346919784095
 20
141.08337986227434
 10
20.93869812023077
 20
141.09828075563001
 10
20.94472361809044
 20
141.1143216080402
 10
20.95009771077609
 20
141.13280522985298
 10
20.954494695700713
 20
141.15503443141634
 10
20.95791457286431
 20
141.18100921273032
 10
20.960357342266878
 20
141.2107295737949
 10
20.961823003908417
 20
141.24419551461008
 10
20.962311557788933
 20
141.28140703517587
 10
20.962311557788933
 20
142.11976549413734
 10
20.964835752838255
 20
142.2186162292946
 10
20.972408337986217
 20
142.30802158942862
 10
20.98502931323282
 20
142.38798157453937
 10
21.002698678578064
 20
142.45849618462682
 10
21.02541643402195
 20
142.51956541969105
 10
21.053182579564478
 20
142.57118927973198
 10
21.085182858738122
 20
142.6141820212172
 10
21.120603015075364
 20
142.64935790061418
 10
21.159443048576204
 20
142.67671691792296
 10
21.201702959240635
 20
142.6962590731435
 10
21.247382747068666
 20
142.7079843662758
 10
21.29648241206029
 20
142.71189279731993
 10
21.304136422855002
 20
142.71181137167318
 10
21.31146473106271
 20
142.7115670947329
 10
21.318467336683405
 20
142.71115996649917
 10
21.32514423971709
 20
142.7105899869719
 10
21.33149544016377
 20
142.70985715615112
 10
21.337520938023438
 20
142.70896147403684
 10
21.343872138470118
 20
142.70774008933557
 10
21.351200446677822
 20
142.70603015075378
 10
21.359505862646554
 20
142.70383165829145
 10
21.368788386376313
 20
142.70114461194862
 10
21.379048017867103
 20
142.6979690117253
 10
21.390284757118916
 20
142.69430485762143
 10
21.390284757118916
 20
142.65912897822446
 10
21.379048017867103
 20
142.6464265773311
 10
21.368788386376313
 20
142.63176996091568
 10
21.359505862646554
 20
142.61515912897823
 10
21.351200446677822
 20
142.5965940815187
 10
21.343872138470118
 20
142.57607481853714
 10
21.337520938023438
 20
142.5536013400335
 10
21.33230969663129
 20
142.52933649730133
 10
21.328401265587182
 20
142.5034431416341
 10
21.32579564489111
 20
142.47592127303182
 10
21.324492834543072
 20
142.4467708914945
 10
21.324492834543072
 20
142.41599199702216
 10
21.32579564489111
 20
142.38358458961474
 10
21.372696817420422
 20
141.41624790619767
 10
21.373429648241196
 20
141.34345337800113
 10
21.367811278615285
 20
141.27749860413178
 10
21.3558417085427
 20
141.21838358458962
 10
21.337520938023438
 20
141.16610831937464
 10
21.312848967057498
 20
141.1206728084869
 10
21.281825795644878
 20
141.0820770519263
 10
21.24640563930764
 20
141.04983249581238
 10
21.208542713567827
 20
141.02345058626466
 10
21.168237018425447
 20
141.0029313232831
 10
21.1254885538805
 20
140.98827470686768
 10
21.080297319932985
 20
140.97948073701843
 10
21.0326633165829
 20
140.97654941373534
  0
LWPOLYLINE
  5
FA
330
17
100
AcDbEntity
  8
LETRAS
100
AcDbPolyline
 90
117
 70
1
 10
18.64070351758793
 20
141.0
 10
18.822445561139016
 20
141.94388609715242
 10
19.883584589614728
 20
141.94388609715242
 10
19.87967615857062
 20
141.9678252372976
 10
19.87576772752651
 20
141.9927414852038
 10
19.871859296482402
 20
142.01863484087102
 10
19.867950865438292
 20
142.04550530429927
 10
19.864042434394182
 20
142.07335287548855
 10
19.860134003350073
 20
142.10217755443887
 10
19.85638842359947
 20
142.13222361809045
 10
19.85296854643587
 20
142.1637353433836
 10
19.849874371859286
 20
142.19671273031827
 10
19.847105899869707
 20
142.23115577889448
 10
19.84466313046714
 20
142.26706448911222
 10
19.84254606365158
 20
142.30443886097152
 10
19.840917550716533
 20
142.34311604317887
 10
19.83994044295551
 20
142.38293318444073
 10
19.839614740368496
 20
142.4238902847571
 10
19.839940442955506
 20
142.46598734412805
 10
19.840917550716533
 20
142.5092243625535
 10
19.84254606365158
 20
142.5536013400335
 10
19.865996649916237
 20
142.94053601340033
 10
19.86819514237855
 20
142.98694863204915
 10
19.866973757677265
 20
143.0284757118928
 10
19.862332495812385
 20
143.06511725293132
 10
19.854271356783908
 20
143.09687325516472
 10
19.842790340591836
 20
143.12374371859298
 10
19.82788944723617
 20
143.14572864321607
 10
19.809405825423404
 20
143.1641308393821
 10
19.78717662386003
 20
143.18025311743904
 10
19.761201842546054
 20
143.19409547738692
 10
19.73148148148147
 20
143.20565791922576
 10
19.698015540666283
 20
143.2149404429555
 10
19.660804020100493
 20
143.2219430485762
 10
19.238693467336674
 20
143.28056951423787
 10
19.188453843290514
 20
143.28977061232086
 10
19.143262609343
 20
143.30174018239344
 10
19.103119765494124
 20
143.3164782244556
 10
19.068025311743895
 20
143.33398473850735
 10
19.037979248092302
 20
143.35425972454868
 10
19.012981574539353
 20
143.37730318257957
 10
18.992380885911025
 20
143.4049064768286
 10
18.975525777033305
 20
143.4388609715243
 10
18.962416247906187
 20
143.47916666666666
 10
18.953052298529673
 20
143.5258235622557
 10
18.947433928903767
 20
143.57883165829145
 10
18.945561139028463
 20
143.63819095477388
 10
18.947352503257015
 20
143.714079657547
 10
18.952726595942664
 20
143.7893169551461
 10
18.961683417085418
 20
143.86390284757118
 10
18.974222966685268
 20
143.93783733482226
 10
18.99034524474222
 20
144.0111204168993
 10
19.01005025125627
 20
144.08375209380233
 10
19.03187232458588
 20
144.15556951423787
 10
19.05434580308951
 20
144.22640982691235
 10
19.077470686767157
 20
144.2962730318258
 10
19.101246975618825
 20
144.36515912897823
 10
19.125674669644507
 20
144.43306811836962
 10
19.15075376884421
 20
144.5
 10
19.26214405360133
 20
144.5
 10
19.26214405360133
 20
144.41206030150755
 10
19.263121161362356
 20
144.38242136608972
 10
19.26605248464544
 20
144.35603945654196
 10
19.270938023450576
 20
144.33291457286433
 10
19.277777777777768
 20
144.31304671505677
 10
19.28657174762701
 20
144.2964358831193
 10
19.297319932998313
 20
144.28308207705192
 10
19.3111622929462
 20
144.27168248650662
 10
19.329238786525206
 20
144.2609343011353
 10
19.35154941373533
 20
144.25083752093803
 10
19.378094174576574
 20
144.24139214591474
 10
19.408873069048937
 20
144.23259817606552
 10
19.44388609715242
 20
144.22445561139028
 10
19.90117252931322
 20
144.15996649916246
 10
19.955239158756736
 20
144.1501954215522
 10
20.004094546808105
 20
144.13651591289783
 10
20.047738693467327
 20
144.11892797319933
 10
20.086171598734403
 20
144.09743160245674
 10
20.119393262609332
 20
144.07202680067002
 10
20.147403685092115
 20
144.0427135678392
 10
20.17036571747626
 20
144.00737483714872
 10
20.188442211055264
 20
143.963893541783
 10
20.201633165829133
 20
143.91226968174203
 10
20.209938581797868
 20
143.85250325702586
 10
20.213358458961462
 20
143.78459426763447
 10
20.211892797319923
 20
143.70854271356785
 10
20.147403685092115
 20
142.67085427135677
 10
20.146670854271346
 20
142.60669086171598
 10
20.148380792853143
 20
142.54317885724922
 10
20.15253350083751
 20
142.48031825795644
 10
20.159128978224444
 20
142.4181090638377
 10
20.16816722501395
 20
142.35655127489298
 10
20.179648241206017
 20
142.29564489112227
 10
20.19251349339288
 20
142.23481993299833
 10
20.20570444816675
 20
142.17350642099385
 10
20.219221105527627
 20
142.11170435510888
 10
20.233063465475514
 20
142.0494137353434
 10
20.24723152801041
 20
141.98663456169737
 10
20.26172529313232
 20
141.92336683417085
 10
20.27516052484644
 20
141.8591219988833
 10
20.286152987158
 20
141.7934115019542
 10
20.29470268006699
 20
141.7262353433836
 10
20.300809603573413
 20
141.6575935231714
 10
20.304473757677265
 20
141.5874860413177
 10
20.305695142378546
 20
141.51591289782243
 10
20.304962311557777
 20
141.46575469942303
 10
20.302763819095468
 20
141.41689931137168
 10
20.299099664991612
 20
141.36934673366835
 10
20.29396984924622
 20
141.32309696631305
 10
20.287374371859286
 20
141.2781500093058
 10
20.27931323283081
 20
141.23450586264656
 10
20.270274986041308
 20
141.19216452633538
 10
20.26074818537129
 20
141.15112600037224
 10
20.25073283082076
 20
141.1113902847571
 10
20.240228922389715
 20
141.07295737949005
 10
20.22923646007816
 20
141.035827284571
 10
20.217755443886087
 20
141.0
  0
LWPOLYLINE
  5
FB
330
17
100
AcDbEntity
  8
LETRAS
100
AcDbPolyline
 90
118
 70
1
 10
15.850083752093791
 20
141.0
 10
16.025963149078716
 20
141.94388609715242
 10
17.667504187604678
 20
141.94388609715242
 10
17.69005909175506
 20
141.99534710589987
 10
17.71082263167689
 20
142.04420249395125
 10
17.729794807370173
 20
142.09045226130652
 10
17.746975618834906
 20
142.13409640796576
 10
17.762365066071084
 20
142.17513493392892
 10
17.775963149078716
 20
142.21356783919597
 10
17.788095570444806
 20
142.25061650846826
 10
17.799088032756362
 20
142.28750232644705
 10
17.808940536013388
 20
142.32422529313232
 10
17.817653080215884
 20
142.3607854085241
 10
17.825225665363845
 20
142.39718267262236
 10
17.831658291457277
 20
142.43341708542712
 10
17.837032384142926
 20
142.47046575469943
 10
17.841429369067548
 20
142.50930578820027
 10
17.844849246231146
 20
142.54993718592965
 10
17.847292015633712
 20
142.5923599478876
 10
17.848757677275255
 20
142.63657407407408
 10
17.849246231155767
 20
142.68257956448912
 10
17.848106272101237
 20
142.75586264656616
 10
17.84468639493764
 20
142.82328308207704
 10
17.83898659966498
 20
142.88484087102177
 10
17.83100688628326
 20
142.94053601340033
 10
17.820747254792472
 20
142.99036850921274
 10
17.80820770519262
 20
143.03433835845897
 10
17.792981109249943
 20
143.07325981760656
 10
17.77466033873068
 20
143.10794714312303
 10
17.75324539363483
 20
143.13840033500838
 10
17.728736273962394
 20
143.1646193932626
 10
17.70113297971337
 20
143.18660431788572
 10
17.67043551088776
 20
143.20435510887773
 10
17.63599246231155
 20
143.21868602270612
 10
17.59715242881071
 20
143.23041131583844
 10
17.553915410385247
 20
143.2395309882747
 10
17.506281407035164
 20
143.24604504001488
 10
17.45425041876046
 20
143.249953471059
 10
17.39782244556113
 20
143.25125628140702
 10
16.377721943048567
 20
143.25125628140702
 10
16.312662851293496
 20
143.25443188163038
 10
16.25428066257211
 20
143.2639586823004
 10
16.20257537688441
 20
143.27983668341707
 10
16.1575469942304
 20
143.30206588498046
 10
16.119195514610077
 20
143.33064628699051
 10
16.08752093802344
 20
143.36557788944722
 10
16.06154615670946
 20
143.40637213847012
 10
16.04029406290712
 20
143.45254048017867
 10
16.023764656616404
 20
143.50408291457288
 10
16.011957937837323
 20
143.5609994416527
 10
16.004873906569877
 20
143.6232900614182
 10
16.00251256281406
 20
143.69095477386935
 10
16.00365252186859
 20
143.75658384515168
 10
16.007072399032186
 20
143.82058440349897
 10
16.012772194304848
 20
143.88295644891122
 10
16.02075190768657
 20
143.94369998138842
 10
16.031011539177356
 20
144.00281500093058
 10
16.04355108877721
 20
144.0603015075377
 10
16.057312023078342
 20
144.11550809603574
 10
16.071235808672984
 20
144.16778336125068
 10
16.08532244556113
 20
144.2171273031826
 10
16.099571933742777
 20
144.26353992183138
 10
16.11398427321793
 20
144.3070212171971
 10
16.12855946398659
 20
144.34757118927973
 10
16.14248324958123
 20
144.38437558161175
 10
16.154941373534328
 20
144.41662013772566
 10
16.165933835845884
 20
144.44430485762143
 10
16.1754606365159
 20
144.4674297412991
 10
16.183521775544378
 20
144.4859947887586
 10
16.190117252931312
 20
144.5
 10
16.301507537688433
 20
144.5
 10
16.301507537688433
 20
144.3710217755444
 10
16.302647496742964
 20
144.3467569328122
 10
16.306067373906558
 20
144.3247720081891
 10
16.31176716917922
 20
144.30506700167504
 10
16.319746882560942
 20
144.28764191327005
 10
16.33000651405173
 20
144.27249674297414
 10
16.342546063651582
 20
144.25963149078726
 10
16.356551274892972
 20
144.24888330541597
 10
16.371207891308384
 20
144.24008933556672
 10
16.386515912897814
 20
144.23324958123953
 10
16.402475339661258
 20
144.2283640424344
 10
16.419086171598725
 20
144.2254327191513
 10
16.436348408710206
 20
144.22445561139028
 10
17.573701842546054
 20
144.22445561139028
 10
17.627361343755805
 20
144.22258282151498
 10
17.678903778149998
 20
144.21696445188908
 10
17.728329145728633
 20
144.20760050251255
 10
17.775637446491707
 20
144.19449097338546
 10
17.820828680439224
 20
144.17763586450772
 10
17.86390284757118
 20
144.1570351758794
 10
17.904534245300567
 20
144.1326074818537
 10
17.942397171040376
 20
144.10427135678393
 10
17.97749162479061
 20
144.07202680067002
 10
18.009817606551266
 20
144.035873813512
 10
18.039375116322343
 20
143.99581239530988
 10
18.06616415410384
 20
143.95184254606366
 10
18.089451889074994
 20
143.90371998883305
 10
18.108505490415027
 20
143.85120044667784
 10
18.12332495812394
 20
143.794283919598
 10
18.13391029220174
 20
143.7329704075935
 10
18.140261492648417
 20
143.66725991066443
 10
18.142378559463975
 20
143.59715242881072
 10
18.142378559463975
 20
142.75879396984925
 10
18.140424343941923
 20
142.6653987530244
 10
18.13456169737576
 20
142.57672622371115
 10
18.124790619765484
 20
142.49277638190955
 10
18.1111111111111
 20
142.41354922761957
 10
18.093523171412606
 20
142.33904476084123
 10
18.072026800670006
 20
142.26926298157454
 10
18.048901916992357
 20
142.20404103852596
 10
18.02642843848873
 20
142.143216080402
 10
18.00460636515912
 20
142.0867881072027
 10
17.983435697003525
 20
142.03475711892798
 10
17.962916434021952
 20
141.9871231155779
 10
17.943048576214395
 20
141.94388609715242
 10
18.335845896147394
 20
141.94388609715242
 10
18.154103852596304
 20
141.0
  0
LWPOLYLINE
  5
FC
330
17
100
AcDbEntity
  8
LETRAS
100
AcDbPolyline
 90
126
 70
1
 10
14.753768844221094
 20
142.19597989949747
 10
14.67755443886096
 20
142.34840871021777
 10
14.750918946584765
 20
142.39946259073145
 10
14.818583659035909
 20
142.45100502512562
 10
14.880548576214395
 20
142.50303601340033
 10
14.93681369812022
 20
142.55555555555554
 10
14.987379024753386
 20
142.60856365159128
 10
15.032244556113891
 20
142.66206030150755
 10
15.07075888702772
 20
142.7160455053043
 10
15.102270612320853
 20
142.77051926298157
 10
15.126779731993288
 20
142.82548157453937
 10
15.144286246045029
 20
142.88093243997767
 10
15.154790154476073
 20
142.93687185929647
 10
15.15829145728642
 20
142.9932998324958
 10
15.156581518704623
 20
143.03621114833427
 10
15.15145170295923
 20
143.0750511818351
 10
15.14290201005024
 20
143.10981993299833
 10
15.130932439977656
 20
143.14051740182393
 10
15.115542992741474
 20
143.16714358831194
 10
15.096733668341697
 20
143.1896984924623
 10
15.073364507723793
 20
143.2085078168621
 10
15.04429555183323
 20
143.22389726409827
 10
15.009526800670006
 20
143.23586683417085
 10
14.969058254234122
 20
143.24441652707984
 10
14.92288991252558
 20
143.24954634282523
 10
14.871021775544378
 20
143.25125628140702
 10
14.413735343383573
 20
143.25125628140702
 10
14.34289503070909
 20
143.2540247533966
 10
14.278894472361797
 20
143.26233016936536
 10
14.221733668341697
 20
143.27617252931324
 10
14.17141261864879
 20
143.29555183324027
 10
14.127931323283072
 20
143.3204680811465
 10
14.091289782244544
 20
143.35092127303182
 10
14.060836590359193
 20
143.38853992183138
 10
14.035920342452995
 20
143.43495254048017
 10
14.016541038525952
 20
143.49015912897823
 10
14.002698678578064
 20
143.55415968732552
 10
13.994393262609332
 20
143.62695421552206
 10
13.991624790619754
 20
143.70854271356785
 10
13.992683324027533
 20
143.77221756932812
 10
13.995858924250873
 20
143.83426391215335
 10
14.001151591289771
 20
143.89468174204356
 10
14.008561325144228
 20
143.9534710589987
 10
14.018088125814245
 20
144.0106318630188
 10
14.029731993299821
 20
144.06616415410386
 10
14.042597245486682
 20
144.11957937837334
 10
14.055788200260551
 20
144.17038898194676
 10
14.069304857621429
 20
144.21859296482413
 10
14.083147217569318
 20
144.2641913270054
 10
14.097315280104214
 20
144.3071840684906
 10
14.111809045226119
 20
144.34757118927973
 10
14.125732830820759
 20
144.38437558161175
 10
14.138190954773858
 20
144.41662013772566
 10
14.149183417085416
 20
144.44430485762143
 10
14.158710217755432
 20
144.4674297412991
 10
14.166771356783908
 20
144.4859947887586
 10
14.173366834170842
 20
144.5
 10
14.284757118927962
 20
144.5
 10
14.284757118927962
 20
144.39447236180905
 10
14.285815652335742
 20
144.37159175507165
 10
14.28899125255908
 20
144.3498511073888
 10
14.294283919597978
 20
144.32925041876047
 10
14.301693653452435
 20
144.3097896891867
 10
14.311220454122452
 20
144.29146891866742
 10
14.322864321608028
 20
144.2742881072027
 10
14.336950958496173
 20
144.25906151126
 10
14.353806067373895
 20
144.2466033873069
 10
14.373429648241196
 20
144.2369137353434
 10
14.395821701098072
 20
144.22999255536945
 10
14.420982225944526
 20
144.22583984738506
 10
14.44891122278056
 20
144.22445561139028
 10
14.99999999999999
 20
144.22445561139028
 10
15.065221943048565
 20
144.22193141634096
 10
15.124092685650464
 20
144.214358831193
 10
15.176612227805684
 20
144.2017378559464
 10
15.222780569514226
 20
144.18406849060116
 10
15.262597710776092
 20
144.16135073515727
 10
15.296063651591279
 20
144.13358458961474
 10
15.324481202307824
 20
144.10435278243068
 10
15.349153173273764
 20
144.07723804206216
 10
15.370079564489101
 20
144.05224036850922
 10
15.387260375953833
 20
144.02935976177181
 10
15.400695607667958
 20
144.00859622184998
 10
15.410385259631479
 20
143.98994974874373
 10
15.417957844779442
 20
143.972768937279
 10
15.42504187604689
 20
143.95249395123767
 10
15.431637353433825
 20
143.92912479061977
 10
15.437744276940245
 20
143.90266145542526
 10
15.443362646566152
 20
143.8731039456542
 10
15.448492462311547
 20
143.84045226130652
 10
15.453296575469931
 20
143.80576493579005
 10
15.45793783733481
 20
143.77010050251255
 10
15.462416247906187
 20
143.73345896147404
 10
15.466731807184058
 20
143.69584031267448
 10
15.470884515168423
 20
143.6572445561139
 10
15.474874371859284
 20
143.61767169179228
 10
15.478457100316385
 20
143.57818025311744
 10
15.481388423599467
 20
143.5398287734971
 10
15.483668341708531
 20
143.50261725293132
 10
15.485296854643577
 20
143.46654569142007
 10
15.486273962404605
 20
143.43161408896333
 10
15.486599664991614
 20
143.39782244556113
 10
15.484238321235798
 20
143.29872743346363
 10
15.477154289968349
 20
143.20468081146473
 10
15.465347571189268
 20
143.1156825795645
 10
15.448818164898556
 20
143.0317327377629
 10
15.42756607109621
 20
142.95283128605993
 10
15.401591289782234
 20
142.8789782244556
 10
15.37219663130466
 20
142.80984785036293
 10
15.340684906011528
 20
142.74511446119487
 10
15.307056113902837
 20
142.68477805695142
 10
15.271310254978586
 20
142.6288386376326
 10
15.233447329238775
 20
142.5772962032384
 10
15.193467336683407
 20
142.53015075376885
 10
15.152428810720258
 20
142.48675088404988
 10
15.111390284757107
 20
142.4464451889075
 10
15.070351758793958
 20
142.4092336683417
 10
15.029313232830809
 20
142.3751163223525
 10
14.98827470686766
 20
142.3440931509399
 10
14.947236180904511
 20
142.31616415410386
 10
14.907663316582903
 20
142.2908407779639
 10
14.871021775544378
 20
142.2676344686395
 10
14.837311557788933
 20
142.24654522613065
 10
14.806532663316572
 20
142.22757305043737
 10
14.778685092127292
 20
142.21071794155964
 10
14.753768844221094
 20
142.19597989949747
  0
LWPOLYLINE
  5
FD
330
17
100
AcDbEntity
  8
LETRAS
100
AcDbPolyline
 90
250
 70
1
 10
13.235343383584578
 20
140.93551088777218
 10
13.232737762888506
 20
140.95187744276942
 10
13.228829331844397
 20
140.96970965940815
 10
13.22361809045225
 20
140.98900753768845
 10
13.217104038712069
 20
141.00977107761028
 10
13.20928717662385
 20
141.03200027917364
 10
13.200167504187593
 20
141.05569514237857
 10
13.188442211055266
 20
141.08118136981201
 10
13.172808486878829
 20
141.10878466406103
 10
13.15326633165828
 20
141.13850502512562
 10
13.129815745393625
 20
141.17034245300576
 10
13.102456728084858
 20
141.20429694770147
 10
13.071189279731982
 20
141.24036850921274
 10
11.6289782244556
 20
142.87018425460636
 10
11.523450586264646
 20
142.70603015075378
 10
11.499755723059732
 20
142.66515447608413
 10
11.479480737018415
 20
142.6246045040015
 10
11.462625628140692
 20
142.58438023450586
 10
11.449190396426566
 20
142.54448166759724
 10
11.439175041876036
 20
142.50490880327564
 10
11.432579564489101
 20
142.46566164154103
 10
11.429403964265763
 20
142.42722873627397
 10
11.429648241206019
 20
142.3900986413549
 10
11.433312395309873
 20
142.35427135678393
 10
11.44039642657732
 20
142.31974688256096
 10
11.450900335008365
 20
142.28652521868602
 10
11.464824120603005
 20
142.25460636515913
 10
11.734505862646555
 20
141.7211055276382
 10
11.769030336869521
 20
141.64668248650662
 10
11.798343569700343
 20
141.57584217383211
 10
11.822445561139018
 20
141.50858458961474
 10
11.841336311185547
 20
141.44490973385444
 10
11.85501581983993
 20
141.38481760655128
 10
11.863484087102167
 20
141.3283082077052
 10
11.867066815559268
 20
141.27359017308765
 10
11.86608970779824
 20
141.21887213847012
 10
11.860552763819085
 20
141.1641541038526
 10
11.850455983621803
 20
141.10943606923507
 10
11.835799367206391
 20
141.05471803461754
 10
11.816582914572853
 20
141.0
 10
10.884422110552753
 20
141.0
 10
10.884422110552753
 20
141.19346733668343
 10
11.0075376884422
 20
141.19346733668343
 10
11.032861064582159
 20
141.19566582914572
 10
11.054113158384505
 20
141.20226130653268
 10
11.071293969849236
 20
141.21325376884423
 10
11.084403498976352
 20
141.2286432160804
 10
11.093441745765855
 20
141.2484296482412
 10
11.098408710217745
 20
141.27261306532662
 10
11.099955797506038
 20
141.30249627768472
 10
11.098734412804754
 20
141.3393820956635
 10
11.094744556113891
 20
141.383270519263
 10
11.087986227433452
 20
141.43416154848316
 10
11.078459426763436
 20
141.49205518332403
 10
11.066164154103841
 20
141.5569514237856
 10
11.001675041876036
 20
141.86180904522612
 10
10.992799646380037
 20
141.91725991066443
 10
10.98571561511259
 20
141.97026800670017
 10
10.980422948073691
 20
142.02083333333334
 10
10.976921645263344
 20
142.06895589056393
 10
10.975211706681545
 20
142.11463567839195
 10
10.975293132328298
 20
142.1578726968174
 10
10.978061604317874
 20
142.20029545877537
 10
10.984412804764553
 20
142.24353247720083
 10
10.994346733668332
 20
142.2875837520938
 10
11.00786339102921
 20
142.3324492834543
 10
11.024962776847188
 20
142.37812907128233
 10
11.045644891122267
 20
142.4246231155779
 10
11.070154010794704
 20
142.47347850362925
 10
11.098734412804754
 20
142.52624232272473
 10
11.131386097152419
 20
142.58291457286433
 10
11.168109063837697
 20
142.64349525404802
 10
11.208903312860588
 20
142.7079843662758
 10
11.253768844221096
 20
142.77638190954775
 10
11.453098827470676
 20
143.0753768844221
 10
11.11892797319932
 20
143.4505862646566
 10
11.089451889074994
 20
143.48413363111857
 10
11.063558533407768
 20
143.5183324027545
 10
11.041247906197643
 20
143.5531825795645
 10
11.02252000744462
 20
143.58868416154849
 10
11.007374837148696
 20
143.6248371487065
 10
10.995812395309873
 20
143.66164154103853
 10
10.986855574167121
 20
143.69844593337055
 10
10.979527265959415
 20
143.73459892052858
 10
10.973827470686757
 20
143.77010050251255
 10
10.969756188349143
 20
143.80495067932253
 10
10.967313418946574
 20
143.8391494509585
 10
10.966499162479051
 20
143.87269681742043
 10
10.968779080588115
 20
143.93449888330542
 10
10.975618834915307
 20
143.99483528754885
 10
10.987018425460626
 20
144.05370603015075
 10
11.002977852224072
 20
144.11111111111111
 10
11.023497115205647
 20
144.16705053042992
 10
11.04857621440535
 20
144.2215242881072
 10
11.075446677833602
 20
144.27404383026243
 10
11.101340033500827
 20
144.32412060301507
 10
11.126256281407024
 20
144.37175460636516
 10
11.150195421552194
 20
144.41694584031268
 10
11.173157453936337
 20
144.45969430485763
 10
11.195142378559453
 20
144.5
 10
11.306532663316572
 20
144.5
 10
11.306532663316572
 20
144.45896147403684
 10
11.307916899311362
 20
144.43029964638004
 10
11.312069607295728
 20
144.40294062907128
 10
11.318990787269671
 20
144.37688442211055
 10
11.328680439233192
 20
144.35213102549787
 10
11.341138563186291
 20
144.3286804392332
 10
11.356365159128968
 20
144.30653266331657
 10
11.373383119300193
 20
144.284710589987
 10
11.391215335938943
 20
144.26223711148333
 10
11.409861809045216
 20
144.2391122278057
 10
11.42932253861901
 20
144.21533593895404
 10
11.449597524660328
 20
144.19090824492835
 10
11.470686767169168
 20
144.16582914572865
 10
12.701842546063641
 20
142.77051926298157
 10
12.706402382281768
 20
142.79022426949564
 10
12.712265028847932
 20
142.81025497859667
 10
12.719430485762134
 20
142.83061139028476
 10
12.72789875302437
 20
142.85129350455983
 10
12.737669830634644
 20
142.87230132142193
 10
12.748743718592955
 20
142.89363484087102
 10
12.76861157640051
 20
142.92653080215894
 10
12.789130839382086
 20
142.95877535827285
 10
12.810301507537677
 20
142.99036850921274
 10
12.83212358086729
 20
143.0213102549786
 10
12.854597059370917
 20
143.05160059557045
 10
12.877721943048565
 20
143.08123953098828
 10
13.036013400334998
 20
143.26298157453937
 10
12.91289782244555
 20
143.28056951423787
 10
12.844581704820389
 20
143.2932719151312
 10
12.784245300576949
 20
143.31183696259072
 10
12.731888609715233
 20
143.3362646566164
 10
12.687511632235239
 20
143.36655499720825
 10
12.65111436813697
 20
143.4027079843663
 10
12.622696817420424
 20
143.44472361809045
 10
12.600304764563548
 20
143.49081053415225
 10
12.581983994044284
 20
143.5391773683231
 10
12.567734505862635
 20
143.58982412060303
 10
12.5575563000186
 20
143.642750790992
 10
12.55144937651218
 20
143.69795737949005
 10
12.549413735343373
 20
143.75544388609714
 10
12.551612227805684
 20
143.83809091755072
 10
12.558207705192618
 20
143.9179694770147
 10
12.569200167504176
 20
143.99507956448912
 10
12.584589614740358
 20
144.06942117997394
 10
12.604376046901162
 20
144.1409943234692
 10
12.628559463986589
 20
144.20979899497488
 10
12.653719988833043
 20
144.27404383026243
 10
12.67643774427693
 20
144.3319374651033
 10
12.696712730318247
 20
144.38347989949747
 10
12.714544946956996
 20
144.428671133445
 10
12.729934394193178
 20
144.46751116694583
 10
12.74288107202679
 20
144.5
 10
12.854271356783908
 20
144.5
 10
12.854271356783908
 20
144.41206030150755
 10
12.855248464544935
 20
144.3856783919598
 10
12.858179787828018
 20
144.3612506979341
 10
12.863065326633155
 20
144.33877721943048
 10
12.869905080960347
 20
144.31825795644892
 10
12.878699050809592
 20
144.29969290898939
 10
12.889447236180894
 20
144.28308207705192
 10
12.903126744835276
 20
144.2684254606365
 10
12.92071468453377
 20
144.25572305974316
 10
12.94221105527637
 20
144.24497487437185
 10
12.967615857063082
 20
144.23618090452263
 10
12.996929089893904
 20
144.2293411501954
 10
13.030150753768833
 20
144.22445561139028
 10
13.340871021775534
 20
144.18341708542712
 10
13.394693374278791
 20
144.17242462311557
 10
13.442815931509388
 20
144.15508096035734
 10
13.485238693467327
 20
144.13138609715242
 10
13.521961660152604
 20
144.10134003350083
 10
13.552984831565222
 20
144.06494276940256
 10
13.57830820770518
 20
144.02219430485763
 10
13.598908896333509
 20
143.97472315280103
 10
13.615764005211231
 20
143.92415782616789
 10
13.628873534338348
 20
143.87049832495813
 10
13.63823748371486
 20
143.81374464917178
 10
13.643855853340767
 20
143.75389679880885
 10
13.645728643216069
 20
143.69095477386935
 10
13.644832961101795
 20
143.64389075004652
 10
13.64214591475897
 20
143.5965010236367
 10
13.637667504187593
 20
143.54878559463987
 10
13.631397729387668
 20
143.500744463056
 10
13.623336590359193
 20
143.45237762888516
 10
13.613484087102167
 20
143.4036850921273
 10
13.6021659222036
 20
143.35515540666293
 10
13.589707798250501
 20
143.3072771263726
 10
13.57610971524287
 20
143.26005025125627
 10
13.561371673180709
 20
143.21347478131398
 10
13.545493672064012
 20
143.1675507165457
 10
13.528475711892787
 20
143.12227805695142
 10
13.469849246231146
 20
143.12227805695142
 10
13.463416620137716
 20
143.13726037595384
 10
13.455844034989752
 20
143.15093988460822
 10
13.447131490787259
 20
143.16331658291458
 10
13.437278987530233
 20
143.17439047087288
 10
13.426286525218675
 20
143.18416154848316
 10
13.414154103852585
 20
143.1926298157454
 10
13.399416061790424
 20
143.2002838265401
 10
13.380606737390647
 20
143.20761213474782
 10
13.357726130653255
 20
143.21461474036852
 10
13.33077424157825
 20
143.2212916434022
 10
13.299751070165632
 20
143.22764284384888
 10
13.2646566164154
 20
143.23366834170855
 10
13.229480737018415
 20
143.2395309882747
 10
13.129815745393625
 20
143.08710217755444
 10
13.103515261492637
 20
143.0428066257212
 10
13.07933184440721
 20
142.999813884236
 10
13.057265494137344
 20
142.95812395309883
 10
13.037316210683034
 20
142.91773683230969
 10
13.019483994044284
 20
142.87865252186862
 10
13.003768844221096
 20
142.84087102177554
 10
12.990170761213465
 20
142.80406662944353
 10
12.978689745021393
 20
142.7679136422855
 10
12.969325795644881
 20
142.7324120603015
 10
12.962078913083928
 20
142.69756188349155
 10
12.956949097338534
 20
142.66336311185557
 10
12.9539363484087
 20
142.62981574539364
 10
12.952307835473654
 20
142.60620230783547
 10
12.951330727712627
 20
142.58226316769031
 10
12.951005025125617
 20
142.55799832495813
 10
12.951330727712627
 20
142.53340777963894
 10
12.952307835473654
 20
142.50849153173274
 10
12.9539363484087
 20
142.48324958123953
 10
13.311557788944713
 20
142.0787269681742
 10
13.34217383212357
 20
142.04265540666293
 10
13.37148706495439
 20
142.00479248092313
 10
13.399497487437175
 20
141.96513819095478
 10
13.426205099571924
 20
141.92369253675787
 10
13.451609901358633
 20
141.8804555183324
 10
13.475711892797309
 20
141.8354271356784
 10
13.49720826353991
 20
141.78828168620882
 10
13.514796203238404
 20
141.73869346733667
 10
13.528475711892787
 20
141.68666247906197
 10
13.53824678950306
 20
141.6321887213847
 10
13.544109436069224
 20
141.57527219430486
 10
13.546063651591279
 20
141.51591289782243
 10
13.544109436069224
 20
141.45818211427508
 10
13.53824678950306
 20
141.40224269495627
 10
13.528475711892787
 20
141.348094639866
 10
13.514796203238403
 20
141.2957379490043
 10
13.49720826353991
 20
141.24517262237111
 10
13.475711892797309
 20
141.1963986599665
 10
13.452098455239149
 20
141.14925321049694
 10
13.428159315093978
 20
141.1035734226689
 10
13.403894472361799
 20
141.0593592964824
 10
13.37930392704261
 20
141.01661083193747
 10
13.354387679136412
 20
140.97532802903405
 10
13.329145728643205
 20
140.93551088777218
  0
LWPOLYLINE
  5
FE
330
17
100
AcDbEntity
  8
LETRAS
100
AcDbPolyline
 90
154
 70
1
 10
42.46356783919598
 20
134.97654941373534
 10
42.451761120416904
 20
134.9766308393821
 10
42.43979155034432
 20
134.97687511632236
 10
42.42765912897823
 20
134.9772822445561
 10
42.415363856318635
 20
134.9778522240834
 10
42.40290573236553
 20
134.97858505490416
 10
42.390284757118934
 20
134.97948073701843
 10
42.37782663316583
 20
134.9805392704262
 10
42.365857063093245
 20
134.9817606551275
 10
42.35437604690117
 20
134.98314489112227
 10
42.34338358458962
 20
134.98469197841058
 10
42.332879676158576
 20
134.98640191699238
 10
42.322864321608044
 20
134.98827470686768
 10
42.322864321608044
 20
135.03517587939697
 10
42.32701702959241
 20
135.04445840312675
 10
42.33165829145729
 20
135.0566722501396
 10
42.336788107202686
 20
135.0718174204355
 10
42.34240647682859
 20
135.0898939140145
 10
42.34851340033501
 20
135.1109017308766
 10
42.355108877721946
 20
135.13484087102177
 10
42.360075842173835
 20
135.1644798064396
 10
42.36129722687512
 20
135.20258700911967
 10
42.3587730318258
 20
135.24916247906197
 10
42.35250325702587
 20
135.30420621626652
 10
42.34248790247534
 20
135.3677182207333
 10
42.32872696817421
 20
135.4396984924623
 10
42.17043551088778
 20
136.19011725293132
 10
42.15805881258143
 20
136.2559906011539
 10
42.148287734971156
 20
136.320723990322
 10
42.141122278056955
 20
136.3843174204355
 10
42.13656244183883
 20
136.4467708914945
 10
42.13460822631677
 20
136.50808440349897
 10
42.13525963149079
 20
136.56825795644892
 10
42.13835380606738
 20
136.62794295551834
 10
42.14372789875303
 20
136.68779080588126
 10
42.151381909547744
 20
136.7478015075377
 10
42.16131583845152
 20
136.80797506048762
 10
42.17352968546436
 20
136.86831146473105
 10
42.188023450586265
 20
136.92881072026802
 10
42.20235436441467
 20
136.97994602642845
 10
42.217988088591106
 20
137.0317327377629
 10
42.23492462311558
 20
137.08417085427135
 10
42.253163967988094
 20
137.13726037595384
 10
42.272706123208636
 20
137.19100130281035
 10
42.29355108877722
 20
137.24539363484087
 10
42.082495812395315
 20
137.28056951423787
 10
42.01246975618835
 20
137.29384189465847
 10
41.95091196724363
 20
137.31020844965568
 10
41.89782244556114
 20
137.32966917922948
 10
41.85320119114089
 20
137.35222408337987
 10
41.81704820398288
 20
137.37787316210682
 10
41.789363484087104
 20
137.40661641541038
 10
41.7678671133445
 20
137.43991950493208
 10
41.750279173646014
 20
137.4792480923134
 10
41.73659966499163
 20
137.52460217755444
 10
41.726828587381355
 20
137.57598176065514
 10
41.72096594081519
 20
137.63338684161548
 10
41.719011725293136
 20
137.6968174204355
 10
41.72015168434767
 20
137.7531639679881
 10
41.723571561511264
 20
137.80885911036665
 10
41.729271356783926
 20
137.86390284757118
 10
41.73725107016565
 20
137.9182951796017
 10
41.74751070165643
 20
137.9720361064582
 10
41.76005025125628
 20
138.0251256281407
 10
41.77397403685092
 20
138.0769937651219
 10
41.78838637632608
 20
138.12707053787454
 10
41.803287269681746
 20
138.17535594639867
 10
41.81867671691793
 20
138.2218499906942
 10
41.83455471803462
 20
138.2665526707612
 10
41.85092127303183
 20
138.30946398659967
 10
41.86696212544203
 20
138.34976968174203
 10
41.881863018797695
 20
138.38665549972083
 10
41.89562395309883
 20
138.420121440536
 10
41.90824492834543
 20
138.45016750418762
 10
41.919725944537504
 20
138.4767936906756
 10
41.93006700167504
 20
138.5
 10
42.04145728643216
 20
138.5
 10
42.04145728643216
 20
138.42378559463987
 10
42.042434394193194
 20
138.39569374651032
 10
42.04536571747627
 20
138.37004466778336
 10
42.05025125628141
 20
138.34683835845897
 10
42.0570910106086
 20
138.32607481853714
 10
42.065884980457845
 20
138.30775404801787
 10
42.07663316582915
 20
138.29187604690117
 10
42.090312674483535
 20
138.27795226130652
 10
42.10790061418202
 20
138.26549413735344
 10
42.129396984924625
 20
138.25450167504187
 10
42.15480178671134
 20
138.24497487437185
 10
42.184115019542155
 20
138.2369137353434
 10
42.21733668341709
 20
138.23031825795644
 10
42.66876046901173
 20
138.16582914572865
 10
42.733656709473294
 20
138.15451098083008
 10
42.79155034431417
 20
138.13619021031082
 10
42.84244137353434
 20
138.11086683417085
 10
42.88632979713382
 20
138.07854085241019
 10
42.9232156151126
 20
138.03921226502885
 10
42.95309882747069
 20
137.9928810720268
 10
42.977282244556115
 20
137.9418271915131
 10
42.99706867671692
 20
137.88833054159687
 10
43.0124581239531
 20
137.83239112227807
 10
43.02345058626466
 20
137.77400893355667
 10
43.0300460636516
 20
137.7131839754327
 10
43.03224455611391
 20
137.6499162479062
 10
43.0303717662386
 20
137.57964591475897
 10
43.024753396612695
 20
137.51344686394938
 10
43.01538944723618
 20
137.45131909547737
 10
43.00227991810907
 20
137.393262609343
 10
42.98542480923135
 20
137.33927740554626
 10
42.96482412060302
 20
137.2893634840871
 10
42.94340917550717
 20
137.24384654755258
 10
42.92411129722688
 20
137.20305229852968
 10
42.906930485762146
 20
137.16698073701843
 10
42.89186674111298
 20
137.1356318630188
 10
42.87892006327936
 20
137.1090056765308
 10
42.868090452261306
 20
137.08710217755444
 10
42.81532663316583
 20
137.08710217755444
 10
42.81304671505677
 20
137.09679182951797
 10
42.810115391773685
 20
137.10631863018799
 10
42.80653266331659
 20
137.1156825795645
 10
42.802298529685466
 20
137.1248836776475
 10
42.79741299088033
 20
137.133921924437
 10
42.79187604690117
 20
137.142797319933
 10
42.78454773869347
 20
137.15118416154849
 10
42.774288107202686
 20
137.15875674669644
 10
42.76109715242881
 20
137.16551507537687
 10
42.74497487437186
 20
137.17145914758981
 10
42.72592127303183
 20
137.1765889633352
 10
42.70393634840871
 20
137.18090452261308
 10
42.48701842546064
 20
137.21608040201005
 10
42.479690117252936
 20
137.1815559277871
 10
42.473338916806256
 20
137.14442583286805
 10
42.46796482412061
 20
137.10469011725294
 10
42.46356783919598
 20
137.06234878094173
 10
42.46014796203239
 20
137.01740182393448
 10
42.45770519262982
 20
136.96984924623115
 10
42.45395961287922
 20
136.8999860413177
 10
42.454448166759725
 20
136.82719151312116
 10
42.45917085427136
 20
136.75146566164153
 10
42.46812767541411
 20
136.67280848687884
 10
42.48131863018798
 20
136.59121998883305
 10
42.49874371859297
 20
136.5067001675042
 10
42.72738693467337
 20
135.52177554438862
 10
42.743264935790066
 20
135.43554578447794
 10
42.75181462869905
 20
135.35664433277498
 10
42.75303601340034
 20
135.28507118927973
 10
42.74692908989392
 20
135.22082635399218
 10
42.73349385817979
 20
135.16390982691235
 10
42.71273031825796
 20
135.1143216080402
 10
42.68545272659595
 20
135.07222454866928
 10
42.65247533966127
 20
135.03778150009305
 10
42.61379815745394
 20
135.01099246231155
 10
42.56942117997394
 20
134.99185743532476
 10
42.5193444072213
 20
134.9803764191327
 10
42.46356783919598
 20
134.97654941373534
  0
LWPOLYLINE
  5
FF
330
17
100
AcDbEntity
  8
LETRAS
100
AcDbPolyline
 90
133
 70
1
 10
38.88149078726968
 20
135.0
 10
39.10427135678392
 20
135.94388609715242
 10
40.57579564489112
 20
135.94388609715242
 10
40.62473245858924
 20
135.94592173832123
 10
40.669923692536756
 20
135.95202866182765
 10
40.71136934673367
 20
135.96220686767168
 10
40.749069421179975
 20
135.97645635585334
 10
40.783023915875674
 20
135.9947771263726
 10
40.81323283082077
 20
136.01716917922948
 10
40.840347571189284
 20
136.04330681183697
 10
40.865019542155224
 20
136.07286432160805
 10
40.887248743718594
 20
136.10584170854273
 10
40.9070351758794
 20
136.142238972641
 10
40.92437883863763
 20
136.18205611390286
 10
40.9392797319933
 20
136.22529313232832
 10
40.95181928159315
 20
136.27203145356413
 10
40.962078913083936
 20
136.32235250325704
 10
40.970058626465665
 20
136.37625628140702
 10
40.97575842173832
 20
136.43374278801414
 10
40.979178298901914
 20
136.49481202307837
 10
40.98031825795645
 20
136.55946398659967
 10
40.9768169551461
 20
136.6665387120789
 10
40.96631304671506
 20
136.76498231900243
 10
40.94880653266332
 20
136.85479480737018
 10
40.92429741299088
 20
136.9359761771822
 10
40.892785687697746
 20
137.0085264284385
 10
40.85427135678392
 20
137.07244556113903
 10
40.806637353433835
 20
137.12708217010982
 10
40.74776661083194
 20
137.1717848501768
 10
40.67765912897823
 20
137.20655360134003
 10
40.596314907872696
 20
137.23138842359947
 10
40.50373394751536
 20
137.24628931695514
 10
40.3999162479062
 20
137.25125628140702
 10
39.403266331658294
 20
137.25125628140702
 10
39.33837009119672
 20
137.25426903033687
 10
39.280476456355856
 20
137.2633072771264
 10
39.22958542713568
 20
137.27837102177554
 10
39.1856970035362
 20
137.2994602642844
 10
39.14881118555742
 20
137.32657500465288
 10
39.118927973199334
 20
137.35971524288107
 10
39.0947445561139
 20
137.39920668155594
 10
39.0749581239531
 20
137.44537502326446
 10
39.05956867671692
 20
137.4982202680067
 10
39.04857621440536
 20
137.55774241578263
 10
39.04198073701843
 20
137.6239414665922
 10
39.039782244556115
 20
137.6968174204355
 10
39.04084077796389
 20
137.758782337614
 10
39.04401637818723
 20
137.81960729573794
 10
39.04930904522613
 20
137.87929229480736
 10
39.05671877908059
 20
137.93783733482226
 10
39.06624557975061
 20
137.99524241578263
 10
39.07788944723618
 20
138.05150753768845
 10
39.090754699423044
 20
138.10589986971897
 10
39.10394565419691
 20
138.1576865810534
 10
39.11746231155779
 20
138.20686767169178
 10
39.131304671505674
 20
138.2534431416341
 10
39.145472734040574
 20
138.29741299088033
 10
39.15996649916248
 20
138.33877721943048
 10
39.17389028475712
 20
138.37664014517028
 10
39.18634840871022
 20
138.4101060859855
 10
39.19734087102177
 20
138.43917504187604
 10
39.20686767169179
 20
138.463847012842
 10
39.21492881072027
 20
138.4841219988833
 10
39.221524288107204
 20
138.5
 10
39.332914572864325
 20
138.5
 10
39.332914572864325
 20
138.3710217755444
 10
39.33389168062535
 20
138.3501768099758
 10
39.33682300390843
 20
138.33063465475527
 10
39.34170854271357
 20
138.31239530988276
 10
39.34854829704076
 20
138.29545877535827
 10
39.35734226689001
 20
138.27982505118183
 10
39.368090452261306
 20
138.26549413735344
 10
39.38079285315466
 20
138.25295458775358
 10
39.395449469570075
 20
138.2426949562628
 10
39.41206030150754
 20
138.23471524288107
 10
39.430625348967055
 20
138.22901544760842
 10
39.451144611948635
 20
138.22559557044482
 10
39.47361809045226
 20
138.22445561139028
 10
40.505443886097154
 20
138.22445561139028
 10
40.57384142936907
 20
138.2218499906942
 10
40.63833054159687
 20
138.214033128606
 10
40.698911222780566
 20
138.20100502512562
 10
40.75558347292016
 20
138.1827656802531
 10
40.80834729201563
 20
138.15931509398845
 10
40.857202680067005
 20
138.13065326633165
 10
40.90231248836776
 20
138.09710589986972
 10
40.94383956821143
 20
138.05899869718965
 10
40.98178391959799
 20
138.01633165829145
 10
41.016145542527454
 20
137.96910478317514
 10
41.04692443699982
 20
137.9173180718407
 10
41.074120603015075
 20
137.86097152428812
 10
41.08096035734226
 20
137.84582635399218
 10
41.089754327191514
 20
137.82384142936905
 10
41.10050251256281
 20
137.79501675041877
 10
41.11320491345617
 20
137.75935231714126
 10
41.12786152987158
 20
137.71684812953657
 10
41.14447236180904
 20
137.6675041876047
 10
41.16197887586078
 20
137.61132049134562
 10
41.17932253861902
 20
137.54829704075937
 10
41.19650335008375
 20
137.4784338358459
 10
41.213521310254976
 20
137.40173087660526
 10
41.2303764191327
 20
137.3181881630374
 10
41.24706867671692
 20
137.22780569514237
 10
41.26229527265959
 20
137.13058347292016
 10
41.274753396612695
 20
137.02652149637075
 10
41.284443048576215
 20
136.91561976549414
 10
41.29136422855016
 20
136.79787828029035
 10
41.295516936534526
 20
136.67329704075937
 10
41.29690117252932
 20
136.54187604690117
 10
41.29437697747999
 20
136.37438349153174
 10
41.28680439233203
 20
136.21975618834915
 10
41.274183417085425
 20
136.07799413735344
 10
41.25651405174018
 20
135.94909733854456
 10
41.2337962962963
 20
135.83306579192256
 10
41.20603015075377
 20
135.72989949748742
 10
41.17435557416713
 20
135.63650428066256
 10
41.139912525590915
 20
135.54978596687138
 10
41.102701005025125
 20
135.4697445561139
 10
41.06272101246976
 20
135.39638004839009
 10
41.01997254792481
 20
135.32969244369997
 10
40.97445561139028
 20
135.26968174204356
 10
40.93683696259073
 20
135.22660757491158
 10
40.89824120603015
 20
135.18727898753025
 10
40.858668341708544
 20
135.1516959798995
 10
40.81811836962591
 20
135.11985855201937
 10
40.776591289782246
 20
135.09176670388982
 10
40.734087102177554
 20
135.06742043551088
 10
40.69076865810534
 20
135.04681974688256
 10
40.64679880885911
 20
135.02996463800483
 10
40.60217755443886
 20
135.01685510887773
 10
40.55690489484459
 20
135.0074911595012
 10
40.510980830076306
 20
135.0018727898753
 10
40.464405360134
 20
135.0
  0
LWPOLYLINE
  5
100
330
17
100
AcDbEntity
  8
LETRAS
100
AcDbPolyline
 90
110
 70
1
 10
38.00209380234506
 20
134.97654941373534
 10
37.99036850921273
 20
134.9766308393821
 10
37.9786432160804
 20
134.97687511632236
 10
37.96691792294807
 20
134.9772822445561
 10
37.95519262981574
 20
134.9778522240834
 10
37.94346733668342
 20
134.97858505490416
 10
37.93174204355109
 20
134.97948073701843
 10
37.92017960171226
 20
134.9805392704262
 10
37.90894286246045
 20
134.9817606551275
 10
37.89803182579564
 20
134.98314489112227
 10
37.887446491717846
 20
134.98469197841058
 10
37.87718686022706
 20
134.98640191699238
 10
37.86725293132328
 20
134.98827470686768
 10
37.86725293132328
 20
135.03517587939697
 10
37.876535455053045
 20
135.0496696445189
 10
37.88484087102177
 20
135.06579192257584
 10
37.89216917922948
 20
135.08354271356785
 10
37.89852037967616
 20
135.10292201749488
 10
37.903894472361806
 20
135.12392983435697
 10
37.90829145728643
 20
135.1465661641541
 10
37.91187418574353
 20
135.17425088404988
 10
37.914805509026614
 20
135.2104038712079
 10
37.917085427135675
 20
135.25502512562815
 10
37.918713940070724
 20
135.30811464731062
 10
37.91969104783175
 20
135.36967243625534
 10
37.92001675041876
 20
135.4396984924623
 10
37.92001675041876
 20
136.79983249581238
 10
37.91879536571747
 20
136.8789782244556
 10
37.91513121161362
 20
136.94835287548855
 10
37.909024288107204
 20
137.00795644891122
 10
37.90047459519821
 20
137.05778894472363
 10
37.889482132886656
 20
137.09785036292573
 10
37.87604690117253
 20
137.1281407035176
 10
37.858051833240275
 20
137.15207984366276
 10
37.833379862274334
 20
137.17308766052486
 10
37.80203098827471
 20
137.19116415410386
 10
37.76400521124139
 20
137.20630932439977
 10
37.71930253117439
 20
137.2185231714126
 10
37.6679229480737
 20
137.22780569514237
 10
37.198911222780566
 20
137.29229480737018
 10
37.15640703517588
 20
137.30214731062722
 10
37.11878838637632
 20
137.31607109622186
 10
37.086055276381906
 20
137.3340661641541
 10
37.05820770519263
 20
137.35613251442396
 10
37.035245672808486
 20
137.38227014703145
 10
37.01716917922948
 20
137.41247906197654
 10
37.00283826540108
 20
137.44610785408526
 10
36.99111297226875
 20
137.4825051181835
 10
36.981993299832496
 20
137.52167085427135
 10
36.97547924809231
 20
137.56360506234878
 10
36.9715708170482
 20
137.60830774241578
 10
36.97026800670017
 20
137.65577889447235
 10
36.9714079657547
 20
137.71261399590546
 10
36.974827842918295
 20
137.76977479992556
 10
36.98052763819096
 20
137.82726130653268
 10
36.98850735157268
 20
137.8850735157268
 10
36.99876698306346
 20
137.94321142750792
 10
37.01130653266331
 20
138.00167504187604
 10
37.02531174390471
 20
138.05916154848316
 10
37.03996836032012
 20
138.1143681369812
 10
37.05527638190954
 20
138.16729480737018
 10
37.071235808672995
 20
138.21794155965011
 10
37.08784664061046
 20
138.26630839382096
 10
37.10510887772194
 20
138.31239530988276
 10
37.12171970965941
 20
138.35522520007444
 10
37.13637632607482
 20
138.39382095663504
 10
37.14907872696817
 20
138.4281825795645
 10
37.159826912339476
 20
138.45831006886283
 10
37.16862088218872
 20
138.48420342453005
 10
37.175460636515915
 20
138.50586264656616
 10
37.28685092127303
 20
138.50586264656616
 10
37.28685092127303
 20
138.43551088777218
 10
37.28766517774055
 20
138.40554624976735
 10
37.29010794714312
 20
138.3781872324586
 10
37.29417922948073
 20
138.3534338358459
 10
37.299879024753395
 20
138.33128605992928
 10
37.3072073329611
 20
138.31174390470872
 10
37.31616415410385
 20
138.29480737018426
 10
37.32756374464917
 20
138.28015075376885
 10
37.342220361064584
 20
138.26744835287548
 10
37.36013400335008
 20
138.2567001675042
 10
37.381304671505674
 20
138.24790619765494
 10
37.40573236553136
 20
138.24106644332775
 10
37.43341708542714
 20
138.23618090452263
 10
37.8320770519263
 20
138.1716917922948
 10
37.909024288107204
 20
138.15727945281967
 10
37.97571189279732
 20
138.13749302065884
 10
38.03213986599665
 20
138.11233249581238
 10
38.07830820770519
 20
138.0817978782803
 10
38.114216917922946
 20
138.04588916806253
 10
38.13986599664992
 20
138.00460636515913
 10
38.1590010236367
 20
137.95664665922203
 10
38.17536757863391
 20
137.90070723990323
 10
38.18896566164154
 20
137.8367881072027
 10
38.19979527265959
 20
137.76488926112043
 10
38.20785641168807
 20
137.68501070165644
 10
38.213149078726964
 20
137.59715242881072
 10
38.33040201005025
 20
135.52177554438862
 10
38.33186767169179
 20
135.43383584589614
 10
38.328447794528195
 20
135.3537130094919
 10
38.32014237855946
 20
135.28140703517587
 10
38.30695142378559
 20
135.21691792294808
 10
38.28887493020659
 20
135.1602456728085
 10
38.265912897822446
 20
135.1113902847571
 10
38.237413921459144
 20
135.07018890750047
 10
38.20272659594268
 20
135.03647868974502
 10
38.16185092127303
 20
135.01025963149078
 10
38.114786897450216
 20
134.99153173273777
 10
38.06153452447422
 20
134.98029499348596
 10
38.00209380234506
 20
134.97654941373534
  0
LWPOLYLINE
  5
101
330
17
100
AcDbEntity
  8
LETRAS
100
AcDbPolyline
 90
110
 70
1
 10
36.10259631490787
 20
134.97654941373534
 10
36.09087102177554
 20
134.9766308393821
 10
36.07914572864321
 20
134.97687511632236
 10
36.06742043551088
 20
134.9772822445561
 10
36.05569514237855
 20
134.9778522240834
 10
36.043969849246224
 20
134.97858505490416
 10
36.032244556113895
 20
134.97948073701843
 10
36.020682114275075
 20
134.9805392704262
 10
36.00944537502326
 20
134.9817606551275
 10
35.99853433835845
 20
134.98314489112227
 10
35.98794900428066
 20
134.98469197841058
 10
35.97768937278987
 20
134.98640191699238
 10
35.96775544388609
 20
134.98827470686768
 10
35.96775544388609
 20
135.03517587939697
 10
35.97703796761585
 20
135.0496696445189
 10
35.985343383584585
 20
135.06579192257584
 10
35.99267169179229
 20
135.08354271356785
 10
35.99902289223897
 20
135.10292201749488
 10
36.00439698492462
 20
135.12392983435697
 10
36.00879396984924
 20
135.1465661641541
 10
36.01237669830634
 20
135.17425088404988
 10
36.015308021589426
 20
135.2104038712079
 10
36.01758793969849
 20
135.25502512562815
 10
36.019216452633536
 20
135.30811464731062
 10
36.02019356039456
 20
135.36967243625534
 10
36.02051926298157
 20
135.4396984924623
 10
36.02051926298157
 20
136.82328308207704
 10
36.01872789875302
 20
136.9027545133073
 10
36.01335380606737
 20
136.97310627210123
 10
36.00439698492462
 20
137.03433835845897
 10
35.99185743532477
 20
137.08645077238043
 10
35.97573515726781
 20
137.12944351386562
 10
35.95603015075376
 20
137.16331658291458
 10
35.931113902847564
 20
137.19018704634283
 10
35.89935790061418
 20
137.21217197096595
 10
35.860762144053595
 20
137.22927135678393
 10
35.815326633165824
 20
137.24148520379677
 10
35.76305136795086
 20
137.24881351200446
 10
35.7039363484087
 20
137.25125628140702
 10
34.4786432160804
 20
137.25125628140702
 10
34.407802903405916
 20
137.2540247533966
 10
34.34380234505862
 20
137.26233016936536
 10
34.28664154103852
 20
137.27617252931324
 10
34.236320491345616
 20
137.29555183324027
 10
34.19283919597989
 20
137.3204680811465
 10
34.156197654941366
 20
137.35092127303182
 10
34.125744463056016
 20
137.38853992183138
 10
34.10082821514982
 20
137.43495254048017
 10
34.08144891122278
 20
137.49015912897823
 10
34.067606551274885
 20
137.55415968732552
 10
34.05930113530616
 20
137.62695421552206
 10
34.05653266331658
 20
137.70854271356785
 10
34.05759119672436
 20
137.77221756932812
 10
34.060766796947696
 20
137.83426391215335
 10
34.0660594639866
 20
137.89468174204356
 10
34.07346919784105
 20
137.9534710589987
 10
34.082995998511066
 20
138.0106318630188
 10
34.09463986599665
 20
138.06616415410386
 10
34.107505118183504
 20
138.11957937837334
 10
34.12069607295737
 20
138.17038898194676
 10
34.134212730318254
 20
138.21859296482413
 10
34.14805509026614
 20
138.2641913270054
 10
34.16222315280104
 20
138.3071840684906
 10
34.176716917922946
 20
138.34757118927973
 10
34.19064070351758
 20
138.38437558161175
 10
34.20309882747068
 20
138.41662013772566
 10
34.21409128978224
 20
138.44430485762143
 10
34.223618090452256
 20
138.4674297412991
 10
34.23167922948073
 20
138.4859947887586
 10
34.238274706867664
 20
138.5
 10
34.349664991624785
 20
138.5
 10
34.349664991624785
 20
138.39447236180905
 10
34.35072352503256
 20
138.37159175507165
 10
34.35389912525591
 20
138.3498511073888
 10
34.3591917922948
 20
138.32925041876047
 10
34.36660152614926
 20
138.3097896891867
 10
34.37612832681928
 20
138.29146891866742
 10
34.38777219430485
 20
138.2742881072027
 10
34.401858831192996
 20
138.25906151126
 10
34.41871394007072
 20
138.2466033873069
 10
34.43833752093802
 20
138.2369137353434
 10
34.46072957379489
 20
138.22999255536945
 10
34.48589009864135
 20
138.22583984738506
 10
34.51381909547738
 20
138.22445561139028
 10
35.7039363484087
 20
138.22445561139028
 10
35.81850223338916
 20
138.2201400521124
 10
35.91987716359575
 20
138.2071933742788
 10
36.00806113902847
 20
138.18561557788945
 10
36.08305415968732
 20
138.15540666294436
 10
36.144856225572305
 20
138.11656662944353
 10
36.19346733668341
 20
138.06909547738692
 10
36.23230737018425
 20
138.0125046528941
 10
36.26479620323841
 20
137.9463056020845
 10
36.29093383584589
 20
137.87049832495813
 10
36.3107202680067
 20
137.78508282151498
 10
36.324155499720824
 20
137.69005909175507
 10
36.33123953098827
 20
137.5854271356784
 10
36.43090452261306
 20
135.52177554438862
 10
36.4323701842546
 20
135.43725572305974
 10
36.42895030709101
 20
135.35957565605807
 10
36.42064489112227
 20
135.2887353433836
 10
36.4074539363484
 20
135.2247347850363
 10
36.3893774427694
 20
135.1675739810162
 10
36.36641541038526
 20
135.1172529313233
 10
36.337916434021956
 20
135.07426018983807
 10
36.303229108505484
 20
135.0390843104411
 10
36.26235343383584
 20
135.01172529313232
 10
36.21528941001302
 20
134.99218313791178
 10
36.16203703703703
 20
134.98045784477947
 10
36.10259631490787
 20
134.97654941373534
  0
LWPOLYLINE
  5
102
330
17
100
AcDbEntity
  8
LETRAS
100
AcDbPolyline
 90
255
 70
1
 10
31.02554438860971
 20
134.94137353433837
 10
30.980108877721936
 20
134.94397915503444
 10
30.937604690117247
 20
134.95179601712266
 10
30.898031825795638
 20
134.96482412060303
 10
30.86139028475711
 20
134.98306346547554
 10
30.82768006700167
 20
135.00651405174017
 10
30.796901172529306
 20
135.03517587939697
 10
30.770030709101054
 20
135.06856039456542
 10
30.748045784477938
 20
135.10617904336496
 10
30.73094639865996
 20
135.14803182579564
 10
30.71873255164712
 20
135.19411874185744
 10
30.71140424343941
 20
135.24443979155035
 10
30.708961474036844
 20
135.29899497487438
 10
30.713358458961466
 20
135.3798506420994
 10
30.726549413735338
 20
135.45826353992183
 10
30.748534338358454
 20
135.5342336683417
 10
30.779313232830813
 20
135.607761027359
 10
30.818886097152422
 20
135.67884561697375
 10
30.867252931323275
 20
135.74748743718592
 10
30.92131956076679
 20
135.81368648799554
 10
30.977991810906378
 20
135.87744276940256
 10
31.037269681742035
 20
135.93875628140702
 10
31.09915317327377
 20
135.99762702400892
 10
31.163642285501574
 20
136.05405499720825
 10
31.230737018425454
 20
136.10804020100502
 10
31.80527638190954
 20
136.54187604690117
 10
31.83695095849618
 20
136.5698050437372
 10
31.86553136050623
 20
136.59887399962776
 10
31.891017587939693
 20
136.62908291457288
 10
31.91340964079657
 20
136.66043178857248
 10
31.932707519076857
 20
136.69292062162666
 10
31.948911222780563
 20
136.72654941373534
 10
31.96234645449469
 20
136.76131816489857
 10
31.973338916806245
 20
136.7972268751163
 10
31.981888609715234
 20
136.83427554438862
 10
31.987995533221657
 20
136.87246417271544
 10
31.99165968732551
 20
136.91179276009677
 10
31.992881072026794
 20
136.95226130653268
 10
31.99125255909175
 20
136.99745254048017
 10
31.98636702028661
 20
137.0392238972641
 10
31.978224455611382
 20
137.07757537688443
 10
31.966824865066062
 20
137.11250697934116
 10
31.952168248650654
 20
137.14401870463428
 10
31.93425460636515
 20
137.17211055276383
 10
31.910804020100496
 20
137.19629396984925
 10
31.87953657174762
 20
137.21608040201005
 10
31.840452261306524
 20
137.23146984924622
 10
31.793551088777214
 20
137.2424623115578
 10
31.73883305415968
 20
137.24905778894473
 10
31.676298157453928
 20
137.25125628140702
 10
30.304438860971516
 20
137.25125628140702
 10
30.252570723990313
 20
137.2552461380979
 10
30.206402382281773
 20
137.26721570817048
 10
30.165933835845888
 20
137.2871649916248
 10
30.131165084682667
 20
137.31509398846083
 10
30.102096128792102
 20
137.35100269867857
 10
30.078726968174198
 20
137.39489112227807
 10
30.05991764377442
 20
137.44496789503071
 10
30.04452819653824
 20
137.499441652708
 10
30.032558626465654
 20
137.55831239530988
 10
30.024008933556665
 20
137.6215801228364
 10
30.01887911781127
 20
137.68924483528755
 10
30.017169179229473
 20
137.76130653266333
 10
30.01782058440349
 20
137.81977014703145
 10
30.019774799925546
 20
137.87790805881258
 10
30.023031825795638
 20
137.9357202680067
 10
30.027591662013766
 20
137.9932067746138
 10
30.03345430857993
 20
138.0503675786339
 10
30.04061976549413
 20
138.107202680067
 10
30.048762330169357
 20
138.16322352503258
 10
30.057556300018604
 20
138.21794155965011
 10
30.06700167504187
 20
138.2713567839196
 10
30.077098455239152
 20
138.32346919784106
 10
30.087846640610454
 20
138.37427880141448
 10
30.09924623115577
 20
138.42378559463987
 10
30.11064582170109
 20
138.47158244928346
 10
30.121394007072393
 20
138.51726223711148
 10
30.131490787269673
 20
138.56082495812396
 10
30.140936162292938
 20
138.60227061232086
 10
30.149730132142185
 20
138.64159919970223
 10
30.157872696817414
 20
138.67881072026802
 10
30.165038153731615
 20
138.71357947143122
 10
30.17090080029778
 20
138.7455797506049
 10
30.175460636515904
 20
138.77481155778895
 10
30.178717662385996
 20
138.80127489298343
 10
30.18067187790805
 20
138.82496975618835
 10
30.18132328308207
 20
138.8458961474037
 10
30.180834729201557
 20
138.86063418946586
 10
30.179369067560014
 20
138.87358086729947
 10
30.176926298157447
 20
138.88473618090453
 10
30.173506420993853
 20
138.89410013028103
 10
30.169109436069228
 20
138.901672715429
 10
30.16373534338358
 20
138.90745393634842
 10
30.1573841429369
 20
138.91209519821328
 10
30.150055834729194
 20
138.91624790619767
 10
30.141750418760463
 20
138.9199120603015
 10
30.1324678950307
 20
138.92308766052486
 10
30.122208263539914
 20
138.92577470686768
 10
30.1109715242881
 20
138.92797319932998
 10
29.964405360133995
 20
138.9572864321608
 10
29.941606179043358
 20
138.9625790991997
 10
29.920109808300754
 20
138.97064023822819
 10
29.89991624790619
 20
138.98146984924622
 10
29.88102549785966
 20
138.99506793225387
 10
29.86343755816117
 20
139.01143448725108
 10
29.847152428810713
 20
139.03056951423787
 10
29.83282151498231
 20
139.05296156709474
 10
29.821096221849984
 20
139.07909919970223
 10
29.81197654941373
 20
139.1089824120603
 10
29.805462497673545
 20
139.142611204169
 10
29.801554066629436
 20
139.1799855760283
 10
29.8002512562814
 20
139.2211055276382
 10
29.801554066629436
 20
139.2712637260376
 10
29.805462497673545
 20
139.32011911408895
 10
29.81197654941373
 20
139.36767169179228
 10
29.821096221849984
 20
139.4139214591476
 10
29.83282151498231
 20
139.45886841615484
 10
29.847152428810713
 20
139.50251256281408
 10
29.862134747813133
 20
139.5435510887772
 10
29.875814256467514
 20
139.58068118369627
 10
29.88819095477386
 20
139.61390284757118
 10
29.899264842732173
 20
139.643216080402
 10
29.909035920342447
 20
139.66862088218872
 10
29.917504187604685
 20
139.69011725293132
 10
30.028894472361802
 20
139.69011725293132
 10
30.028894472361802
 20
139.61976549413734
 10
30.03101153917736
 20
139.5995719337428
 10
30.03736273962404
 20
139.5819839940443
 10
30.047948073701836
 20
139.56700167504187
 10
30.06276754141075
 20
139.55462497673554
 10
30.081821142750783
 20
139.54485389912526
 10
30.105108877721936
 20
139.53768844221105
 10
30.392378559463978
 20
139.47319932998326
 10
30.428857249209003
 20
139.46375395496
 10
30.460124697561877
 20
139.45105155406662
 10
30.486180904522605
 20
139.4350921273032
 10
30.50702587009119
 20
139.41587567466965
 10
30.522659594267626
 20
139.39340219616602
 10
30.53308207705192
 20
139.36767169179228
 10
30.54024753396612
 20
139.34145263353807
 10
30.546110180532285
 20
139.31751349339288
 10
30.550670016750413
 20
139.29585427135677
 10
30.553927042620504
 20
139.27647496742975
 10
30.55588125814256
 20
139.25937558161175
 10
30.556532663316577
 20
139.24455611390286
 10
30.554822724734777
 20
139.19203657174762
 10
30.549692908989385
 20
139.1400055834729
 10
30.541143216080396
 20
139.08846314907873
 10
30.52917364600781
 20
139.03740926856506
 10
30.513784198771628
 20
138.98684394193188
 10
30.494974874371852
 20
138.93676716917923
 10
30.474455611390276
 20
138.88742322724735
 10
30.453936348408703
 20
138.8390563930765
 10
30.433417085427127
 20
138.79166666666666
 10
30.412897822445554
 20
138.74525404801787
 10
30.392378559463978
 20
138.69981853713008
 10
30.371859296482405
 20
138.65536013400336
 10
30.35304997208263
 20
138.6119602642844
 10
30.33766052484645
 20
138.56970035361996
 10
30.32569095477386
 20
138.52858040201005
 10
30.317141261864872
 20
138.48860040945468
 10
30.31201144611948
 20
138.44976037595384
 10
30.31030150753768
 20
138.41206030150755
 10
30.312825702587002
 20
138.3752559091755
 10
30.320398287734964
 20
138.3430113530616
 10
30.333019262981566
 20
138.31532663316582
 10
30.35068862832681
 20
138.29220174948819
 10
30.3734063837707
 20
138.27363670202865
 10
30.401172529313225
 20
138.25963149078726
 10
30.433009957193367
 20
138.24888330541597
 10
30.467941559650097
 20
138.24008933556672
 10
30.50596733668341
 20
138.23324958123953
 10
30.547087288293312
 20
138.2283640424344
 10
30.591301414479798
 20
138.2254327191513
 10
30.638609715242875
 20
138.22445561139028
 10
32.063232830820766
 20
138.22445561139028
 10
32.09694304857621
 20
138.22331565233574
 10
32.12772194304857
 20
138.21989577517215
 10
32.15556951423785
 20
138.2141959798995
 10
32.180485762144045
 20
138.20621626651777
 10
32.202470686767164
 20
138.195956635027
 10
32.2215242881072
 20
138.18341708542712
 10
32.23829797133816
 20
138.16924902289225
 10
32.25344314163409
 20
138.1541038525963
 10
32.26695979899497
 20
138.13798157453937
 10
32.2788479434208
 20
138.1208821887214
 10
32.28910757491159
 20
138.10280569514237
 10
32.29773869346733
 20
138.08375209380233
 10
32.30799832495812
 20
138.05883584589614
 10
32.319235064209934
 20
138.02707984366276
 10
32.33144891122277
 20
137.98848408710217
 10
32.34463986599664
 20
137.9430485762144
 10
32.35880792853154
 20
137.89077331099944
 10
32.373953098827464
 20
137.83165829145727
 10
32.388284012655866
 20
137.76668062534895
 10
32.400009305788195
 20
137.6968174204355
 10
32.40912897822445
 20
137.6220686767169
 10
32.41564302996463
 20
137.54243439419318
 10
32.41955146100874
 20
137.45791457286433
 10
32.420854271356774
 20
137.36850921273032
 10
32.42004001488925
 20
137.31843243997767
 10
32.41759724548669
 20
137.26591289782243
 10
32.41352596314907
 20
137.21095058626466
 10
32.407826167876415
 20
137.1535455053043
 10
32.400497859668704
 20
137.09369765494137
 10
32.39154103852596
 20
137.03140703517587
 10
32.380304299274144
 20
136.96813930764935
 10
32.366136236739244
 20
136.90536013400336
 10
32.349036850921266
 20
136.84306951423787
 10
32.3290061418202
 20
136.78126744835288
 10
32.30604410943606
 20
136.71995393634842
 10
32.28015075376884
 20
136.65912897822446
 10
32.25051181835101
 20
136.6000139586823
 10
32.21631304671505
 20
136.54383026242323
 10
32.177554438860966
 20
136.49057788944722
 10
32.13423599478875
 20
136.44025683975434
 10
32.08635771449841
 20
136.3928671133445
 10
32.03391959798994
 20
136.34840871021777
 10
31.4359296482412
 20
135.89112227805694
 10
31.40278941001302
 20
135.86588032756376
 10
31.373720454122456
 20
135.84096407965754
 10
31.348722780569506
 20
135.81637353433837
 10
31.32779638935417
 20
135.7921086916062
 10
31.31094128047645
 20
135.768169551461
 10
31.29815745393634
 20
135.74455611390286
 10
31.288304950679315
 20
135.7215940815187
 10
31.28024381165084
 20
135.69960915689558
 10
31.273974036850912
 20
135.6786013400335
 10
31.26949562627954
 20
135.65857063093245
 10
31.266808579936715
 20
135.6395170295924
 10
31.26591289782244
 20
135.6214405360134
 10
31.266564302996457
 20
135.5938372417644
 10
31.268518518518512
 20
135.56574539363484
 10
31.271775544388603
 20
135.5371649916248
 10
31.27633538060673
 20
135.50809603573424
 10
31.282198027172896
 20
135.47853852596316
 10
31.289363484087094
 20
135.44849246231155
 10
31.296528941001295
 20
135.41795784477947
 10
31.30239158756746
 20
135.38693467336682
 10
31.306951423785588
 20
135.3554229480737
 10
31.31020844965568
 20
135.32342266890006
 10
31.312162665177734
 20
135.2909338358459
 10
31.312814070351752
 20
135.25795644891122
 10
31.31094128047645
 20
135.21594081518705
 10
31.305322910850542
 20
135.17587939698493
 10
31.295958961474028
 20
135.13777219430486
 10
31.282849432346914
 20
135.10161920714685
 10
31.26599432346919
 20
135.06742043551088
 10
31.245393634840863
 20
135.03517587939697
 10
31.22055881258142
 20
135.00651405174017
 10
31.191001302810342
 20
134.98306346547554
 10
31.15672110552763
 20
134.96482412060303
 10
31.117718220733288
 20
134.95179601712266
 10
31.073992648427314
 20
134.94397915503444
 10
31.02554438860971
 20
134.94137353433837
  0
LWPOLYLINE
  5
103
330
17
100
AcDbEntity
  8
LETRAS
100
AcDbPolyline
 90
251
 70
1
 10
27.19137353433835
 20
135.0
 10
27.17769402568397
 20
135.06505909175507
 10
27.164014517029585
 20
135.13125814256466
 10
27.1503350083752
 20
135.19859715242882
 10
27.13665549972082
 20
135.2670761213475
 10
27.122975991066436
 20
135.33669504932067
 10
27.109296482412052
 20
135.40745393634842
 10
27.095779825051174
 20
135.4784571003164
 10
27.082588870277306
 20
135.54880885911038
 10
27.069723618090446
 20
135.61850921273032
 10
27.057184068490596
 20
135.68755816117624
 10
27.04497022147775
 20
135.75595570444816
 10
27.03308207705192
 20
135.82370184254606
 10
27.021763912153354
 20
135.89030802158942
 10
27.01126000372231
 20
135.95528568769774
 10
27.001570351758787
 20
136.01863484087102
 10
26.99269495626279
 20
136.08035548110925
 10
26.98463381723431
 20
136.14044760841244
 10
26.97738693467336
 20
136.19891122278057
 10
26.971117159873433
 20
136.25452493951238
 10
26.96598734412804
 20
136.30606737390656
 10
26.96199748743718
 20
136.35353852596316
 10
26.95914758980085
 20
136.39693839568213
 10
26.957437651219053
 20
136.43626698306346
 10
26.956867671691786
 20
136.4715242881072
 10
26.958659035920334
 20
136.55343848874
 10
26.964033128605987
 20
136.6350269867858
 10
26.972989949748737
 20
136.71628978224456
 10
26.985529499348587
 20
136.7972268751163
 10
27.001651777405538
 20
136.87783826540107
 10
27.02135678391959
 20
136.95812395309883
 10
27.036827656802526
 20
137.01870463428253
 10
27.05197282709845
 20
137.0753768844221
 10
27.066792294807364
 20
137.1281407035176
 10
27.08128605992927
 20
137.17699609156895
 10
27.095454122464165
 20
137.2219430485762
 10
27.109296482412052
 20
137.26298157453937
 10
27.050670016750413
 20
137.26884422110552
 10
26.98422668900055
 20
137.28113949376512
 10
26.92560022333891
 20
137.29848315652336
 10
26.874790619765488
 20
137.32087520938023
 10
26.831797878280284
 20
137.34831565233574
 10
26.7966219988833
 20
137.38080448538992
 10
26.76926298157453
 20
137.41834170854273
 10
26.74776661083193
 20
137.45995021403314
 10
26.730178671133437
 20
137.50465289410013
 10
26.716499162479053
 20
137.55244974874373
 10
26.706728084868782
 20
137.6033407779639
 10
26.700865438302618
 20
137.65732598176066
 10
26.698911222780563
 20
137.714405360134
 10
26.70094686394937
 20
137.79697096594083
 10
26.70705378745579
 20
137.87660524846456
 10
26.717231993299826
 20
137.9533082077052
 10
26.731481481481474
 20
138.02707984366276
 10
26.749802252000737
 20
138.09792015633724
 10
26.772194304857614
 20
138.16582914572865
 10
26.796214870649536
 20
138.23048110924995
 10
26.819421179973936
 20
138.29155034431417
 10
26.841813232830813
 20
138.34903685092127
 10
26.863391029220168
 20
138.40294062907128
 10
26.884154569141998
 20
138.4532616787642
 10
26.904103852596307
 20
138.5
 10
27.01549413735343
 20
138.5
 10
27.01549413735343
 20
138.41206030150755
 10
27.0163898194677
 20
138.3892611204169
 10
27.019076865810526
 20
138.3677647496743
 10
27.023555276381902
 20
138.34757118927973
 10
27.029825051181827
 20
138.3286804392332
 10
27.037886190210305
 20
138.3110924995347
 10
27.04773869346733
 20
138.29480737018426
 10
27.060359668713932
 20
138.27998790247534
 10
27.07672622371114
 20
138.26679694770147
 10
27.096838358458953
 20
138.25523450586266
 10
27.120696072957372
 20
138.24530057695887
 10
27.148299367206395
 20
138.23699516099015
 10
27.179648241206024
 20
138.23031825795644
 10
27.466917922948067
 20
138.1892797319933
 10
27.52595151684347
 20
138.1780429927415
 10
27.577982505118175
 20
138.15996649916246
 10
27.62301088777219
 20
138.13505025125627
 10
27.6610366648055
 20
138.1032942490229
 10
27.69205983621812
 20
138.0646984924623
 10
27.716080402010043
 20
138.01926298157454
 10
27.73488972640982
 20
137.96943048576213
 10
27.750279173646
 20
137.9176437744277
 10
27.762248743718587
 20
137.86390284757118
 10
27.770798436627576
 20
137.80820770519264
 10
27.775928252372967
 20
137.750558347292
 10
27.777638190954768
 20
137.69095477386935
 10
27.77698678578075
 20
137.65292899683604
 10
27.775032570258695
 20
137.61311185557418
 10
27.771775544388603
 20
137.57150335008376
 10
27.767215708170475
 20
137.5281034803648
 10
27.76135306160431
 20
137.48291224641727
 10
27.75418760469011
 20
137.4359296482412
 10
27.745067932253853
 20
137.3871556858366
 10
27.733342639121528
 20
137.33659035920343
 10
27.719011725293125
 20
137.2842336683417
 10
27.70207519076865
 20
137.23008561325145
 10
27.682533035548104
 20
137.17414619393261
 10
27.660385259631482
 20
137.11641541038526
 10
27.607621440536008
 20
137.11641541038526
 10
27.601188814442576
 20
137.1313977293877
 10
27.593616229294614
 20
137.14507723804206
 10
27.58490368509212
 20
137.15745393634842
 10
27.575051181835093
 20
137.16852782430672
 10
27.564058719523537
 20
137.178298901917
 10
27.551926298157447
 20
137.18676716917923
 10
27.53702540480178
 20
137.19425832868043
 10
27.51772752652149
 20
137.20109808300762
 10
27.494032663316574
 20
137.2072864321608
 10
27.46594081518704
 20
137.21282337613997
 10
27.43345198213288
 20
137.2177089149451
 10
27.3965661641541
 20
137.2219430485762
 10
27.349664991624785
 20
137.22780569514237
 10
27.340056765308013
 20
137.2009352317141
 10
27.330774241578254
 20
137.1711334450028
 10
27.321817420435504
 20
137.13840033500838
 10
27.31318630187976
 20
137.10273590173088
 10
27.30488088591103
 20
137.06414014517028
 10
27.296901172529306
 20
137.02261306532662
 10
27.287944351386557
 20
136.97066350269867
 10
27.28061604317885
 20
136.91643402196166
 10
27.27491624790619
 20
136.85992462311557
 10
27.270844965568575
 20
136.80113530616043
 10
27.268402196166008
 20
136.7400660710962
 10
27.267587939698487
 20
136.67671691792296
 10
27.268076493579
 20
136.63575981760656
 10
27.26954215522054
 20
136.59496556858366
 10
27.27198492462311
 20
136.55433417085428
 10
27.275404801786703
 20
136.5138656244184
 10
27.279801786711328
 20
136.473559929276
 10
27.285175879396977
 20
136.43341708542712
 10
27.2912828029034
 20
136.39335566722502
 10
27.297878280290334
 20
136.3532942490229
 10
27.30496231155778
 20
136.31323283082077
 10
27.312534896705746
 20
136.27317141261864
 10
27.32059603573422
 20
136.23310999441654
 10
27.32914572864321
 20
136.1930485762144
 10
27.338183975432713
 20
136.15258002977853
 10
27.34771077610273
 20
136.1112972268751
 10
27.35772613065326
 20
136.0692001675042
 10
27.368230039084303
 20
136.02628885166573
 10
27.379222501395862
 20
135.98256327935977
 10
27.390703517587934
 20
135.93802345058626
 10
28.99706867671691
 20
135.93802345058626
 10
29.019705006514044
 20
136.000558347292
 10
29.040712823376133
 20
136.06309324399777
 10
29.060092127303175
 20
136.12562814070353
 10
29.077842918295172
 20
136.18816303740928
 10
29.093965196352123
 20
136.250697934115
 10
29.108458961474028
 20
136.31323283082077
 10
29.120998511073882
 20
136.37641913270053
 10
29.13125814256467
 20
136.44090824492835
 10
29.13923785594639
 20
136.5067001675042
 10
29.144937651219053
 20
136.57379490042806
 10
29.148357528382647
 20
136.64219244369997
 10
29.14949748743718
 20
136.71189279731993
 10
29.146403312860592
 20
136.8146519635213
 10
29.137120789130833
 20
136.90796575469943
 10
29.1216499162479
 20
136.99183417085428
 10
29.099990694211794
 20
137.06625721198586
 10
29.072143123022514
 20
137.13123487809418
 10
29.03810720268006
 20
137.18676716917923
 10
28.996905825423408
 20
137.23334263912153
 10
28.947561883491524
 20
137.2714498418016
 10
28.890075376884415
 20
137.30108877721943
 10
28.824446305602077
 20
137.322259445375
 10
28.75067466964451
 20
137.33496184626838
 10
28.66876046901172
 20
137.3391959798995
 10
28.644658477573042
 20
137.33830029778522
 10
28.619253675786332
 20
137.3356132514424
 10
28.592546063651582
 20
137.33113484087102
 10
28.5645356411688
 20
137.32486506607108
 10
28.53522240833798
 20
137.31680392704263
 10
28.504606365159123
 20
137.3069514237856
 10
28.473338916806245
 20
137.2948190024195
 10
28.44207146845337
 20
137.27991810906383
 10
28.410804020100496
 20
137.2622487437186
 10
28.37953657174762
 20
137.24181090638376
 10
28.348269123394743
 20
137.21860459705937
 10
28.31700167504187
 20
137.1926298157454
 10
28.286385631863013
 20
137.16299088032756
 10
28.25707239903219
 20
137.1287921086916
 10
28.229061976549406
 20
137.09003350083754
 10
28.20235436441466
 20
137.04671505676532
 10
28.176949562627946
 20
136.99883677647497
 10
28.152847571189273
 20
136.9463986599665
 10
28.100083752093795
 20
136.82914572864323
 10
27.94765494137353
 20
136.82914572864323
 10
27.982830820770513
 20
137.09882747068676
 10
28.001558719523537
 20
137.20476223711148
 10
28.022566536385625
 20
137.3076028289596
 10
28.045854271356777
 20
137.40734924623115
 10
28.071421924436994
 20
137.50400148892612
 10
28.099269495626274
 20
137.5975595570445
 10
28.129396984924615
 20
137.68802345058626
 10
28.16245579750604
 20
137.77409035920343
 10
28.19909733854457
 20
137.85445747254792
 10
28.239321608040193
 20
137.92912479061977
 10
28.28312860599292
 20
137.99809231341894
 10
28.330518332402747
 20
138.06136004094546
 10
28.381490787269673
 20
138.11892797319933
 10
28.436208821887206
 20
138.16908617159874
 10
28.49483528754885
 20
138.2101246975619
 10
28.557370184254598
 20
138.24204355108878
 10
28.62381351200446
 20
138.2648427321794
 10
28.69416527079843
 20
138.2785222408338
 10
28.768425460636507
 20
138.28308207705192
 10
28.832914572864315
 20
138.2799064768286
 10
28.893495254048013
 20
138.27037967615857
 10
28.950167504187597
 20
138.25450167504187
 10
29.002931323283075
 20
138.2322724734785
 10
29.051786711334444
 20
138.20369207146845
 10
29.096733668341702
 20
138.16876046901172
 10
29.138260748185363
 20
138.12861762516286
 10
29.176856504745945
 20
138.08440349897637
 10
29.212520938023445
 20
138.03611809045225
 10
29.24525404801786
 20
137.98376139959055
 10
29.275055834729194
 20
137.92733342639121
 10
29.301926298157447
 20
137.86683417085428
 10
29.32602828959612
 20
137.80315931509398
 10
29.347524660338724
 20
137.73720454122463
 10
29.36641541038525
 20
137.66896984924622
 10
29.38270053973571
 20
137.59845523915877
 10
29.396380048390093
 20
137.52566071096223
 10
29.4074539363484
 20
137.4505862646566
 10
29.416410757491153
 20
137.374209008003
 10
29.423739065698857
 20
137.29750604876233
 10
29.429438860971516
 20
137.22047738693468
 10
29.43351014330913
 20
137.14312302252
 10
29.4359529127117
 20
137.06544295551834
 10
29.436767169179223
 20
136.98743718592965
 10
29.43530150753768
 20
136.88215382467894
 10
29.43090452261306
 20
136.77735901730875
 10
29.42357621440535
 20
136.6730527638191
 10
29.413316582914565
 20
136.56923506420995
 10
29.400125628140696
 20
136.4659059184813
 10
29.384003350083745
 20
136.36306532663318
 10
29.364624046156703
 20
136.25989903219804
 10
29.34166201377256
 20
136.15559277870835
 10
29.315117252931316
 20
136.05014656616416
 10
29.28498976363297
 20
135.94356039456542
 10
29.25127954587753
 20
135.83583426391215
 10
29.213986599664985
 20
135.72696817420436
 10
29.173436627582348
 20
135.61557788944722
 10
29.129955332216632
 20
135.50027917364602
 10
29.08354271356783
 20
135.38107202680067
 10
29.03419877163595
 20
135.25795644891122
 10
28.981923506420987
 20
135.13093243997767
 10
28.926716917922942
 20
135.0
  0
LWPOLYLINE
  5
104
330
17
100
AcDbEntity
  8
LETRAS
100
AcDbPolyline
 90
110
 70
1
 10
25.79020100502512
 20
134.97654941373534
 10
25.778475711892792
 20
134.9766308393821
 10
25.766750418760463
 20
134.97687511632236
 10
25.755025125628137
 20
134.9772822445561
 10
25.743299832495808
 20
134.9778522240834
 10
25.73157453936348
 20
134.97858505490416
 10
25.71984924623115
 20
134.97948073701843
 10
25.708286804392326
 20
134.9805392704262
 10
25.697050065140512
 20
134.9817606551275
 10
25.686139028475708
 20
134.98314489112227
 10
25.67555369439791
 20
134.98469197841058
 10
25.665294062907122
 20
134.98640191699238
 10
25.655360134003345
 20
134.98827470686768
 10
25.655360134003345
 20
135.03517587939697
 10
25.664642657733104
 20
135.0496696445189
 10
25.67294807370184
 20
135.06579192257584
 10
25.680276381909543
 20
135.08354271356785
 10
25.68662758235622
 20
135.10292201749488
 10
25.692001675041872
 20
135.12392983435697
 10
25.696398659966494
 20
135.1465661641541
 10
25.699981388423595
 20
135.17425088404988
 10
25.702912711706677
 20
135.2104038712079
 10
25.70519262981574
 20
135.25502512562815
 10
25.706821142750787
 20
135.30811464731062
 10
25.707798250511814
 20
135.36967243625534
 10
25.708123953098823
 20
135.4396984924623
 10
25.708123953098823
 20
136.79983249581238
 10
25.70690256839754
 20
136.8789782244556
 10
25.703238414293686
 20
136.94835287548855
 10
25.697131490787264
 20
137.00795644891122
 10
25.688581797878275
 20
137.05778894472363
 10
25.67758933556672
 20
137.09785036292573
 10
25.664154103852592
 20
137.1281407035176
 10
25.646159035920338
 20
137.15207984366276
 10
25.621487064954398
 20
137.17308766052486
 10
25.590138190954768
 20
137.19116415410386
 10
25.552112413921453
 20
137.20630932439977
 10
25.507409733854452
 20
137.2185231714126
 10
25.456030150753765
 20
137.22780569514237
 10
24.987018425460633
 20
137.29229480737018
 10
24.94451423785594
 20
137.30214731062722
 10
24.906895589056386
 20
137.31607109622186
 10
24.874162479061972
 20
137.3340661641541
 10
24.846314907872692
 20
137.35613251442396
 10
24.82335287548855
 20
137.38227014703145
 10
24.805276381909543
 20
137.41247906197654
 10
24.79094546808114
 20
137.44610785408526
 10
24.77922017494881
 20
137.4825051181835
 10
24.77010050251256
 20
137.52167085427135
 10
24.763586450772376
 20
137.56360506234878
 10
24.759678019728266
 20
137.60830774241578
 10
24.75837520938023
 20
137.65577889447235
 10
24.75951516843476
 20
137.71261399590546
 10
24.762935045598358
 20
137.76977479992556
 10
24.768634840871016
 20
137.82726130653268
 10
24.77661455425274
 20
137.8850735157268
 10
24.786874185743528
 20
137.94321142750792
 10
24.79941373534338
 20
138.00167504187604
 10
24.813418946584772
 20
138.05916154848316
 10
24.82807556300018
 20
138.1143681369812
 10
24.84338358458961
 20
138.16729480737018
 10
24.859343011353058
 20
138.21794155965011
 10
24.87595384329052
 20
138.26630839382096
 10
24.893216080402006
 20
138.31239530988276
 10
24.90982691233947
 20
138.35522520007444
 10
24.92448352875488
 20
138.39382095663504
 10
24.937185929648237
 20
138.4281825795645
 10
24.947934115019535
 20
138.45831006886283
 10
24.956728084868782
 20
138.48420342453005
 10
24.963567839195974
 20
138.50586264656616
 10
25.074958123953092
 20
138.50586264656616
 10
25.074958123953092
 20
138.43551088777218
 10
25.075772380420617
 20
138.40554624976735
 10
25.078215149823183
 20
138.3781872324586
 10
25.0822864321608
 20
138.3534338358459
 10
25.087986227433458
 20
138.33128605992928
 10
25.095314535641165
 20
138.31174390470872
 10
25.104271356783915
 20
138.29480737018426
 10
25.115670947329235
 20
138.28015075376885
 10
25.130327563744643
 20
138.26744835287548
 10
25.148241206030146
 20
138.2567001675042
 10
25.169411874185737
 20
138.24790619765494
 10
25.193839568211423
 20
138.24106644332775
 10
25.221524288107197
 20
138.23618090452263
 10
25.62018425460636
 20
138.1716917922948
 10
25.697131490787264
 20
138.15727945281967
 10
25.76381909547738
 20
138.13749302065884
 10
25.82024706867671
 20
138.11233249581238
 10
25.866415410385255
 20
138.0817978782803
 10
25.90232412060301
 20
138.04588916806253
 10
25.927973199329976
 20
138.00460636515913
 10
25.947108226316765
 20
137.95664665922203
 10
25.963474781313973
 20
137.90070723990323
 10
25.977072864321602
 20
137.8367881072027
 10
25.987902475339656
 20
137.76488926112043
 10
25.995963614368133
 20
137.68501070165644
 10
26.00125628140703
 20
137.59715242881072
 10
26.118509212730313
 20
135.52177554438862
 10
26.119974874371852
 20
135.43383584589614
 10
26.116554997208258
 20
135.3537130094919
 10
26.108249581239527
 20
135.28140703517587
 10
26.095058626465658
 20
135.21691792294808
 10
26.07698213288665
 20
135.1602456728085
 10
26.054020100502505
 20
135.1113902847571
 10
26.02552112413921
 20
135.07018890750047
 10
25.990833798622738
 20
135.03647868974502
 10
25.949958123953092
 20
135.01025963149078
 10
25.902894100130275
 20
134.99153173273777
 10
25.849641727154285
 20
134.98029499348596
 10
25.79020100502512
 20
134.97654941373534
  0
LWPOLYLINE
  5
105
330
17
100
AcDbEntity
  8
LETRAS
100
AcDbPolyline
 90
118
 70
1
 10
21.93844221105527
 20
135.0
 10
22.114321608040193
 20
135.94388609715242
 10
23.755862646566158
 20
135.94388609715242
 10
23.77841755071654
 20
135.99534710589987
 10
23.79918109063837
 20
136.04420249395125
 10
23.818153266331652
 20
136.09045226130652
 10
23.835334077796382
 20
136.13409640796576
 10
23.850723525032564
 20
136.17513493392892
 10
23.864321608040193
 20
136.21356783919597
 10
23.876454029406283
 20
136.25061650846826
 10
23.887446491717842
 20
136.28750232644705
 10
23.897298994974868
 20
136.32422529313232
 10
23.90601153917736
 20
136.3607854085241
 10
23.913584124325325
 20
136.39718267262236
 10
23.920016750418753
 20
136.43341708542712
 10
23.925390843104402
 20
136.47046575469943
 10
23.929787828029028
 20
136.50930578820027
 10
23.933207705192622
 20
136.54993718592965
 10
23.935650474595192
 20
136.5923599478876
 10
23.93711613623673
 20
136.63657407407408
 10
23.937604690117247
 20
136.68257956448912
 10
23.936464731062713
 20
136.75586264656616
 10
23.93304485389912
 20
136.82328308207704
 10
23.927345058626457
 20
136.88484087102177
 10
23.919365345244735
 20
136.94053601340033
 10
23.90910571375395
 20
136.99036850921274
 10
23.8965661641541
 20
137.03433835845897
 10
23.88133956821142
 20
137.07325981760656
 10
23.86301879769216
 20
137.10794714312303
 10
23.841603852596307
 20
137.13840033500838
 10
23.817094732923874
 20
137.1646193932626
 10
23.789491438674848
 20
137.18660431788572
 10
23.75879396984924
 20
137.20435510887773
 10
23.724350921273025
 20
137.21868602270612
 10
23.68551088777219
 20
137.23041131583844
 10
23.642273869346727
 20
137.2395309882747
 10
23.594639865996644
 20
137.24604504001488
 10
23.542608877721936
 20
137.249953471059
 10
23.486180904522605
 20
137.25125628140702
 10
22.466080402010043
 20
137.25125628140702
 10
22.401021310254972
 20
137.25443188163038
 10
22.342639121533587
 20
137.2639586823004
 10
22.29093383584589
 20
137.27983668341707
 10
22.245905453191877
 20
137.30206588498046
 10
22.207553973571557
 20
137.33064628699051
 10
22.175879396984918
 20
137.36557788944722
 10
22.14990461567094
 20
137.40637213847012
 10
22.128652521868595
 20
137.45254048017867
 10
22.112123115577884
 20
137.50408291457288
 10
22.100316396798803
 20
137.5609994416527
 10
22.093232365531353
 20
137.6232900614182
 10
22.090871021775538
 20
137.69095477386935
 10
22.09201098083007
 20
137.75658384515168
 10
22.095430857993666
 20
137.82058440349897
 10
22.101130653266324
 20
137.88295644891122
 10
22.10911036664805
 20
137.94369998138842
 10
22.119369998138836
 20
138.00281500093058
 10
22.131909547738687
 20
138.0603015075377
 10
22.145670482039822
 20
138.11550809603574
 10
22.15959426763446
 20
138.16778336125068
 10
22.173680904522605
 20
138.2171273031826
 10
22.187930392704256
 20
138.26353992183138
 10
22.20234273217941
 20
138.3070212171971
 10
22.216917922948067
 20
138.34757118927973
 10
22.23084170854271
 20
138.38437558161175
 10
22.243299832495804
 20
138.41662013772566
 10
22.254292294807364
 20
138.44430485762143
 10
22.26381909547738
 20
138.4674297412991
 10
22.271880234505858
 20
138.4859947887586
 10
22.278475711892792
 20
138.5
 10
22.38986599664991
 20
138.5
 10
22.38986599664991
 20
138.3710217755444
 10
22.391005955704443
 20
138.3467569328122
 10
22.394425832868038
 20
138.3247720081891
 10
22.400125628140696
 20
138.30506700167504
 10
22.408105341522422
 20
138.28764191327005
 10
22.418364973013208
 20
138.27249674297414
 10
22.43090452261306
 20
138.25963149078726
 10
22.444909733854452
 20
138.24888330541597
 10
22.45956635026986
 20
138.24008933556672
 10
22.47487437185929
 20
138.23324958123953
 10
22.490833798622738
 20
138.2283640424344
 10
22.5074446305602
 20
138.2254327191513
 10
22.524706867671686
 20
138.22445561139028
 10
23.66206030150753
 20
138.22445561139028
 10
23.715719802717285
 20
138.22258282151498
 10
23.767262237111478
 20
138.21696445188908
 10
23.81668760469011
 20
138.20760050251255
 10
23.863995905453187
 20
138.19449097338546
 10
23.9091871394007
 20
138.17763586450772
 10
23.952261306532655
 20
138.1570351758794
 10
23.992892704262044
 20
138.1326074818537
 10
24.030755630001856
 20
138.10427135678393
 10
24.06585008375209
 20
138.07202680067002
 10
24.098176065512742
 20
138.035873813512
 10
24.12773357528382
 20
137.99581239530988
 10
24.15452261306532
 20
137.95184254606366
 10
24.177810348036473
 20
137.90371998883305
 10
24.196863949376507
 20
137.85120044667784
 10
24.21168341708542
 20
137.794283919598
 10
24.222268751163217
 20
137.7329704075935
 10
24.228619951609893
 20
137.66725991066443
 10
24.230737018425454
 20
137.59715242881072
 10
24.230737018425454
 20
136.75879396984925
 10
24.2287828029034
 20
136.6653987530244
 10
24.222920156337235
 20
136.57672622371115
 10
24.21314907872696
 20
136.49277638190955
 10
24.19946957007258
 20
136.41354922761957
 10
24.181881630374086
 20
136.33904476084123
 10
24.160385259631482
 20
136.26926298157454
 10
24.137260375953836
 20
136.20404103852596
 10
24.11478689745021
 20
136.143216080402
 10
24.092964824120596
 20
136.0867881072027
 10
24.071794155965005
 20
136.03475711892798
 10
24.05127489298343
 20
135.9871231155779
 10
24.031407035175874
 20
135.94388609715242
 10
24.42420435510887
 20
135.94388609715242
 10
24.242462311557784
 20
135.0
  0
DIMENSION
  5
106
330
17
100
AcDbEntity
  8
COTAS
100
AcDbDimension
280
0
  2
*D1
  3
COTAS_CM
 10
0.0
 20
-5.0
 30
0.0
 11
32.5
 21
-3.3
 31
0.0
 70
32
 71
5
  1
<>
100
AcDbAlignedDimension
 13
0.0
 23
0.0
 33
0.0
 14
65.0
 24
0.0
 34
0.0
 50
0.0
100
AcDbRotatedDimension
  0
DIMENSION
  5
115
330
17
100
AcDbEntity
  8
COTAS
100
AcDbDimension
280
0
  2
*D2
  3
COTAS_CM
 10
5.0
 20
45.0
 30
0.0
 11
32.5
 21
46.7
 31
0.0
 70
32
 71
5
  1
55 interior
100
AcDbAlignedDimension
 13
5.0
 23
45.0
 33
0.0
 14
60.0
 24
45.0
 34
0.0
 50
0.0
100
AcDbRotatedDimension
  0
DIMENSION
  5
124
330
17
100
AcDbEntity
  8
COTAS
100
AcDbDimension
280
0
  2
*D3
  3
COTAS_CM
 10
-1.0
 20
-11.0
 30
0.0
 11
32.5
 21
-9.3
 31
0.0
 70
32
 71
5
  1
<>
100
AcDbAlignedDimension
 13
-1.0
 23
12.0
 33
0.0
 14
66.0
 24
12.0
 34
0.0
 50
0.0
100
AcDbRotatedDimension
  0
DIMENSION
  5
133
330
17
100
AcDbEntity
  8
COTAS
100
AcDbDimension
280
0
  2
*D4
  3
COTAS_CM
 10
76.0
 20
0.0
 30
0.0
 11
74.3
 21
82.25
 31
0.0
 70
32
 71
5
  1
<>
100
AcDbAlignedDimension
 13
65.0
 23
0.0
 33
0.0
 14
65.0
 24
164.5
 34
0.0
 50
90.0
100
AcDbRotatedDimension
  0
DIMENSION
  5
142
330
17
100
AcDbEntity
  8
COTAS
100
AcDbDimension
280
0
  2
*D5
  3
COTAS_CM
 10
71.0
 20
0.0
 30
0.0
 11
69.3
 21
35.0
 31
0.0
 70
32
 71
5
  1
<>
100
AcDbAlignedDimension
 13
65.0
 23
0.0
 33
0.0
 14
65.0
 24
70.0
 34
0.0
 50
90.0
100
AcDbRotatedDimension
  0
DIMENSION
  5
151
330
17
100
AcDbEntity
  8
COTAS
100
AcDbDimension
280
0
  2
*D6
  3
COTAS_CM
 10
-8.0
 20
0.0
 30
0.0
 11
-9.7
 21
6.0
 31
0.0
 70
32
 71
5
  1
<>
100
AcDbAlignedDimension
 13
-5.0
 23
0.0
 33
0.0
 14
-5.0
 24
12.0
 34
0.0
 50
90.0
100
AcDbRotatedDimension
  0
DIMENSION
  5
160
330
17
100
AcDbEntity
  8
COTAS
100
AcDbDimension
280
0
  2
*D7
  3
COTAS_CM
 10
-8.0
 20
20.0
 30
0.0
 11
-9.7
 21
22.5
 31
0.0
 70
32
 71
5
  1
<>
100
AcDbAlignedDimension
 13
0.0
 23
20.0
 33
0.0
 14
0.0
 24
25.0
 34
0.0
 50
90.0
100
AcDbRotatedDimension
  0
DIMENSION
  5
16F
330
17
100
AcDbEntity
  8
COTAS
100
AcDbDimension
280
0
  2
*D8
  3
COTAS_CM
 10
-8.0
 20
78.0
 30
0.0
 11
-9.7
 21
82.0
 31
0.0
 70
32
 71
5
  1
<>
100
AcDbAlignedDimension
 13
0.0
 23
78.0
 33
0.0
 14
0.0
 24
86.0
 34
0.0
 50
90.0
100
AcDbRotatedDimension
  0
DIMENSION
  5
17E
330
17
100
AcDbEntity
  8
COTAS
100
AcDbDimension
280
0
  2
*D9
  3
COTAS_CM
 10
-8.0
 20
86.0
 30
0.0
 11
-9.7
 21
108.75
 31
0.0
 70
32
 71
5
  1
<>
100
AcDbAlignedDimension
 13
0.0
 23
86.0
 33
0.0
 14
0.0
 24
131.5
 34
0.0
 50
90.0
100
AcDbRotatedDimension
  0
DIMENSION
  5
18D
330
17
100
AcDbEntity
  8
COTAS
100
AcDbDimension
280
0
  2
*D10
  3
COTAS_CM
 10
-8.0
 20
131.5
 30
0.0
 11
-9.7
 21
139.0
 31
0.0
 70
32
 71
5
  1
<>
100
AcDbAlignedDimension
 13
0.0
 23
131.5
 33
0.0
 14
0.0
 24
146.5
 34
0.0
 50
90.0
100
AcDbRotatedDimension
  0
DIMENSION
  5
19C
330
17
100
AcDbEntity
  8
COTAS
100
AcDbDimension
280
0
  2
*D11
  3
COTAS_CM
 10
-12.0
 20
131.5
 30
0.0
 11
-13.7
 21
144.5
 31
0.0
 70
32
 71
5
  1
<>
100
AcDbAlignedDimension
 13
0.0
 23
131.5
 33
0.0
 14
0.0
 24
157.5
 34
0.0
 50
90.0
100
AcDbRotatedDimension
  0
TEXT
  5
1AB
330
17
100
AcDbEntity
  8
TEXTO
100
AcDbText
 10
-14.0
 20
178.5
 30
0.0
 40
3.0
  1
ALZADO FRONTAL
  7
ARIAL
 11
-14.0
 21
178.5
 31
0.0
100
AcDbText
 73
1
  0
LWPOLYLINE
  5
1AC
330
17
100
AcDbEntity
  8
CONTORNO
100
AcDbPolyline
 90
2
 70
0
 10
128.0
 20
78.0
 10
177.0
 20
78.0
  0
LWPOLYLINE
  5
1AD
330
17
100
AcDbEntity
  8
CONTORNO
100
AcDbPolyline
 90
2
 70
0
 10
176.0
 20
86.0
 10
176.0
 20
96.90625
  0
LWPOLYLINE
  5
1AE
330
17
100
AcDbEntity
  8
CONTORNO
100
AcDbPolyline
 90
3
 70
0
 10
176.0
 20
100.90625
 10
176.0
 20
131.5
 10
177.0
 20
131.5
  0
LWPOLYLINE
  5
1AF
330
17
100
AcDbEntity
  8
CONTORNO
100
AcDbPolyline
 90
2
 70
0
 10
177.0
 20
86.0
 10
176.0
 20
86.0
  0
LWPOLYLINE
  5
1B0
330
17
100
AcDbEntity
  8
CONTORNO
100
AcDbPolyline
 90
2
 70
0
 10
128.0
 20
25.0
 10
177.0
 20
25.0
  0
LWPOLYLINE
  5
1B1
330
17
100
AcDbEntity
  8
CONTORNO
100
AcDbPolyline
 90
2
 70
0
 10
177.0
 20
20.0
 10
128.0
 20
20.0
  0
LWPOLYLINE
  5
1B2
330
17
100
AcDbEntity
  8
CONTORNO
100
AcDbPolyline
 90
2
 70
0
 10
128.0
 20
70.0
 10
177.0
 20
70.0
  0
LWPOLYLINE
  5
1B3
330
17
100
AcDbEntity
  8
CONTORNO
100
AcDbPolyline
 90
2
 70
0
 10
177.0
 20
65.0
 10
128.0
 20
65.0
  0
LWPOLYLINE
  5
1B4
330
17
100
AcDbEntity
  8
CONTORNO
100
AcDbPolyline
 90
17
 70
0
 10
117.0
 20
12.0
 10
117.58810284197736
 20
11.968700723369281
 10
118.17054193209677
 20
11.875104322620999
 10
118.74170806352677
 20
11.720112182259356
 10
119.29610059419053
 20
11.505216961323363
 10
119.828380420956
 20
11.232488218264308
 10
120.33342139811762
 20
10.904552479966544
 10
120.80635970498187
 20
10.52456794685779
 10
121.24264068711929
 20
10.09619407771256
 10
121.63806272017642
 20
9.623556347063696
 10
121.98881767381528
 20
9.111206514627415
 10
122.29152758609013
 20
8.564078789368985
 10
122.54327719506772
 20
7.987442310373083
 10
122.74164201439325
 20
7.386850402154005
 10
122.88471168241938
 20
6.7680870931048345
 10
122.97110836003318
 20
6.137111412142145
 10
123.0
 20
5.5
  0
LWPOLYLINE
  5
1B5
330
17
100
AcDbEntity
  8
CONTORNO
100
AcDbPolyline
 90
2
 70
0
 10
177.0
 20
0.0
 10
177.0
 20
97.0
  0
LWPOLYLINE
  5
1B6
330
17
100
AcDbEntity
  8
CONTORNO
100
AcDbPolyline
 90
5
 70
0
 10
177.0
 20
101.0
 10
177.0
 20
164.5
 10
182.0
 20
164.5
 10
182.0
 20
0.0
 10
177.0
 20
0.0
  0
LWPOLYLINE
  5
1B7
330
17
100
AcDbEntity
  8
CONTORNO
100
AcDbPolyline
 90
2
 70
0
 10
123.0
 20
0.0
 10
123.0
 20
12.0
  0
LWPOLYLINE
  5
1B8
330
17
100
AcDbEntity
  8
CONTORNO
100
AcDbPolyline
 90
2
 70
0
 10
123.0
 20
14.5
 10
123.0
 20
91.9375
  0
LWPOLYLINE
  5
1B9
330
17
100
AcDbEntity
  8
CONTORNO
100
AcDbPolyline
 90
3
 70
0
 10
127.9333333333334
 20
92.4
 10
128.0
 20
92.4
 10
128.0
 20
14.5
  0
LWPOLYLINE
  5
1BA
330
17
100
AcDbEntity
  8
CONTORNO
100
AcDbPolyline
 90
3
 70
0
 10
128.0
 20
12.0
 10
128.0
 20
0.0
 10
123.0
 20
0.0
  0
LWPOLYLINE
  5
1BB
330
17
100
AcDbEntity
  8
CONTORNO
100
AcDbPolyline
 90
5
 70
0
 10
117.0
 20
12.0
 10
117.0
 20
14.5
 10
130.0
 20
14.5
 10
130.0
 20
12.0
 10
117.0
 20
12.0
  0
LWPOLYLINE
  5
1BC
330
17
100
AcDbEntity
  8
CONTORNO
100
AcDbPolyline
 90
5
 70
0
 10
113.0
 20
91.0
 10
177.0
 20
97.0
 10
177.0
 20
101.0
 10
113.0
 20
95.0
 10
113.0
 20
91.0
  0
LWPOLYLINE
  5
1BD
330
17
100
AcDbEntity
  8
OCULTAS
100
AcDbPolyline
 90
2
 70
0
 10
128.0
 20
20.0
 10
128.0
 20
25.0
  0
LWPOLYLINE
  5
1BE
330
17
100
AcDbEntity
  8
OCULTAS
100
AcDbPolyline
 90
2
 70
0
 10
128.0
 20
25.0
 10
131.0
 20
25.0
  0
LWPOLYLINE
  5
1BF
330
17
100
AcDbEntity
  8
OCULTAS
100
AcDbPolyline
 90
2
 70
0
 10
131.0
 20
25.0
 10
132.6
 20
25.0
  0
LWPOLYLINE
  5
1C0
330
17
100
AcDbEntity
  8
OCULTAS
100
AcDbPolyline
 90
2
 70
0
 10
132.6
 20
25.0
 10
135.6
 20
25.0
  0
LWPOLYLINE
  5
1C1
330
17
100
AcDbEntity
  8
OCULTAS
100
AcDbPolyline
 90
2
 70
0
 10
135.6
 20
25.0
 10
137.2
 20
25.0
  0
LWPOLYLINE
  5
1C2
330
17
100
AcDbEntity
  8
OCULTAS
100
AcDbPolyline
 90
2
 70
0
 10
137.2
 20
25.0
 10
140.2
 20
25.0
  0
LWPOLYLINE
  5
1C3
330
17
100
AcDbEntity
  8
OCULTAS
100
AcDbPolyline
 90
2
 70
0
 10
140.2
 20
25.0
 10
141.8
 20
25.0
  0
LWPOLYLINE
  5
1C4
330
17
100
AcDbEntity
  8
OCULTAS
100
AcDbPolyline
 90
2
 70
0
 10
141.8
 20
25.0
 10
144.8
 20
25.0
  0
LWPOLYLINE
  5
1C5
330
17
100
AcDbEntity
  8
OCULTAS
100
AcDbPolyline
 90
2
 70
0
 10
144.8
 20
25.0
 10
146.4
 20
25.0
  0
LWPOLYLINE
  5
1C6
330
17
100
AcDbEntity
  8
OCULTAS
100
AcDbPolyline
 90
2
 70
0
 10
146.4
 20
25.0
 10
149.4
 20
25.0
  0
LWPOLYLINE
  5
1C7
330
17
100
AcDbEntity
  8
OCULTAS
100
AcDbPolyline
 90
2
 70
0
 10
149.4
 20
25.0
 10
151.0
 20
25.0
  0
LWPOLYLINE
  5
1C8
330
17
100
AcDbEntity
  8
OCULTAS
100
AcDbPolyline
 90
2
 70
0
 10
151.0
 20
25.0
 10
154.0
 20
25.0
  0
LWPOLYLINE
  5
1C9
330
17
100
AcDbEntity
  8
OCULTAS
100
AcDbPolyline
 90
2
 70
0
 10
154.0
 20
25.0
 10
155.6
 20
25.0
  0
LWPOLYLINE
  5
1CA
330
17
100
AcDbEntity
  8
OCULTAS
100
AcDbPolyline
 90
2
 70
0
 10
155.6
 20
25.0
 10
158.6
 20
25.0
  0
LWPOLYLINE
  5
1CB
330
17
100
AcDbEntity
  8
OCULTAS
100
AcDbPolyline
 90
2
 70
0
 10
158.6
 20
25.0
 10
160.2
 20
25.0
  0
LWPOLYLINE
  5
1CC
330
17
100
AcDbEntity
  8
OCULTAS
100
AcDbPolyline
 90
2
 70
0
 10
160.2
 20
25.0
 10
163.2
 20
25.0
  0
LWPOLYLINE
  5
1CD
330
17
100
AcDbEntity
  8
OCULTAS
100
AcDbPolyline
 90
2
 70
0
 10
163.2
 20
25.0
 10
164.8
 20
25.0
  0
LWPOLYLINE
  5
1CE
330
17
100
AcDbEntity
  8
OCULTAS
100
AcDbPolyline
 90
2
 70
0
 10
164.8
 20
25.0
 10
167.8
 20
25.0
  0
LWPOLYLINE
  5
1CF
330
17
100
AcDbEntity
  8
OCULTAS
100
AcDbPolyline
 90
2
 70
0
 10
167.8
 20
25.0
 10
169.4
 20
25.0
  0
LWPOLYLINE
  5
1D0
330
17
100
AcDbEntity
  8
OCULTAS
100
AcDbPolyline
 90
2
 70
0
 10
169.4
 20
25.0
 10
172.4
 20
25.0
  0
LWPOLYLINE
  5
1D1
330
17
100
AcDbEntity
  8
OCULTAS
100
AcDbPolyline
 90
2
 70
0
 10
172.4
 20
25.0
 10
174.0
 20
25.0
  0
LWPOLYLINE
  5
1D2
330
17
100
AcDbEntity
  8
OCULTAS
100
AcDbPolyline
 90
2
 70
0
 10
174.0
 20
25.0
 10
177.0
 20
25.0
  0
LWPOLYLINE
  5
1D3
330
17
100
AcDbEntity
  8
OCULTAS
100
AcDbPolyline
 90
2
 70
0
 10
177.0
 20
25.0
 10
177.0
 20
20.0
  0
LWPOLYLINE
  5
1D4
330
17
100
AcDbEntity
  8
OCULTAS
100
AcDbPolyline
 90
2
 70
0
 10
177.0
 20
20.0
 10
128.0
 20
20.0
  0
LWPOLYLINE
  5
1D5
330
17
100
AcDbEntity
  8
OCULTAS
100
AcDbPolyline
 90
4
 70
0
 10
128.0
 20
65.0
 10
128.0
 20
70.0
 10
177.0
 20
70.0
 10
177.0
 20
65.0
  0
LWPOLYLINE
  5
1D6
330
17
100
AcDbEntity
  8
OCULTAS
100
AcDbPolyline
 90
2
 70
0
 10
177.0
 20
65.0
 10
128.0
 20
65.0
  0
LWPOLYLINE
  5
1D7
330
17
100
AcDbEntity
  8
OCULTAS
100
AcDbPolyline
 90
3
 70
0
 10
123.0
 20
5.5
 10
123.0
 20
12.0
 10
117.0
 20
12.0
  0
LWPOLYLINE
  5
1D8
330
17
100
AcDbEntity
  8
OCULTAS
100
AcDbPolyline
 90
2
 70
0
 10
117.0
 20
12.0
 10
117.58810284197736
 20
11.968700723369281
  0
LWPOLYLINE
  5
1D9
330
17
100
AcDbEntity
  8
OCULTAS
100
AcDbPolyline
 90
2
 70
0
 10
117.58810284197736
 20
11.968700723369281
 10
118.17054193209677
 20
11.875104322620999
  0
LWPOLYLINE
  5
1DA
330
17
100
AcDbEntity
  8
OCULTAS
100
AcDbPolyline
 90
2
 70
0
 10
118.17054193209677
 20
11.875104322620999
 10
118.74170806352677
 20
11.720112182259356
  0
LWPOLYLINE
  5
1DB
330
17
100
AcDbEntity
  8
OCULTAS
100
AcDbPolyline
 90
2
 70
0
 10
118.74170806352677
 20
11.720112182259356
 10
119.29610059419053
 20
11.505216961323363
  0
LWPOLYLINE
  5
1DC
330
17
100
AcDbEntity
  8
OCULTAS
100
AcDbPolyline
 90
2
 70
0
 10
119.29610059419053
 20
11.505216961323363
 10
119.828380420956
 20
11.232488218264308
  0
LWPOLYLINE
  5
1DD
330
17
100
AcDbEntity
  8
OCULTAS
100
AcDbPolyline
 90
2
 70
0
 10
119.828380420956
 20
11.232488218264308
 10
120.33342139811762
 20
10.904552479966544
  0
LWPOLYLINE
  5
1DE
330
17
100
AcDbEntity
  8
OCULTAS
100
AcDbPolyline
 90
2
 70
0
 10
120.33342139811762
 20
10.904552479966544
 10
120.80635970498187
 20
10.52456794685779
  0
LWPOLYLINE
  5
1DF
330
17
100
AcDbEntity
  8
OCULTAS
100
AcDbPolyline
 90
2
 70
0
 10
120.80635970498187
 20
10.52456794685779
 10
121.24264068711929
 20
10.09619407771256
  0
LWPOLYLINE
  5
1E0
330
17
100
AcDbEntity
  8
OCULTAS
100
AcDbPolyline
 90
2
 70
0
 10
121.24264068711929
 20
10.09619407771256
 10
121.63806272017642
 20
9.623556347063696
  0
LWPOLYLINE
  5
1E1
330
17
100
AcDbEntity
  8
OCULTAS
100
AcDbPolyline
 90
2
 70
0
 10
121.63806272017642
 20
9.623556347063696
 10
121.98881767381528
 20
9.111206514627415
  0
LWPOLYLINE
  5
1E2
330
17
100
AcDbEntity
  8
OCULTAS
100
AcDbPolyline
 90
2
 70
0
 10
121.98881767381528
 20
9.111206514627415
 10
122.29152758609013
 20
8.564078789368985
  0
LWPOLYLINE
  5
1E3
330
17
100
AcDbEntity
  8
OCULTAS
100
AcDbPolyline
 90
2
 70
0
 10
122.29152758609013
 20
8.564078789368985
 10
122.54327719506772
 20
7.987442310373083
  0
LWPOLYLINE
  5
1E4
330
17
100
AcDbEntity
  8
OCULTAS
100
AcDbPolyline
 90
2
 70
0
 10
122.54327719506772
 20
7.987442310373083
 10
122.74164201439325
 20
7.386850402154005
  0
LWPOLYLINE
  5
1E5
330
17
100
AcDbEntity
  8
OCULTAS
100
AcDbPolyline
 90
2
 70
0
 10
122.74164201439325
 20
7.386850402154005
 10
122.88471168241938
 20
6.7680870931048345
  0
LWPOLYLINE
  5
1E6
330
17
100
AcDbEntity
  8
OCULTAS
100
AcDbPolyline
 90
2
 70
0
 10
122.88471168241938
 20
6.7680870931048345
 10
122.97110836003318
 20
6.137111412142145
  0
LWPOLYLINE
  5
1E7
330
17
100
AcDbEntity
  8
OCULTAS
100
AcDbPolyline
 90
2
 70
0
 10
122.97110836003318
 20
6.137111412142145
 10
123.0
 20
5.5
  0
LWPOLYLINE
  5
1E8
330
17
100
AcDbEntity
  8
OCULTAS
100
AcDbPolyline
 90
2
 70
0
 10
177.0
 20
0.0
 10
177.0
 20
20.0
  0
LWPOLYLINE
  5
1E9
330
17
100
AcDbEntity
  8
OCULTAS
100
AcDbPolyline
 90
2
 70
0
 10
177.0
 20
25.0
 10
177.0
 20
65.0
  0
LWPOLYLINE
  5
1EA
330
17
100
AcDbEntity
  8
OCULTAS
100
AcDbPolyline
 90
2
 70
0
 10
177.0
 20
65.0
 10
177.0
 20
78.0
  0
LWPOLYLINE
  5
1EB
330
17
100
AcDbEntity
  8
OCULTAS
100
AcDbPolyline
 90
2
 70
0
 10
177.0
 20
78.0
 10
177.0
 20
86.0
  0
LWPOLYLINE
  5
1EC
330
17
100
AcDbEntity
  8
OCULTAS
100
AcDbPolyline
 90
2
 70
0
 10
177.0
 20
86.0
 10
177.0
 20
131.5
  0
LWPOLYLINE
  5
1ED
330
17
100
AcDbEntity
  8
OCULTAS
100
AcDbPolyline
 90
2
 70
0
 10
177.0
 20
131.5
 10
177.0
 20
164.5
  0
LWPOLYLINE
  5
1EE
330
17
100
AcDbEntity
  8
OCULTAS
100
AcDbPolyline
 90
2
 70
0
 10
177.0
 20
164.5
 10
182.0
 20
164.5
  0
LWPOLYLINE
  5
1EF
330
17
100
AcDbEntity
  8
OCULTAS
100
AcDbPolyline
 90
2
 70
0
 10
182.0
 20
164.5
 10
182.0
 20
0.0
  0
LWPOLYLINE
  5
1F0
330
17
100
AcDbEntity
  8
OCULTAS
100
AcDbPolyline
 90
2
 70
0
 10
182.0
 20
0.0
 10
177.0
 20
0.0
  0
LWPOLYLINE
  5
1F1
330
17
100
AcDbEntity
  8
OCULTAS
100
AcDbPolyline
 90
2
 70
0
 10
123.0
 20
0.0
 10
123.0
 20
5.5
  0
LWPOLYLINE
  5
1F2
330
17
100
AcDbEntity
  8
OCULTAS
100
AcDbPolyline
 90
2
 70
0
 10
123.0
 20
5.5
 10
123.0
 20
14.5
  0
LWPOLYLINE
  5
1F3
330
17
100
AcDbEntity
  8
OCULTAS
100
AcDbPolyline
 90
2
 70
0
 10
123.0
 20
14.5
 10
123.0
 20
91.9375
  0
LWPOLYLINE
  5
1F4
330
17
100
AcDbEntity
  8
OCULTAS
100
AcDbPolyline
 90
3
 70
0
 10
123.0
 20
91.9375
 10
123.0
 20
92.4
 10
127.9333333333334
 20
92.4
  0
LWPOLYLINE
  5
1F5
330
17
100
AcDbEntity
  8
OCULTAS
100
AcDbPolyline
 90
2
 70
0
 10
127.9333333333334
 20
92.4
 10
128.0
 20
92.4
  0
LWPOLYLINE
  5
1F6
330
17
100
AcDbEntity
  8
OCULTAS
100
AcDbPolyline
 90
2
 70
0
 10
128.0
 20
92.4
 10
128.0
 20
78.0
  0
LWPOLYLINE
  5
1F7
330
17
100
AcDbEntity
  8
OCULTAS
100
AcDbPolyline
 90
2
 70
0
 10
128.0
 20
78.0
 10
128.0
 20
65.0
  0
LWPOLYLINE
  5
1F8
330
17
100
AcDbEntity
  8
OCULTAS
100
AcDbPolyline
 90
2
 70
0
 10
128.0
 20
65.0
 10
128.0
 20
25.0
  0
LWPOLYLINE
  5
1F9
330
17
100
AcDbEntity
  8
OCULTAS
100
AcDbPolyline
 90
2
 70
0
 10
128.0
 20
20.0
 10
128.0
 20
14.5
  0
LWPOLYLINE
  5
1FA
330
17
100
AcDbEntity
  8
OCULTAS
100
AcDbPolyline
 90
2
 70
0
 10
128.0
 20
14.5
 10
128.0
 20
12.0
  0
LWPOLYLINE
  5
1FB
330
17
100
AcDbEntity
  8
OCULTAS
100
AcDbPolyline
 90
2
 70
0
 10
128.0
 20
12.0
 10
128.0
 20
0.0
  0
LWPOLYLINE
  5
1FC
330
17
100
AcDbEntity
  8
OCULTAS
100
AcDbPolyline
 90
2
 70
0
 10
128.0
 20
0.0
 10
123.0
 20
0.0
  0
LWPOLYLINE
  5
1FD
330
17
100
AcDbEntity
  8
OCULTAS
100
AcDbPolyline
 90
2
 70
0
 10
113.0
 20
91.0
 10
123.0
 20
91.9375
  0
LWPOLYLINE
  5
1FE
330
17
100
AcDbEntity
  8
OCULTAS
100
AcDbPolyline
 90
2
 70
0
 10
123.0
 20
91.9375
 10
127.9333333333334
 20
92.4
  0
LWPOLYLINE
  5
1FF
330
17
100
AcDbEntity
  8
OCULTAS
100
AcDbPolyline
 90
2
 70
0
 10
127.9333333333334
 20
92.4
 10
176.0
 20
96.90625
  0
LWPOLYLINE
  5
200
330
17
100
AcDbEntity
  8
OCULTAS
100
AcDbPolyline
 90
4
 70
0
 10
176.0
 20
96.90625
 10
177.0
 20
97.0
 10
177.0
 20
101.0
 10
176.0
 20
100.90625
  0
LWPOLYLINE
  5
201
330
17
100
AcDbEntity
  8
OCULTAS
100
AcDbPolyline
 90
2
 70
0
 10
176.0
 20
100.90625
 10
113.0
 20
95.0
  0
LWPOLYLINE
  5
202
330
17
100
AcDbEntity
  8
OCULTAS
100
AcDbPolyline
 90
2
 70
0
 10
113.0
 20
95.0
 10
113.0
 20
91.0
  0
LWPOLYLINE
  5
203
330
17
100
AcDbEntity
  8
OCULTAS
100
AcDbPolyline
 90
5
 70
0
 10
128.0
 20
22.0
 10
128.0
 20
24.0
 10
177.0
 20
24.0
 10
177.0
 20
22.0
 10
128.0
 20
22.0
  0
LWPOLYLINE
  5
204
330
17
100
AcDbEntity
  8
OCULTAS
100
AcDbPolyline
 90
5
 70
0
 10
128.0
 20
68.0
 10
128.0
 20
70.0
 10
177.0
 20
70.0
 10
177.0
 20
68.0
 10
128.0
 20
68.0
  0
LWPOLYLINE
  5
205
330
17
100
AcDbEntity
  8
OCULTAS
100
AcDbPolyline
 90
5
 70
0
 10
124.0
 20
20.0
 10
124.0
 20
25.0
 10
127.0
 20
25.0
 10
127.0
 20
20.0
 10
124.0
 20
20.0
  0
LWPOLYLINE
  5
206
330
17
100
AcDbEntity
  8
OCULTAS
100
AcDbPolyline
 90
5
 70
0
 10
178.0
 20
20.0
 10
178.0
 20
25.0
 10
181.0
 20
25.0
 10
181.0
 20
20.0
 10
178.0
 20
20.0
  0
LWPOLYLINE
  5
207
330
17
100
AcDbEntity
  8
OCULTAS
100
AcDbPolyline
 90
2
 70
0
 10
174.0
 20
24.0
 10
174.0
 20
25.0
  0
LWPOLYLINE
  5
208
330
17
100
AcDbEntity
  8
OCULTAS
100
AcDbPolyline
 90
3
 70
0
 10
177.0
 20
25.0
 10
177.0
 20
24.0
 10
174.0
 20
24.0
  0
LWPOLYLINE
  5
209
330
17
100
AcDbEntity
  8
OCULTAS
100
AcDbPolyline
 90
2
 70
0
 10
169.4
 20
24.0
 10
169.4
 20
25.0
  0
LWPOLYLINE
  5
20A
330
17
100
AcDbEntity
  8
OCULTAS
100
AcDbPolyline
 90
3
 70
0
 10
172.4
 20
25.0
 10
172.4
 20
24.0
 10
169.4
 20
24.0
  0
LWPOLYLINE
  5
20B
330
17
100
AcDbEntity
  8
OCULTAS
100
AcDbPolyline
 90
2
 70
0
 10
164.8
 20
24.0
 10
164.8
 20
25.0
  0
LWPOLYLINE
  5
20C
330
17
100
AcDbEntity
  8
OCULTAS
100
AcDbPolyline
 90
3
 70
0
 10
167.8
 20
25.0
 10
167.8
 20
24.0
 10
164.8
 20
24.0
  0
LWPOLYLINE
  5
20D
330
17
100
AcDbEntity
  8
OCULTAS
100
AcDbPolyline
 90
2
 70
0
 10
160.2
 20
24.0
 10
160.2
 20
25.0
  0
LWPOLYLINE
  5
20E
330
17
100
AcDbEntity
  8
OCULTAS
100
AcDbPolyline
 90
3
 70
0
 10
163.2
 20
25.0
 10
163.2
 20
24.0
 10
160.2
 20
24.0
  0
LWPOLYLINE
  5
20F
330
17
100
AcDbEntity
  8
OCULTAS
100
AcDbPolyline
 90
2
 70
0
 10
155.6
 20
24.0
 10
155.6
 20
25.0
  0
LWPOLYLINE
  5
210
330
17
100
AcDbEntity
  8
OCULTAS
100
AcDbPolyline
 90
3
 70
0
 10
158.6
 20
25.0
 10
158.6
 20
24.0
 10
155.6
 20
24.0
  0
LWPOLYLINE
  5
211
330
17
100
AcDbEntity
  8
OCULTAS
100
AcDbPolyline
 90
2
 70
0
 10
151.0
 20
24.0
 10
151.0
 20
25.0
  0
LWPOLYLINE
  5
212
330
17
100
AcDbEntity
  8
OCULTAS
100
AcDbPolyline
 90
3
 70
0
 10
154.0
 20
25.0
 10
154.0
 20
24.0
 10
151.0
 20
24.0
  0
LWPOLYLINE
  5
213
330
17
100
AcDbEntity
  8
OCULTAS
100
AcDbPolyline
 90
2
 70
0
 10
146.4
 20
24.0
 10
146.4
 20
25.0
  0
LWPOLYLINE
  5
214
330
17
100
AcDbEntity
  8
OCULTAS
100
AcDbPolyline
 90
3
 70
0
 10
149.4
 20
25.0
 10
149.4
 20
24.0
 10
146.4
 20
24.0
  0
LWPOLYLINE
  5
215
330
17
100
AcDbEntity
  8
OCULTAS
100
AcDbPolyline
 90
2
 70
0
 10
141.8
 20
24.0
 10
141.8
 20
25.0
  0
LWPOLYLINE
  5
216
330
17
100
AcDbEntity
  8
OCULTAS
100
AcDbPolyline
 90
3
 70
0
 10
144.8
 20
25.0
 10
144.8
 20
24.0
 10
141.8
 20
24.0
  0
LWPOLYLINE
  5
217
330
17
100
AcDbEntity
  8
OCULTAS
100
AcDbPolyline
 90
2
 70
0
 10
137.2
 20
24.0
 10
137.2
 20
25.0
  0
LWPOLYLINE
  5
218
330
17
100
AcDbEntity
  8
OCULTAS
100
AcDbPolyline
 90
3
 70
0
 10
140.2
 20
25.0
 10
140.2
 20
24.0
 10
137.2
 20
24.0
  0
LWPOLYLINE
  5
219
330
17
100
AcDbEntity
  8
OCULTAS
100
AcDbPolyline
 90
2
 70
0
 10
132.6
 20
24.0
 10
132.6
 20
25.0
  0
LWPOLYLINE
  5
21A
330
17
100
AcDbEntity
  8
OCULTAS
100
AcDbPolyline
 90
3
 70
0
 10
135.6
 20
25.0
 10
135.6
 20
24.0
 10
132.6
 20
24.0
  0
LWPOLYLINE
  5
21B
330
17
100
AcDbEntity
  8
OCULTAS
100
AcDbPolyline
 90
2
 70
0
 10
128.0
 20
24.0
 10
128.0
 20
25.0
  0
LWPOLYLINE
  5
21C
330
17
100
AcDbEntity
  8
OCULTAS
100
AcDbPolyline
 90
3
 70
0
 10
131.0
 20
25.0
 10
131.0
 20
24.0
 10
128.0
 20
24.0
  0
LWPOLYLINE
  5
21D
330
17
100
AcDbEntity
  8
OCULTAS
100
AcDbPolyline
 90
5
 70
0
 10
124.0
 20
65.0
 10
124.0
 20
70.0
 10
127.0
 20
70.0
 10
127.0
 20
65.0
 10
124.0
 20
65.0
  0
LWPOLYLINE
  5
21E
330
17
100
AcDbEntity
  8
OCULTAS
100
AcDbPolyline
 90
5
 70
0
 10
178.0
 20
65.0
 10
178.0
 20
70.0
 10
181.0
 20
70.0
 10
181.0
 20
65.0
 10
178.0
 20
65.0
  0
LWPOLYLINE
  5
21F
330
17
100
AcDbEntity
  8
OCULTAS
100
AcDbPolyline
 90
3
 70
0
 10
124.0
 20
70.0
 10
124.0
 20
78.0
 10
128.0
 20
78.0
  0
LWPOLYLINE
  5
220
330
17
100
AcDbEntity
  8
OCULTAS
100
AcDbPolyline
 90
4
 70
0
 10
177.0
 20
78.0
 10
178.0
 20
78.0
 10
178.0
 20
70.0
 10
177.0
 20
70.0
  0
LWPOLYLINE
  5
221
330
17
100
AcDbEntity
  8
OCULTAS
100
AcDbPolyline
 90
2
 70
0
 10
177.0
 20
70.0
 10
128.0
 20
70.0
  0
LWPOLYLINE
  5
222
330
17
100
AcDbEntity
  8
OCULTAS
100
AcDbPolyline
 90
2
 70
0
 10
128.0
 20
70.0
 10
124.0
 20
70.0
  0
LWPOLYLINE
  5
223
330
17
100
AcDbEntity
  8
OCULTAS
100
AcDbPolyline
 90
5
 70
0
 10
178.25
 20
78.0
 10
178.25
 20
86.0
 10
180.75
 20
86.0
 10
180.75
 20
78.0
 10
178.25
 20
78.0
  0
LWPOLYLINE
  5
224
330
17
100
AcDbEntity
  8
OCULTAS
100
AcDbPolyline
 90
2
 70
0
 10
176.0
 20
96.90625
 10
176.0
 20
100.90625
  0
LWPOLYLINE
  5
225
330
17
100
AcDbEntity
  8
OCULTAS
100
AcDbPolyline
 90
4
 70
0
 10
177.0
 20
131.5
 10
180.75
 20
131.5
 10
180.75
 20
86.0
 10
177.0
 20
86.0
  0
LWPOLYLINE
  5
226
330
17
100
AcDbEntity
  8
OCULTAS
100
AcDbPolyline
 90
5
 70
0
 10
178.0
 20
131.5
 10
178.0
 20
157.5
 10
181.0
 20
157.5
 10
181.0
 20
131.5
 10
178.0
 20
131.5
  0
LWPOLYLINE
  5
227
330
17
100
AcDbEntity
  8
OCULTAS
100
AcDbPolyline
 90
5
 70
0
 10
124.0
 20
7.0
 10
124.0
 20
12.0
 10
127.0
 20
12.0
 10
127.0
 20
7.0
 10
124.0
 20
7.0
  0
LWPOLYLINE
  5
228
330
17
100
AcDbEntity
  8
OCULTAS
100
AcDbPolyline
 90
2
 70
0
 10
128.0
 20
68.0
 10
128.0
 20
70.0
  0
LWPOLYLINE
  5
229
330
17
100
AcDbEntity
  8
OCULTAS
100
AcDbPolyline
 90
3
 70
0
 10
177.0
 20
70.0
 10
177.0
 20
68.0
 10
128.0
 20
68.0
  0
LWPOLYLINE
  5
22A
330
17
100
AcDbEntity
  8
OCULTAS
100
AcDbPolyline
 90
2
 70
0
 10
128.0
 20
65.0
 10
128.0
 20
70.0
  0
LWPOLYLINE
  5
22B
330
17
100
AcDbEntity
  8
OCULTAS
100
AcDbPolyline
 90
2
 70
0
 10
177.0
 20
70.0
 10
177.0
 20
65.0
  0
LWPOLYLINE
  5
22C
330
17
100
AcDbEntity
  8
OCULTAS
100
AcDbPolyline
 90
2
 70
0
 10
123.0
 20
5.5
 10
123.0
 20
12.0
  0
LWPOLYLINE
  5
22D
330
17
100
AcDbEntity
  8
OCULTAS
100
AcDbPolyline
 90
2
 70
0
 10
123.0
 20
12.0
 10
117.0
 20
12.0
  0
LWPOLYLINE
  5
22E
330
17
100
AcDbEntity
  8
OCULTAS
100
AcDbPolyline
 90
2
 70
0
 10
177.0
 20
97.0
 10
177.0
 20
101.0
  0
LWPOLYLINE
  5
22F
330
17
100
AcDbEntity
  8
OCULTAS
100
AcDbPolyline
 90
2
 70
0
 10
123.0
 20
12.0
 10
123.0
 20
14.5
  0
DIMENSION
  5
230
330
17
100
AcDbEntity
  8
COTAS
100
AcDbDimension
280
0
  2
*D12
  3
COTAS_CM
 10
123.0
 20
-5.0
 30
0.0
 11
152.5
 21
-3.3
 31
0.0
 70
32
 71
5
  1
<>
100
AcDbAlignedDimension
 13
123.0
 23
0.0
 33
0.0
 14
182.0
 24
0.0
 34
0.0
 50
0.0
100
AcDbRotatedDimension
  0
DIMENSION
  5
23F
330
17
100
AcDbEntity
  8
COTAS
100
AcDbDimension
280
0
  2
*D13
  3
COTAS_CM
 10
117.0
 20
6.0
 30
0.0
 11
120.0
 21
7.7
 31
0.0
 70
32
 71
5
  1
<>
100
AcDbAlignedDimension
 13
117.0
 23
12.0
 33
0.0
 14
123.0
 24
12.0
 34
0.0
 50
0.0
100
AcDbRotatedDimension
  0
DIMENSION
  5
24E
330
17
100
AcDbEntity
  8
COTAS
100
AcDbDimension
280
0
  2
*D14
  3
COTAS_CM
 10
113.0
 20
107.0
 30
0.0
 11
118.0
 21
108.7
 31
0.0
 70
32
 71
5
  1
<>
100
AcDbAlignedDimension
 13
113.0
 23
95.0
 33
0.0
 14
123.0
 24
95.0
 34
0.0
 50
0.0
100
AcDbRotatedDimension
  0
DIMENSION
  5
25D
330
17
100
AcDbEntity
  8
COTAS
100
AcDbDimension
280
0
  2
*D15
  3
COTAS_CM
 10
108.0
 20
0.0
 30
0.0
 11
106.3
 21
47.5
 31
0.0
 70
32
 71
5
  1
<>
100
AcDbAlignedDimension
 13
113.0
 23
0.0
 33
0.0
 14
113.0
 24
95.0
 34
0.0
 50
90.0
100
AcDbRotatedDimension
  0
DIMENSION
  5
26C
330
17
100
AcDbEntity
  8
COTAS
100
AcDbDimension
280
0
  2
*D16
  3
COTAS_CM
 10
189.0
 20
0.0
 30
0.0
 11
187.3
 21
10.0
 31
0.0
 70
32
 71
5
  1
<>
100
AcDbAlignedDimension
 13
182.0
 23
0.0
 33
0.0
 14
182.0
 24
20.0
 34
0.0
 50
90.0
100
AcDbRotatedDimension
  0
DIMENSION
  5
27B
330
17
100
AcDbEntity
  8
COTAS
100
AcDbDimension
280
0
  2
*D17
  3
COTAS_CM
 10
189.0
 20
20.0
 30
0.0
 11
187.3
 21
22.5
 31
0.0
 70
32
 71
5
  1
<>
100
AcDbAlignedDimension
 13
182.0
 23
20.0
 33
0.0
 14
182.0
 24
25.0
 34
0.0
 50
90.0
100
AcDbRotatedDimension
  0
DIMENSION
  5
28A
330
17
100
AcDbEntity
  8
COTAS
100
AcDbDimension
280
0
  2
*D18
  3
COTAS_CM
 10
189.0
 20
25.0
 30
0.0
 11
187.3
 21
45.0
 31
0.0
 70
32
 71
5
  1
<>
100
AcDbAlignedDimension
 13
182.0
 23
25.0
 33
0.0
 14
182.0
 24
65.0
 34
0.0
 50
90.0
100
AcDbRotatedDimension
  0
DIMENSION
  5
299
330
17
100
AcDbEntity
  8
COTAS
100
AcDbDimension
280
0
  2
*D19
  3
COTAS_CM
 10
189.0
 20
65.0
 30
0.0
 11
187.3
 21
67.5
 31
0.0
 70
32
 71
5
  1
<>
100
AcDbAlignedDimension
 13
182.0
 23
65.0
 33
0.0
 14
182.0
 24
70.0
 34
0.0
 50
90.0
100
AcDbRotatedDimension
  0
DIMENSION
  5
2A8
330
17
100
AcDbEntity
  8
COTAS
100
AcDbDimension
280
0
  2
*D20
  3
COTAS_CM
 10
189.0
 20
70.0
 30
0.0
 11
187.3
 21
83.5
 31
0.0
 70
32
 71
5
  1
<>
100
AcDbAlignedDimension
 13
182.0
 23
70.0
 33
0.0
 14
182.0
 24
97.0
 34
0.0
 50
90.0
100
AcDbRotatedDimension
  0
DIMENSION
  5
2B7
330
17
100
AcDbEntity
  8
COTAS
100
AcDbDimension
280
0
  2
*D21
  3
COTAS_CM
 10
189.0
 20
97.0
 30
0.0
 11
187.3
 21
99.0
 31
0.0
 70
32
 71
5
  1
<>
100
AcDbAlignedDimension
 13
182.0
 23
97.0
 33
0.0
 14
182.0
 24
101.0
 34
0.0
 50
90.0
100
AcDbRotatedDimension
  0
DIMENSION
  5
2C6
330
17
100
AcDbEntity
  8
COTAS
100
AcDbDimension
280
0
  2
*D22
  3
COTAS_CM
 10
189.0
 20
101.0
 30
0.0
 11
187.3
 21
132.75
 31
0.0
 70
32
 71
5
  1
<>
100
AcDbAlignedDimension
 13
182.0
 23
101.0
 33
0.0
 14
182.0
 24
164.5
 34
0.0
 50
90.0
100
AcDbRotatedDimension
  0
DIMENSION
  5
2D5
330
17
100
AcDbEntity
  8
COTAS
100
AcDbDimension
280
0
  2
*D23
  3
COTAS_CM
 10
196.0
 20
0.0
 30
0.0
 11
194.3
 21
82.25
 31
0.0
 70
32
 71
5
  1
<>
100
AcDbAlignedDimension
 13
182.0
 23
0.0
 33
0.0
 14
182.0
 24
164.5
 34
0.0
 50
90.0
100
AcDbRotatedDimension
  0
TEXT
  5
2E4
330
17
100
AcDbEntity
  8
TEXTO
100
AcDbText
 10
110.0
 20
170.5
 30
0.0
 40
2.5
  1
← FRENTE
  7
ARIAL
 11
110.0
 21
170.5
 31
0.0
100
AcDbText
 73
1
  0
TEXT
  5
2E5
330
17
100
AcDbEntity
  8
TEXTO
100
AcDbText
 10
102.0
 20
178.5
 30
0.0
 40
3.0
  1
VISTA LATERAL
  7
ARIAL
 11
102.0
 21
178.5
 31
0.0
100
AcDbText
 73
1
  0
LWPOLYLINE
  5
2E6
330
17
100
AcDbEntity
  8
CONTORNO
100
AcDbPolyline
 90
2
 70
0
 10
60.0
 20
-105.0
 10
5.0
 20
-105.0
  0
LWPOLYLINE
  5
2E7
330
17
100
AcDbEntity
  8
CONTORNO
100
AcDbPolyline
 90
2
 70
0
 10
60.0
 20
-98.0
 10
5.0
 20
-98.0
  0
LWPOLYLINE
  5
2E8
330
17
100
AcDbEntity
  8
CONTORNO
100
AcDbPolyline
 90
4
 70
0
 10
-3.0
 20
-45.0
 10
-5.0
 20
-109.0
 10
5.0
 20
-109.0
 10
5.0
 20
-46.0
  0
LWPOLYLINE
  5
2E9
330
17
100
AcDbEntity
  8
CONTORNO
100
AcDbPolyline
 90
2
 70
0
 10
0.0
 20
-45.0
 10
-3.0
 20
-45.0
  0
LWPOLYLINE
  5
2EA
330
17
100
AcDbEntity
  8
CONTORNO
100
AcDbPolyline
 90
5
 70
0
 10
60.0
 20
-46.0
 10
60.0
 20
-109.0
 10
70.0
 20
-109.0
 10
68.0
 20
-45.0
 10
65.0
 20
-45.0
  0
LWPOLYLINE
  5
2EB
330
17
100
AcDbEntity
  8
CONTORNO
100
AcDbPolyline
 90
4
 70
0
 10
60.0
 20
-45.0
 10
60.0
 20
-46.0
 10
5.0
 20
-46.0
 10
5.0
 20
-45.0
  0
LWPOLYLINE
  5
2EC
330
17
100
AcDbEntity
  8
CONTORNO
100
AcDbPolyline
 90
2
 70
0
 10
60.0
 20
-44.0
 10
5.0
 20
-44.0
  0
LWPOLYLINE
  5
2ED
330
17
100
AcDbEntity
  8
CONTORNO
100
AcDbPolyline
 90
2
 70
0
 10
5.0
 20
-41.0
 10
60.0
 20
-41.0
  0
LWPOLYLINE
  5
2EE
330
17
100
AcDbEntity
  8
CONTORNO
100
AcDbPolyline
 90
5
 70
0
 10
0.0
 20
-40.0
 10
5.0
 20
-40.0
 10
5.0
 20
-45.0
 10
0.0
 20
-45.0
 10
0.0
 20
-40.0
  0
LWPOLYLINE
  5
2EF
330
17
100
AcDbEntity
  8
CONTORNO
100
AcDbPolyline
 90
5
 70
0
 10
60.0
 20
-40.0
 10
65.0
 20
-40.0
 10
65.0
 20
-45.0
 10
60.0
 20
-45.0
 10
60.0
 20
-40.0
  0
LWPOLYLINE
  5
2F0
330
17
100
AcDbEntity
  8
OCULTAS
100
AcDbPolyline
 90
5
 70
0
 10
5.0
 20
-95.0
 10
60.0
 20
-95.0
 10
60.0
 20
-98.0
 10
5.0
 20
-98.0
 10
5.0
 20
-95.0
  0
LWPOLYLINE
  5
2F1
330
17
100
AcDbEntity
  8
OCULTAS
100
AcDbPolyline
 90
5
 70
0
 10
4.0
 20
-99.0
 10
4.0
 20
-105.0
 10
1.0
 20
-105.0
 10
1.0
 20
-99.0
 10
4.0
 20
-99.0
  0
LWPOLYLINE
  5
2F2
330
17
100
AcDbEntity
  8
OCULTAS
100
AcDbPolyline
 90
5
 70
0
 10
64.0
 20
-99.0
 10
64.0
 20
-105.0
 10
61.0
 20
-105.0
 10
61.0
 20
-99.0
 10
64.0
 20
-99.0
  0
LWPOLYLINE
  5
2F3
330
17
100
AcDbEntity
  8
OCULTAS
100
AcDbPolyline
 90
4
 70
0
 10
-1.0
 20
-92.0
 10
66.0
 20
-92.0
 10
66.0
 20
-105.0
 10
60.0
 20
-105.0
  0
LWPOLYLINE
  5
2F4
330
17
100
AcDbEntity
  8
OCULTAS
100
AcDbPolyline
 90
3
 70
0
 10
5.0
 20
-105.0
 10
-1.0
 20
-105.0
 10
-1.0
 20
-92.0
  0
LWPOLYLINE
  5
2F5
330
17
100
AcDbEntity
  8
OCULTAS
100
AcDbPolyline
 90
5
 70
0
 10
4.0
 20
-45.0
 10
6.0
 20
-45.0
 10
6.0
 20
-94.0
 10
4.0
 20
-94.0
 10
4.0
 20
-45.0
  0
LWPOLYLINE
  5
2F6
330
17
100
AcDbEntity
  8
OCULTAS
100
AcDbPolyline
 90
5
 70
0
 10
59.0
 20
-45.0
 10
61.0
 20
-45.0
 10
61.0
 20
-94.0
 10
59.0
 20
-94.0
 10
59.0
 20
-45.0
  0
LWPOLYLINE
  5
2F7
330
17
100
AcDbEntity
  8
OCULTAS
100
AcDbPolyline
 90
5
 70
0
 10
1.0
 20
-45.0
 10
4.0
 20
-45.0
 10
4.0
 20
-94.0
 10
1.0
 20
-94.0
 10
1.0
 20
-45.0
  0
LWPOLYLINE
  5
2F8
330
17
100
AcDbEntity
  8
OCULTAS
100
AcDbPolyline
 90
5
 70
0
 10
61.0
 20
-45.0
 10
64.0
 20
-45.0
 10
64.0
 20
-94.0
 10
61.0
 20
-94.0
 10
61.0
 20
-45.0
  0
LWPOLYLINE
  5
2F9
330
17
100
AcDbEntity
  8
OCULTAS
100
AcDbPolyline
 90
3
 70
0
 10
5.0
 20
-95.0
 10
60.0
 20
-95.0
 10
60.0
 20
-98.0
  0
LWPOLYLINE
  5
2FA
330
17
100
AcDbEntity
  8
OCULTAS
100
AcDbPolyline
 90
2
 70
0
 10
60.0
 20
-98.0
 10
5.0
 20
-98.0
  0
LWPOLYLINE
  5
2FB
330
17
100
AcDbEntity
  8
OCULTAS
100
AcDbPolyline
 90
2
 70
0
 10
5.0
 20
-98.0
 10
5.0
 20
-95.0
  0
LWPOLYLINE
  5
2FC
330
17
100
AcDbEntity
  8
OCULTAS
100
AcDbPolyline
 90
2
 70
0
 10
5.0
 20
-41.0
 10
60.0
 20
-41.0
  0
LWPOLYLINE
  5
2FD
330
17
100
AcDbEntity
  8
OCULTAS
100
AcDbPolyline
 90
4
 70
0
 10
60.0
 20
-41.0
 10
60.0
 20
-44.0
 10
5.0
 20
-44.0
 10
5.0
 20
-41.0
  0
LWPOLYLINE
  5
2FE
330
17
100
AcDbEntity
  8
OCULTAS
100
AcDbPolyline
 90
5
 70
0
 10
5.0
 20
-45.0
 10
60.0
 20
-45.0
 10
60.0
 20
-48.0
 10
5.0
 20
-48.0
 10
5.0
 20
-45.0
  0
LWPOLYLINE
  5
2FF
330
17
100
AcDbEntity
  8
OCULTAS
100
AcDbPolyline
 90
5
 70
0
 10
5.0
 20
-49.6
 10
60.0
 20
-49.6
 10
60.0
 20
-52.6
 10
5.0
 20
-52.6
 10
5.0
 20
-49.6
  0
LWPOLYLINE
  5
300
330
17
100
AcDbEntity
  8
OCULTAS
100
AcDbPolyline
 90
5
 70
0
 10
5.0
 20
-54.2
 10
60.0
 20
-54.2
 10
60.0
 20
-57.2
 10
5.0
 20
-57.2
 10
5.0
 20
-54.2
  0
LWPOLYLINE
  5
301
330
17
100
AcDbEntity
  8
OCULTAS
100
AcDbPolyline
 90
5
 70
0
 10
5.0
 20
-58.8
 10
60.0
 20
-58.8
 10
60.0
 20
-61.8
 10
5.0
 20
-61.8
 10
5.0
 20
-58.8
  0
LWPOLYLINE
  5
302
330
17
100
AcDbEntity
  8
OCULTAS
100
AcDbPolyline
 90
5
 70
0
 10
5.0
 20
-63.4
 10
60.0
 20
-63.4
 10
60.0
 20
-66.4
 10
5.0
 20
-66.4
 10
5.0
 20
-63.4
  0
LWPOLYLINE
  5
303
330
17
100
AcDbEntity
  8
OCULTAS
100
AcDbPolyline
 90
5
 70
0
 10
5.0
 20
-68.0
 10
60.0
 20
-68.0
 10
60.0
 20
-71.0
 10
5.0
 20
-71.0
 10
5.0
 20
-68.0
  0
LWPOLYLINE
  5
304
330
17
100
AcDbEntity
  8
OCULTAS
100
AcDbPolyline
 90
5
 70
0
 10
5.0
 20
-72.6
 10
60.0
 20
-72.6
 10
60.0
 20
-75.6
 10
5.0
 20
-75.6
 10
5.0
 20
-72.6
  0
LWPOLYLINE
  5
305
330
17
100
AcDbEntity
  8
OCULTAS
100
AcDbPolyline
 90
5
 70
0
 10
5.0
 20
-77.19999999999999
 10
60.0
 20
-77.19999999999999
 10
60.0
 20
-80.19999999999999
 10
5.0
 20
-80.19999999999999
 10
5.0
 20
-77.19999999999999
  0
LWPOLYLINE
  5
306
330
17
100
AcDbEntity
  8
OCULTAS
100
AcDbPolyline
 90
5
 70
0
 10
5.0
 20
-81.8
 10
60.0
 20
-81.8
 10
60.0
 20
-84.8
 10
5.0
 20
-84.8
 10
5.0
 20
-81.8
  0
LWPOLYLINE
  5
307
330
17
100
AcDbEntity
  8
OCULTAS
100
AcDbPolyline
 90
5
 70
0
 10
5.0
 20
-86.4
 10
60.0
 20
-86.4
 10
60.0
 20
-89.4
 10
5.0
 20
-89.4
 10
5.0
 20
-86.4
  0
LWPOLYLINE
  5
308
330
17
100
AcDbEntity
  8
OCULTAS
100
AcDbPolyline
 90
5
 70
0
 10
5.0
 20
-91.0
 10
60.0
 20
-91.0
 10
60.0
 20
-94.0
 10
5.0
 20
-94.0
 10
5.0
 20
-91.0
  0
LWPOLYLINE
  5
309
330
17
100
AcDbEntity
  8
OCULTAS
100
AcDbPolyline
 90
3
 70
0
 10
5.0
 20
-44.0
 10
60.0
 20
-44.0
 10
60.0
 20
-46.0
  0
LWPOLYLINE
  5
30A
330
17
100
AcDbEntity
  8
OCULTAS
100
AcDbPolyline
 90
2
 70
0
 10
60.0
 20
-46.0
 10
60.0
 20
-94.0
  0
LWPOLYLINE
  5
30B
330
17
100
AcDbEntity
  8
OCULTAS
100
AcDbPolyline
 90
2
 70
0
 10
60.0
 20
-94.0
 10
60.0
 20
-98.0
  0
LWPOLYLINE
  5
30C
330
17
100
AcDbEntity
  8
OCULTAS
100
AcDbPolyline
 90
2
 70
0
 10
5.0
 20
-98.0
 10
5.0
 20
-94.0
  0
LWPOLYLINE
  5
30D
330
17
100
AcDbEntity
  8
OCULTAS
100
AcDbPolyline
 90
2
 70
0
 10
5.0
 20
-94.0
 10
5.0
 20
-46.0
  0
LWPOLYLINE
  5
30E
330
17
100
AcDbEntity
  8
OCULTAS
100
AcDbPolyline
 90
2
 70
0
 10
5.0
 20
-46.0
 10
5.0
 20
-44.0
  0
LWPOLYLINE
  5
30F
330
17
100
AcDbEntity
  8
OCULTAS
100
AcDbPolyline
 90
5
 70
0
 10
5.0
 20
-41.25
 10
60.0
 20
-41.25
 10
60.0
 20
-43.75
 10
5.0
 20
-43.75
 10
5.0
 20
-41.25
  0
LWPOLYLINE
  5
310
330
17
100
AcDbEntity
  8
OCULTAS
100
AcDbPolyline
 90
2
 70
0
 10
0.0
 20
-94.0
 10
5.0
 20
-94.0
  0
LWPOLYLINE
  5
311
330
17
100
AcDbEntity
  8
OCULTAS
100
AcDbPolyline
 90
2
 70
0
 10
5.0
 20
-94.0
 10
5.0
 20
-99.0
  0
LWPOLYLINE
  5
312
330
17
100
AcDbEntity
  8
OCULTAS
100
AcDbPolyline
 90
3
 70
0
 10
5.0
 20
-99.0
 10
0.0
 20
-99.0
 10
0.0
 20
-94.0
  0
LWPOLYLINE
  5
313
330
17
100
AcDbEntity
  8
OCULTAS
100
AcDbPolyline
 90
4
 70
0
 10
60.0
 20
-94.0
 10
65.0
 20
-94.0
 10
65.0
 20
-99.0
 10
60.0
 20
-99.0
  0
LWPOLYLINE
  5
314
330
17
100
AcDbEntity
  8
OCULTAS
100
AcDbPolyline
 90
2
 70
0
 10
60.0
 20
-99.0
 10
60.0
 20
-94.0
  0
LWPOLYLINE
  5
315
330
17
100
AcDbEntity
  8
OCULTAS
100
AcDbPolyline
 90
2
 70
0
 10
5.0
 20
-46.0
 10
5.0
 20
-45.0
  0
LWPOLYLINE
  5
316
330
17
100
AcDbEntity
  8
OCULTAS
100
AcDbPolyline
 90
2
 70
0
 10
5.0
 20
-45.0
 10
0.0
 20
-45.0
  0
LWPOLYLINE
  5
317
330
17
100
AcDbEntity
  8
OCULTAS
100
AcDbPolyline
 90
2
 70
0
 10
60.0
 20
-45.0
 10
60.0
 20
-46.0
  0
LWPOLYLINE
  5
318
330
17
100
AcDbEntity
  8
OCULTAS
100
AcDbPolyline
 90
2
 70
0
 10
65.0
 20
-45.0
 10
60.0
 20
-45.0
  0
LWPOLYLINE
  5
319
330
17
100
AcDbEntity
  8
OCULTAS
100
AcDbPolyline
 90
3
 70
0
 10
5.0
 20
-41.25
 10
60.0
 20
-41.25
 10
60.0
 20
-44.0
  0
LWPOLYLINE
  5
31A
330
17
100
AcDbEntity
  8
OCULTAS
100
AcDbPolyline
 90
2
 70
0
 10
60.0
 20
-44.0
 10
60.0
 20
-45.0
  0
LWPOLYLINE
  5
31B
330
17
100
AcDbEntity
  8
OCULTAS
100
AcDbPolyline
 90
2
 70
0
 10
5.0
 20
-45.0
 10
5.0
 20
-44.0
  0
LWPOLYLINE
  5
31C
330
17
100
AcDbEntity
  8
OCULTAS
100
AcDbPolyline
 90
2
 70
0
 10
5.0
 20
-44.0
 10
5.0
 20
-41.25
  0
LWPOLYLINE
  5
31D
330
17
100
AcDbEntity
  8
OCULTAS
100
AcDbPolyline
 90
2
 70
0
 10
60.0
 20
-41.0
 10
60.0
 20
-44.0
  0
LWPOLYLINE
  5
31E
330
17
100
AcDbEntity
  8
OCULTAS
100
AcDbPolyline
 90
2
 70
0
 10
5.0
 20
-44.0
 10
5.0
 20
-41.0
  0
DIMENSION
  5
31F
330
17
100
AcDbEntity
  8
COTAS
100
AcDbDimension
280
0
  2
*D24
  3
COTAS_CM
 10
0.0
 20
-35.0
 30
0.0
 11
32.5
 21
-33.3
 31
0.0
 70
32
 71
5
  1
<>
100
AcDbAlignedDimension
 13
0.0
 23
-40.0
 33
0.0
 14
65.0
 24
-40.0
 34
0.0
 50
0.0
100
AcDbRotatedDimension
  0
DIMENSION
  5
32E
330
17
100
AcDbEntity
  8
COTAS
100
AcDbDimension
280
0
  2
*D25
  3
COTAS_CM
 10
-1.0
 20
-111.0
 30
0.0
 11
32.5
 21
-109.3
 31
0.0
 70
32
 71
5
  1
<>
100
AcDbAlignedDimension
 13
-1.0
 23
-105.0
 33
0.0
 14
66.0
 24
-105.0
 34
0.0
 50
0.0
100
AcDbRotatedDimension
  0
DIMENSION
  5
33D
330
17
100
AcDbEntity
  8
COTAS
100
AcDbDimension
280
0
  2
*D26
  3
COTAS_CM
 10
73.0
 20
-45.0
 30
0.0
 11
74.7
 21
-77.0
 31
0.0
 70
32
 71
5
  1
64 brazo
100
AcDbAlignedDimension
 13
68.0
 23
-45.0
 33
0.0
 14
68.0
 24
-109.0
 34
0.0
 50
90.0
100
AcDbRotatedDimension
  0
DIMENSION
  5
34C
330
17
100
AcDbEntity
  8
COTAS
100
AcDbDimension
280
0
  2
*D27
  3
COTAS_CM
 10
81.0
 20
-40.0
 30
0.0
 11
82.7
 21
-69.5
 31
0.0
 70
32
 71
5
  1
<>
100
AcDbAlignedDimension
 13
65.0
 23
-40.0
 33
0.0
 14
65.0
 24
-99.0
 34
0.0
 50
90.0
100
AcDbRotatedDimension
  0
TEXT
  5
35B
330
17
100
AcDbEntity
  8
TEXTO
100
AcDbText
 10
32.5
 20
-128.0
 30
0.0
 40
2.5
  1
FRENTE ↓
  7
ARIAL
 72
1
 11
32.5
 21
-128.0
 31
0.0
100
AcDbText
 73
1
  0
TEXT
  5
35C
330
17
100
AcDbEntity
  8
TEXTO
100
AcDbText
 10
-14.0
 20
-30.0
 30
0.0
 40
3.0
  1
PLANTA
  7
ARIAL
 11
-14.0
 21
-30.0
 31
0.0
100
AcDbText
 73
1
  0
LWPOLYLINE
  5
35D
330
17
100
AcDbEntity
  8
CONTORNO
100
AcDbPolyline
 90
52
 70
0
 10
230.0
 20
60.0
 10
285.0
 20
60.0
 10
285.0
 20
75.0
 10
283.8541666666667
 20
75.0
 10
282.7083333333333
 20
75.0
 10
281.5625
 20
75.0
 10
280.4166666666667
 20
75.0
 10
279.2708333333333
 20
75.0
 10
278.125
 20
75.0
 10
276.9791666666667
 20
75.06716584528345
 10
275.8333333333333
 20
75.30041055656616
 10
274.6875
 20
75.69356973721167
 10
273.5416666666667
 20
76.2345516937446
 10
272.3958333333333
 20
76.90671841205727
 10
271.25
 20
77.68939726304089
 10
270.1041666666667
 20
78.55851679365125
 10
268.9583333333333
 20
79.4873470495213
 10
267.8125
 20
80.44732166034214
 10
266.6666666666667
 20
81.40891640460327
 10
265.5208333333333
 20
82.34255723324887
 10
264.375
 20
83.2195298257902
 10
263.2291666666667
 20
84.01286270528519
 10
262.0833333333333
 20
84.69815675179703
 10
260.9375
 20
85.25433560247097
 10
259.7916666666667
 20
85.6642938595167
 10
258.6458333333333
 20
85.91542317032298
 10
257.5
 20
86.0
 10
256.3541666666667
 20
85.91542317032298
 10
255.20833333333334
 20
85.6642938595167
 10
254.0625
 20
85.25433560247097
 10
252.91666666666666
 20
84.69815675179703
 10
251.77083333333334
 20
84.01286270528519
 10
250.625
 20
83.2195298257902
 10
249.47916666666666
 20
82.34255723324884
 10
248.33333333333334
 20
81.40891640460327
 10
247.1875
 20
80.44732166034214
 10
246.04166666666666
 20
79.4873470495213
 10
244.89583333333334
 20
78.55851679365125
 10
243.75
 20
77.68939726304089
 10
242.60416666666666
 20
76.90671841205727
 10
241.45833333333334
 20
76.2345516937446
 10
240.3125
 20
75.69356973721167
 10
239.16666666666666
 20
75.30041055656616
 10
238.02083333333334
 20
75.06716584528345
 10
236.875
 20
75.0
 10
235.72916666666666
 20
75.0
 10
234.58333333333334
 20
75.0
 10
233.4375
 20
75.0
 10
232.29166666666666
 20
75.0
 10
231.14583333333334
 20
75.0
 10
230.0
 20
75.0
 10
230.0
 20
60.0
  0
LWPOLYLINE
  5
35E
330
17
100
AcDbEntity
  8
LETRAS
100
AcDbPolyline
 90
154
 70
1
 10
278.5469011725294
 20
69.47654941373534
 10
278.5350944537503
 20
69.4766308393821
 10
278.5231248836777
 20
69.47687511632235
 10
278.5109924623116
 20
69.47728224455611
 10
278.49869718965203
 20
69.47785222408338
 10
278.4862390656989
 20
69.47858505490414
 10
278.4736180904523
 20
69.47948073701842
 10
278.4611599664992
 20
69.4805392704262
 10
278.4491903964266
 20
69.48176065512749
 10
278.43770938023454
 20
69.48314489112228
 10
278.426716917923
 20
69.48469197841057
 10
278.41621300949197
 20
69.48640191699236
 10
278.4061976549414
 20
69.48827470686767
 10
278.4061976549414
 20
69.53517587939699
 10
278.4103503629258
 20
69.54445840312674
 10
278.4149916247907
 20
69.55667225013958
 10
278.42012144053604
 20
69.57181742043551
 10
278.425739810162
 20
69.58989391401451
 10
278.4318467336684
 20
69.6109017308766
 10
278.4384422110553
 20
69.63484087102178
 10
278.4434091755072
 20
69.6644798064396
 10
278.4446305602085
 20
69.70258700911967
 10
278.4421063651592
 20
69.74916247906198
 10
278.43583659035926
 20
69.80420621626652
 10
278.4258212358087
 20
69.8677182207333
 10
278.4120603015076
 20
69.93969849246231
 10
278.25376884422116
 20
70.69011725293133
 10
278.2413921459148
 20
70.75599060115391
 10
278.23162106830455
 20
70.82072399032198
 10
278.22445561139034
 20
70.88431742043551
 10
278.21989577517223
 20
70.94677089149451
 10
278.21794155965017
 20
71.00808440349897
 10
278.21859296482415
 20
71.06825795644892
 10
278.22168713940073
 20
71.12794295551834
 10
278.2270612320864
 20
71.18779080588126
 10
278.2347152428811
 20
71.24780150753769
 10
278.2446491717849
 20
71.30797506048762
 10
278.25686301879773
 20
71.36831146473106
 10
278.27135678391966
 20
71.428810720268
 10
278.2856876977481
 20
71.47994602642844
 10
278.3013214219245
 20
71.5317327377629
 10
278.318257956449
 20
71.58417085427136
 10
278.33649730132146
 20
71.63726037595384
 10
278.356039456542
 20
71.69100130281035
 10
278.3768844221106
 20
71.74539363484087
 10
278.1658291457287
 20
71.78056951423785
 10
278.0958030895217
 20
71.79384189465847
 10
278.034245300577
 20
71.81020844965569
 10
277.9811557788945
 20
71.82966917922948
 10
277.93653452447427
 20
71.85222408337987
 10
277.90038153731626
 20
71.87787316210682
 10
277.8726968174205
 20
71.90661641541038
 10
277.85120044667786
 20
71.93991950493206
 10
277.83361250697936
 20
71.97924809231341
 10
277.819932998325
 20
72.02460217755444
 10
277.81016192071473
 20
72.07598176065513
 10
277.80429927414855
 20
72.13338684161549
 10
277.8023450586265
 20
72.19681742043551
 10
277.80348501768106
 20
72.25316396798809
 10
277.80690489484465
 20
72.30885911036665
 10
277.8126046901173
 20
72.36390284757118
 10
277.820584403499
 20
72.41829517960171
 10
277.8308440349898
 20
72.47203610645822
 10
277.8433835845897
 20
72.5251256281407
 10
277.8573073701843
 20
72.57699376512191
 10
277.87171970965943
 20
72.62707053787456
 10
277.8866206030151
 20
72.67535594639865
 10
277.9020100502513
 20
72.72184999069421
 10
277.917888051368
 20
72.76655267076121
 10
277.9342546063652
 20
72.80946398659967
 10
277.95029545877543
 20
72.84976968174205
 10
277.9651963521311
 20
72.88665549972083
 10
277.9789572864322
 20
72.92012144053601
 10
277.9915782616788
 20
72.9501675041876
 10
278.0030592778709
 20
72.9767936906756
 10
278.01340033500844
 20
73.0
 10
278.1247906197655
 20
73.0
 10
278.1247906197655
 20
72.92378559463987
 10
278.1257677275266
 20
72.89569374651033
 10
278.12869905080964
 20
72.87004466778336
 10
278.13358458961477
 20
72.84683835845897
 10
278.14042434394196
 20
72.82607481853714
 10
278.1492183137912
 20
72.80775404801787
 10
278.1599664991625
 20
72.79187604690117
 10
278.1736460078169
 20
72.77795226130654
 10
278.1912339475154
 20
72.76549413735343
 10
278.212730318258
 20
72.75450167504188
 10
278.2381351200447
 20
72.74497487437186
 10
278.26744835287553
 20
72.73691373534338
 10
278.3006700167505
 20
72.73031825795645
 10
278.7520938023451
 20
72.66582914572864
 10
278.81699004280665
 20
72.65451098083008
 10
278.8748836776475
 20
72.63619021031082
 10
278.92577470686774
 20
72.61086683417085
 10
278.9696631304672
 20
72.5785408524102
 10
279.006548948446
 20
72.53921226502885
 10
279.03643216080405
 20
72.4928810720268
 10
279.0606155778895
 20
72.44182719151313
 10
279.0804020100503
 20
72.38833054159687
 10
279.09579145728645
 20
72.33239112227805
 10
279.10678391959806
 20
72.27400893355667
 10
279.11337939698495
 20
72.21318397543271
 10
279.1155778894473
 20
72.14991624790619
 10
279.113705099572
 20
72.07964591475898
 10
279.1080867299461
 20
72.01344686394938
 10
279.0987227805696
 20
71.95131909547739
 10
279.08561325144245
 20
71.89326260934301
 10
279.0687581425647
 20
71.83927740554626
 10
279.04815745393637
 20
71.7893634840871
 10
279.0267425088405
 20
71.74384654755258
 10
279.00744463056026
 20
71.70305229852968
 10
278.9902638190955
 20
71.66698073701842
 10
278.9752000744464
 20
71.6356318630188
 10
278.96225339661277
 20
71.6090056765308
 10
278.95142378559467
 20
71.58710217755444
 10
278.8986599664992
 20
71.58710217755444
 10
278.89638004839014
 20
71.59679182951795
 10
278.8934487251071
 20
71.60631863018797
 10
278.88986599665
 20
71.61568257956449
 10
278.88563186301883
 20
71.6248836776475
 10
278.8807463242137
 20
71.633921924437
 10
278.87520938023454
 20
71.642797319933
 10
278.8678810720269
 20
71.65118416154849
 10
278.85762144053604
 20
71.65875674669644
 10
278.8444304857622
 20
71.66551507537689
 10
278.8283082077052
 20
71.6714591475898
 10
278.8092546063652
 20
71.67658896333519
 10
278.7872696817421
 20
71.68090452261306
 10
278.570351758794
 20
71.71608040201005
 10
278.5630234505863
 20
71.68155592778709
 10
278.5566722501396
 20
71.64442583286804
 10
278.55129815745397
 20
71.60469011725293
 10
278.5469011725294
 20
71.56234878094175
 10
278.5434812953658
 20
71.51740182393449
 10
278.5410385259632
 20
71.46984924623115
 10
278.5372929462126
 20
71.3999860413177
 10
278.5377815000931
 20
71.32719151312116
 10
278.5425041876047
 20
71.25146566164155
 10
278.5514610087475
 20
71.17280848687884
 10
278.5646519635214
 20
71.09121998883306
 10
278.5820770519263
 20
71.00670016750419
 10
278.8107202680068
 20
70.0217755443886
 10
278.82659826912345
 20
69.93554578447795
 10
278.8351479620324
 20
69.85664433277499
 10
278.8363693467337
 20
69.78507118927973
 10
278.8302624232273
 20
69.72082635399218
 10
278.81682719151314
 20
69.66390982691235
 10
278.79606365159134
 20
69.6143216080402
 10
278.7687860599293
 20
69.57222454866927
 10
278.73580867299466
 20
69.53778150009306
 10
278.69713149078734
 20
69.51099246231156
 10
278.65275451330734
 20
69.49185743532477
 10
278.60267774055467
 20
69.4803764191327
 10
278.5469011725294
 20
69.47654941373534
  0
LWPOLYLINE
  5
35F
330
17
100
AcDbEntity
  8
LETRAS
100
AcDbPolyline
 90
125
 70
1
 10
276.88190954773876
 20
69.47654941373534
 10
276.8701842546064
 20
69.4766308393821
 10
276.85845896147407
 20
69.47687511632235
 10
276.84673366834176
 20
69.47728224455611
 10
276.83500837520944
 20
69.47785222408338
 10
276.82328308207707
 20
69.47858505490414
 10
276.81155778894475
 20
69.47948073701842
 10
276.79999534710595
 20
69.4805392704262
 10
276.7887586078541
 20
69.48176065512749
 10
276.77784757118934
 20
69.48314489112228
 10
276.76726223711154
 20
69.48469197841057
 10
276.75700260562076
 20
69.48640191699236
 10
276.74706867671694
 20
69.48827470686767
 10
276.74706867671694
 20
69.53517587939699
 10
276.7597710776103
 20
69.5568351014331
 10
276.7705192629816
 20
69.5788200260562
 10
276.7793132328309
 20
69.60113065326634
 10
276.78615298715806
 20
69.62376698306346
 10
276.7910385259632
 20
69.6467290154476
 10
276.79396984924625
 20
69.67001675041877
 10
276.7957612134748
 20
69.69705006514052
 10
276.7972268751164
 20
69.73124883677647
 10
276.7983668341709
 20
69.77261306532664
 10
276.7991810906384
 20
69.821142750791
 10
276.79966964451893
 20
69.87683789316955
 10
276.79983249581244
 20
69.93969849246231
 10
276.79983249581244
 20
70.90117252931323
 10
276.80097245486695
 20
70.99570770519263
 10
276.80439233203055
 20
71.08389168062534
 10
276.8100921273032
 20
71.1657244556114
 10
276.8180718406849
 20
71.24120603015075
 10
276.82833147217576
 20
71.31033640424344
 10
276.84087102177557
 20
71.37311557788945
 10
276.85463195607673
 20
71.43011353061604
 10
276.86855574167134
 20
71.4819002419505
 10
276.8826423785595
 20
71.5284757118928
 10
276.89689186674116
 20
71.56983994044296
 10
276.9113042062163
 20
71.60599292760097
 10
276.92587939698495
 20
71.63693467336684
 10
276.9396403312861
 20
71.66339800856133
 10
276.95160990135867
 20
71.68611576400521
 10
276.9617881072027
 20
71.70508793969849
 10
276.9701749488182
 20
71.72031453564117
 10
276.9767704262051
 20
71.73179555183324
 10
276.9815745393635
 20
71.73953098827471
 10
276.9815745393635
 20
71.75125628140704
 10
275.26381909547746
 20
71.75125628140704
 10
275.19468872138475
 20
71.75394332774987
 10
275.13190954773876
 20
71.76200446677834
 10
275.0754815745394
 20
71.77543969849246
 10
275.02540480178675
 20
71.79424902289225
 10
274.9816792294808
 20
71.81843243997767
 10
274.9443048576215
 20
71.84798994974875
 10
274.9129559836219
 20
71.88487576772752
 10
274.8873069048949
 20
71.93104410943607
 10
274.8673576214406
 20
71.98649497487438
 10
274.85310813325896
 20
72.05122836404243
 10
274.84455844034994
 20
72.12524427694025
 10
274.8417085427136
 20
72.20854271356784
 10
274.8428485017681
 20
72.27229899497488
 10
274.84626837893177
 20
72.33458961474037
 10
274.8519681742044
 20
72.39541457286433
 10
274.85994788758615
 20
72.45477386934674
 10
274.8702075190769
 20
72.5126675041876
 10
274.88274706867674
 20
72.56909547738694
 10
274.8965080029779
 20
72.62332495812396
 10
274.9104317885725
 20
72.67462311557789
 10
274.9245184254607
 20
72.72298994974874
 10
274.9387679136423
 20
72.76842546063652
 10
274.95318025311747
 20
72.8109296482412
 10
274.9677554438861
 20
72.85050251256281
 10
274.9815163781873
 20
72.88641122278057
 10
274.9934859482599
 20
72.91792294807371
 10
275.0036641541039
 20
72.94503768844221
 10
275.0120509957194
 20
72.96775544388609
 10
275.01864647310634
 20
72.98607621440536
 10
275.0234505862647
 20
73.0
 10
275.1348408710218
 20
73.0
 10
275.1348408710218
 20
72.9355108877722
 10
275.1358179787828
 20
72.89667085427136
 10
275.13874930206595
 20
72.86222780569514
 10
275.1436348408711
 20
72.83218174204355
 10
275.15047459519826
 20
72.80653266331659
 10
275.1592685650475
 20
72.78528056951424
 10
275.1700167504188
 20
72.76842546063652
 10
275.1835334077797
 20
72.7549902289224
 10
275.20063279359766
 20
72.74399776661083
 10
275.22131490787274
 20
72.73544807370185
 10
275.2455797506049
 20
72.72934115019542
 10
275.2734273217942
 20
72.72567699609156
 10
275.3048576214406
 20
72.72445561139028
 10
277.1515912897823
 20
72.72445561139028
 10
277.1945840312675
 20
72.72071003163968
 10
277.2297599106645
 20
72.70947329238787
 10
277.25711892797324
 20
72.69074539363484
 10
277.2766610831938
 20
72.6645263353806
 10
277.2883863763261
 20
72.63081611762516
 10
277.29229480737024
 20
72.5896147403685
 10
277.29229480737024
 20
71.80988274706867
 10
277.25125628140705
 20
71.7571189279732
 10
277.2238972640983
 20
71.72463009491904
 10
277.20044667783367
 20
71.6857900614182
 10
277.1809045226131
 20
71.64059882747068
 10
277.16527079843667
 20
71.58905639307649
 10
277.15354550530435
 20
71.53116275823562
 10
277.1457286432161
 20
71.46691792294807
 10
277.1410059557045
 20
71.39681044109436
 10
277.13856318630195
 20
71.32132886655499
 10
277.13840033500844
 20
71.24047319932998
 10
277.14051740182396
 20
71.15424343941932
 10
277.1449143867486
 20
71.06263958682301
 10
277.1515912897823
 20
70.96566164154103
 10
277.22194304857624
 20
70.0217755443886
 10
277.2266657360879
 20
69.93383584589614
 10
277.2252000744464
 20
69.8537130094919
 10
277.21754606365164
 20
69.78140703517587
 10
277.20370370370375
 20
69.71691792294807
 10
277.18367299460266
 20
69.66024567280849
 10
277.1574539363485
 20
69.61139028475712
 10
277.12537223152805
 20
69.57018890750047
 10
277.0877535827285
 20
69.53647868974502
 10
277.0445979899498
 20
69.51025963149078
 10
276.99590545319194
 20
69.49153173273777
 10
276.9416759724549
 20
69.48029499348594
 10
276.88190954773876
 20
69.47654941373534
  0
LWPOLYLINE
  5
360
330
17
100
AcDbEntity
  8
LETRAS
100
AcDbPolyline
 90
71
 70
1
 10
275.0058626465662
 20
69.47654941373534
 10
274.98599478875866
 20
69.47703796761586
 10
274.9654755257771
 20
69.4785036292574
 10
274.9443048576215
 20
69.48094639865997
 10
274.9224827842919
 20
69.48436627582356
 10
274.9000093057882
 20
69.48876326074819
 10
274.8768844221106
 20
69.49413735343384
 10
274.8768844221106
 20
69.53517587939699
 10
274.8845384329053
 20
69.54551693653453
 10
274.891866741113
 20
69.55699795272659
 10
274.8988693467337
 20
69.5696189279732
 10
274.9055462497674
 20
69.58337986227434
 10
274.9118974502141
 20
69.59828075563
 10
274.91792294807374
 20
69.6143216080402
 10
274.9232970407594
 20
69.63280522985296
 10
274.92769402568405
 20
69.65503443141634
 10
274.93111390284764
 20
69.68100921273032
 10
274.9335566722502
 20
69.71072957379491
 10
274.9350223338917
 20
69.74419551461008
 10
274.93551088777224
 20
69.78140703517587
 10
274.93551088777224
 20
70.61976549413735
 10
274.93803508282156
 20
70.71861622929462
 10
274.9456076679695
 20
70.80802158942862
 10
274.9582286432161
 20
70.88798157453937
 10
274.9758980085614
 20
70.95849618462684
 10
274.99861576400525
 20
71.01956541969105
 10
275.0263819095478
 20
71.071189279732
 10
275.05838218872145
 20
71.1141820212172
 10
275.0938023450587
 20
71.14935790061418
 10
275.1326423785595
 20
71.17671691792295
 10
275.17490228922395
 20
71.1962590731435
 10
275.220582077052
 20
71.20798436627582
 10
275.2696817420436
 20
71.21189279731993
 10
275.2773357528383
 20
71.21181137167318
 10
275.284664061046
 20
71.21156709473293
 10
275.2916666666667
 20
71.21115996649917
 10
275.2983435697004
 20
71.2105899869719
 10
275.3046947701471
 20
71.20985715615113
 10
275.3107202680067
 20
71.20896147403685
 10
275.31707146845343
 20
71.20774008933557
 10
275.32439977666115
 20
71.20603015075378
 10
275.3327051926299
 20
71.20383165829146
 10
275.3419877163596
 20
71.20114461194864
 10
275.3522473478504
 20
71.19796901172529
 10
275.3634840871022
 20
71.19430485762145
 10
275.3634840871022
 20
71.15912897822446
 10
275.3522473478504
 20
71.1464265773311
 10
275.3419877163596
 20
71.13176996091569
 10
275.3327051926299
 20
71.11515912897822
 10
275.32439977666115
 20
71.0965940815187
 10
275.31707146845343
 20
71.07607481853714
 10
275.3107202680067
 20
71.0536013400335
 10
275.3055090266146
 20
71.02933649730132
 10
275.3016005955705
 20
71.0034431416341
 10
275.2989949748744
 20
70.97592127303183
 10
275.2976921645264
 20
70.94677089149451
 10
275.2976921645264
 20
70.91599199702215
 10
275.2989949748744
 20
70.88358458961474
 10
275.3458961474037
 20
69.91624790619765
 10
275.3466289782245
 20
69.84345337800112
 10
275.3410106085986
 20
69.77749860413176
 10
275.329041038526
 20
69.71838358458962
 10
275.3107202680067
 20
69.66610831937466
 10
275.2860482970408
 20
69.62067280848687
 10
275.2550251256282
 20
69.5820770519263
 10
275.21960496929097
 20
69.5498324958124
 10
275.18174204355114
 20
69.52345058626466
 10
275.1414363484088
 20
69.50293132328308
 10
275.0986878838638
 20
69.48827470686767
 10
275.05349664991627
 20
69.47948073701842
 10
275.0058626465662
 20
69.47654941373534
  0
LWPOLYLINE
  5
361
330
17
100
AcDbEntity
  8
LETRAS
100
AcDbPolyline
 90
133
 70
1
 10
270.54438860971527
 20
69.5
 10
270.7671691792295
 20
70.44388609715243
 10
272.2386934673367
 20
70.44388609715243
 10
272.2876302810348
 20
70.44592173832123
 10
272.33282151498236
 20
70.45202866182765
 10
272.37426716917923
 20
70.4622068676717
 10
272.41196724362555
 20
70.47645635585334
 10
272.44592173832126
 20
70.4947771263726
 10
272.47613065326635
 20
70.51716917922948
 10
272.50324539363487
 20
70.54330681183696
 10
272.5279173646008
 20
70.57286432160804
 10
272.5501465661642
 20
70.60584170854271
 10
272.569932998325
 20
70.64223897264098
 10
272.5872766610832
 20
70.68205611390285
 10
272.60217755443887
 20
70.7252931323283
 10
272.61471710403873
 20
70.77203145356411
 10
272.6249767355295
 20
70.82235250325702
 10
272.6329564489112
 20
70.87625628140704
 10
272.6386562441839
 20
70.93374278801414
 10
272.6420761213475
 20
70.99481202307835
 10
272.643216080402
 20
71.05946398659967
 10
272.6397147775917
 20
71.16653871207892
 10
272.6292108691606
 20
71.26498231900241
 10
272.6117043551089
 20
71.35479480737018
 10
272.58719523543647
 20
71.43597617718221
 10
272.5556835101433
 20
71.50852642843849
 10
272.5171691792295
 20
71.57244556113903
 10
272.4695351758794
 20
71.62708217010982
 10
272.41066443327753
 20
71.6717848501768
 10
272.3405569514238
 20
71.70655360134003
 10
272.25921273031827
 20
71.73138842359948
 10
272.16663176996093
 20
71.74628931695514
 10
272.06281407035175
 20
71.75125628140704
 10
271.0661641541039
 20
71.75125628140704
 10
271.0012679136423
 20
71.75426903033687
 10
270.9433742788014
 20
71.76330727712637
 10
270.89248324958123
 20
71.77837102177554
 10
270.84859482598176
 20
71.79946026428439
 10
270.811709008003
 20
71.8265750046529
 10
270.7818257956449
 20
71.85971524288107
 10
270.75764237855947
 20
71.89920668155592
 10
270.73785594639867
 20
71.94537502326448
 10
270.72246649916246
 20
71.9982202680067
 10
270.7114740368509
 20
72.05774241578261
 10
270.704878559464
 20
72.12394146659221
 10
270.70268006700167
 20
72.19681742043551
 10
270.70373860040945
 20
72.258782337614
 10
270.7069142006328
 20
72.31960729573795
 10
270.7122068676717
 20
72.37929229480737
 10
270.7196166015262
 20
72.43783733482226
 10
270.7291434021962
 20
72.49524241578261
 10
270.74078726968173
 20
72.55150753768844
 10
270.7536525218686
 20
72.60589986971897
 10
270.76684347664246
 20
72.65768658105341
 10
270.7803601340034
 20
72.7068676716918
 10
270.7942024939513
 20
72.7534431416341
 10
270.8083705564861
 20
72.79741299088033
 10
270.82286432160805
 20
72.83877721943048
 10
270.83678810720266
 20
72.8766401451703
 10
270.8492462311558
 20
72.91010608598549
 10
270.86023869346735
 20
72.93917504187604
 10
270.86976549413737
 20
72.96384701284198
 10
270.87782663316585
 20
72.98412199888331
 10
270.88442211055275
 20
73.0
 10
270.9958123953099
 20
73.0
 10
270.9958123953099
 20
72.87102177554439
 10
270.99678950307094
 20
72.8501768099758
 10
270.999720826354
 20
72.83063465475526
 10
271.00460636515913
 20
72.81239530988275
 10
271.0114461194863
 20
72.79545877535827
 10
271.0202400893356
 20
72.77982505118183
 10
271.0309882747069
 20
72.76549413735343
 10
271.04369067560026
 20
72.75295458775358
 10
271.05834729201564
 20
72.7426949562628
 10
271.07495812395314
 20
72.73471524288107
 10
271.09352317141264
 20
72.72901544760842
 10
271.1140424343942
 20
72.72559557044481
 10
271.13651591289783
 20
72.72445561139028
 10
272.1683417085427
 20
72.72445561139028
 10
272.23673925181464
 20
72.72184999069421
 10
272.30122836404246
 20
72.71403312860599
 10
272.36180904522615
 20
72.70100502512562
 10
272.4184812953657
 20
72.68276568025311
 10
272.4712451144612
 20
72.65931509398845
 10
272.52010050251255
 20
72.63065326633166
 10
272.5652103108133
 20
72.59710589986972
 10
272.606737390657
 20
72.55899869718965
 10
272.6446817420436
 20
72.51633165829146
 10
272.67904336497304
 20
72.46910478317514
 10
272.7098222594454
 20
72.41731807184068
 10
272.73701842546063
 20
72.3609715242881
 10
272.7438581797878
 20
72.34582635399218
 10
272.7526521496371
 20
72.32384142936907
 10
272.7634003350084
 20
72.29501675041877
 10
272.77610273590176
 20
72.25935231714126
 10
272.79075935231714
 20
72.21684812953657
 10
272.80737018425464
 20
72.16750418760469
 10
272.82487669830635
 20
72.11132049134562
 10
272.8422203610646
 20
72.04829704075935
 10
272.8594011725293
 20
71.97843383584589
 10
272.87641913270056
 20
71.90173087660524
 10
272.8932742415783
 20
71.8181881630374
 10
272.90996649916246
 20
71.72780569514238
 10
272.92519309510516
 20
71.63058347292015
 10
272.93765121905824
 20
71.52652149637075
 10
272.94734087102177
 20
71.41561976549414
 10
272.95426205099574
 20
71.29787828029033
 10
272.9584147589801
 20
71.17329704075935
 10
272.9597989949749
 20
71.04187604690117
 10
272.9572747999256
 20
70.87438349153173
 10
272.94970221477763
 20
70.71975618834915
 10
272.937081239531
 20
70.57799413735343
 10
272.91941187418576
 20
70.44909733854458
 10
272.8966941187419
 20
70.33306579192258
 10
272.86892797319933
 20
70.22989949748744
 10
272.8372533966127
 20
70.13650428066258
 10
272.8028103480365
 20
70.0497859668714
 10
272.7655988274707
 20
69.96974455611391
 10
272.72561883491534
 20
69.8963800483901
 10
272.6828703703704
 20
69.82969244369998
 10
272.63735343383587
 20
69.76968174204355
 10
272.5997347850363
 20
69.7266075749116
 10
272.56113902847574
 20
69.68727898753025
 10
272.52156616415414
 20
69.6516959798995
 10
272.4810161920715
 20
69.61985855201935
 10
272.4394891122278
 20
69.59176670388982
 10
272.39698492462315
 20
69.56742043551088
 10
272.35366648055094
 20
69.54681974688256
 10
272.3096966313047
 20
69.52996463800484
 10
272.26507537688445
 20
69.51685510887772
 10
272.2198027172902
 20
69.50749115950121
 10
272.17387865252186
 20
69.5018727898753
 10
272.12730318257957
 20
69.5
  0
LWPOLYLINE
  5
362
330
17
100
AcDbEntity
  8
LETRAS
100
AcDbPolyline
 90
126
 70
1
 10
268.90871021775547
 20
69.4355108877722
 10
268.7211055276382
 20
69.4447119858552
 10
268.5491345616974
 20
69.47231528010423
 10
268.392797319933
 20
69.51832077051927
 10
268.2520938023451
 20
69.58272845710032
 10
268.1270240089336
 20
69.66553833984739
 10
268.0175879396985
 20
69.76675041876047
 10
267.9244369998139
 20
69.8837590731435
 10
267.8482225944538
 20
70.01395868230038
 10
267.7889447236181
 20
70.15734924623115
 10
267.7466033873069
 20
70.31393076493579
 10
267.7211985855202
 20
70.4837032384143
 10
267.71273031825797
 20
70.66666666666667
 10
267.71460310813325
 20
70.76388888888889
 10
267.72022147775914
 20
70.85622557230597
 10
267.7295854271357
 20
70.94367671691792
 10
267.7426949562628
 20
71.02624232272474
 10
267.7595500651405
 20
71.1039223897264
 10
267.78015075376885
 20
71.17671691792295
 10
267.803112786153
 20
71.2450330355481
 10
267.82705192629817
 20
71.30927787083566
 10
267.85196817420433
 20
71.36945142378559
 10
267.8778615298716
 20
71.42555369439792
 10
267.90473199329983
 20
71.47758468267263
 10
267.9325795644891
 20
71.52554438860972
 10
267.95985715615114
 20
71.5697585147962
 10
267.9850176809976
 20
71.6105527638191
 10
268.0080611390285
 20
71.64792713567839
 10
268.0289875302438
 20
71.6818816303741
 10
268.0477968546436
 20
71.71241624790619
 10
268.0644891122278
 20
71.73953098827471
 10
268.0644891122278
 20
71.75125628140704
 10
268.0293132328308
 20
71.75125628140704
 10
267.9661269309511
 20
71.75426903033687
 10
267.90945468081145
 20
71.76330727712637
 10
267.85929648241205
 20
71.77837102177554
 10
267.8156523357528
 20
71.79946026428439
 10
267.7785222408338
 20
71.8265750046529
 10
267.74790619765497
 20
71.85971524288107
 10
267.72282709845524
 20
71.89920668155592
 10
267.7023078354737
 20
71.94537502326448
 10
267.6863484087102
 20
71.9982202680067
 10
267.6749488181649
 20
72.05774241578261
 10
267.66810906383773
 20
72.12394146659221
 10
267.66582914572865
 20
72.19681742043551
 10
267.66688767913644
 20
72.258782337614
 10
267.67006327935974
 20
72.31960729573795
 10
267.67535594639867
 20
72.37929229480737
 10
267.6827656802531
 20
72.43783733482226
 10
267.69229248092313
 20
72.49524241578261
 10
267.7039363484087
 20
72.55150753768844
 10
267.71688302624233
 20
72.60589986971897
 10
267.73031825795647
 20
72.65768658105341
 10
267.7442420435511
 20
72.7068676716918
 10
267.7586543830262
 20
72.7534431416341
 10
267.7735552763819
 20
72.79741299088033
 10
267.7889447236181
 20
72.83877721943048
 10
267.803764191327
 20
72.8766401451703
 10
267.8169551461009
 20
72.91010608598549
 10
267.8285175879397
 20
72.93917504187604
 10
267.83845151684346
 20
72.96384701284198
 10
267.8467569328122
 20
72.98412199888331
 10
267.8534338358459
 20
73.0
 10
267.964824120603
 20
73.0
 10
267.964824120603
 20
72.87102177554439
 10
267.9657198027173
 20
72.8501768099758
 10
267.9684068490601
 20
72.83063465475526
 10
267.9728852596315
 20
72.81239530988275
 10
267.9791550344314
 20
72.79545877535827
 10
267.9872161734599
 20
72.77982505118183
 10
267.99706867671694
 20
72.76549413735343
 10
268.008875395496
 20
72.75295458775358
 10
268.02279918109065
 20
72.7426949562628
 10
268.03884003350083
 20
72.73471524288107
 10
268.0569979527266
 20
72.72901544760842
 10
268.0772729387679
 20
72.72559557044481
 10
268.0996649916248
 20
72.72445561139028
 10
269.31909547738695
 20
72.72445561139028
 10
269.39091289782243
 20
72.72176856504746
 10
269.45784477945284
 20
72.71370742601898
 10
269.51989112227807
 20
72.70027219430486
 10
269.57705192629817
 20
72.68146286990508
 10
269.62932719151314
 20
72.65727945281965
 10
269.67671691792293
 20
72.62772194304857
 10
269.72019821328865
 20
72.59344174576587
 10
269.7607481853713
 20
72.55509026614554
 10
269.79836683417085
 20
72.5126675041876
 10
269.8330541596873
 20
72.46617345989205
 10
269.86481016192073
 20
72.41560813325889
 10
269.893634840871
 20
72.3609715242881
 10
269.9039758980086
 20
72.34419784105714
 10
269.91545691420066
 20
72.321235808673
 10
269.92807788944725
 20
72.29208542713567
 10
269.94183882374836
 20
72.25674669644519
 10
269.956739717104
 20
72.21521961660153
 10
269.9727805695142
 20
72.16750418760469
 10
269.9892285501582
 20
72.11376326074819
 10
270.00535082821517
 20
72.05415968732552
 10
270.0211474036851
 20
71.98869346733669
 10
270.03661827656805
 20
71.91736460078168
 10
270.05176344686396
 20
71.84017308766053
 10
270.06658291457285
 20
71.7571189279732
 10
270.080018146287
 20
71.66755071654569
 10
270.09101060859854
 20
71.57081704820398
 10
270.09956030150755
 20
71.46691792294807
 10
270.105667225014
 20
71.35585334077797
 10
270.1093313791178
 20
71.23762330169366
 10
270.1105527638191
 20
71.11222780569514
 10
270.10688860971527
 20
70.93520844965569
 10
270.09589614740366
 20
70.7676344686395
 10
270.0775753768844
 20
70.60950586264657
 10
270.05192629815747
 20
70.4608226316769
 10
270.01894891122276
 20
70.3215847757305
 10
269.9786432160804
 20
70.19179229480737
 10
269.9308463614368
 20
70.07185231714126
 10
269.87539549599853
 20
69.96217197096594
 10
269.8122906197655
 20
69.86275125628141
 10
269.74153173273777
 20
69.77359017308765
 10
269.66311883491534
 20
69.69468872138471
 10
269.57705192629817
 20
69.62604690117253
 10
269.48357528382655
 20
69.56782756374464
 10
269.38293318444073
 20
69.52019356039456
 10
269.2751256281407
 20
69.48314489112228
 10
269.16015261492646
 20
69.45668155592779
 10
269.03801414479807
 20
69.4408035548111
 10
268.90871021775547
 20
69.4355108877722
  0
LWPOLYLINE
  5
363
330
17
100
AcDbEntity
  8
LETRAS
100
AcDbPolyline
 90
61
 70
1
 10
268.28726968174203
 20
71.75125628140704
 10
268.2750558347292
 20
71.7289456541969
 10
268.26186487995534
 20
71.70500651405175
 10
268.24769681742043
 20
71.67943886097153
 10
268.2325516471245
 20
71.65224269495626
 10
268.21642936906755
 20
71.62341801600596
 10
268.1993299832496
 20
71.5929648241206
 10
268.1820677461381
 20
71.56063884235995
 10
268.16545691420066
 20
71.52619579378373
 10
268.1494974874372
 20
71.48963567839196
 10
268.1341894658478
 20
71.45095849618463
 10
268.11953284943235
 20
71.41016424716173
 10
268.10552763819095
 20
71.36725293132328
 10
268.0929880885911
 20
71.32206169737577
 10
268.0827284571003
 20
71.27442769402569
 10
268.0747487437186
 20
71.22435092127303
 10
268.0690489484459
 20
71.1718313791178
 10
268.06562907128233
 20
71.11686906756002
 10
268.0644891122278
 20
71.05946398659967
 10
268.0702703331472
 20
70.93830262423228
 10
268.08761399590543
 20
70.8288665549972
 10
268.1165201005025
 20
70.73115577889448
 10
268.1569886469384
 20
70.64517029592406
 10
268.2090196352131
 20
70.57091010608599
 10
268.27261306532665
 20
70.50837520938023
 10
268.348094639866
 20
70.45642564675228
 10
268.43579006141823
 20
70.41392145914759
 10
268.53569932998323
 20
70.38086264656616
 10
268.64782244556113
 20
70.357249209008
 10
268.7721594081519
 20
70.34308114647311
 10
268.90871021775547
 20
70.33835845896148
 10
269.0561720640238
 20
70.34373255164712
 10
269.1897915503443
 20
70.35985482970408
 10
269.30956867671694
 20
70.38672529313233
 10
269.41550344314163
 20
70.42434394193188
 10
269.50759584961844
 20
70.47271077610273
 10
269.5858458961474
 20
70.53182579564489
 10
269.6512306904895
 20
70.60152614926484
 10
269.7047273404057
 20
70.68164898566909
 10
269.74633584589617
 20
70.77219430485762
 10
269.77605620696073
 20
70.87316210683045
 10
269.79388842359947
 20
70.98455239158757
 10
269.7998324958124
 20
71.10636515912898
 10
269.79836683417085
 20
71.1730527638191
 10
269.79396984924625
 20
71.23632049134562
 10
269.78664154103853
 20
71.29616834170854
 10
269.77638190954775
 20
71.35259631490787
 10
269.76319095477385
 20
71.40560441094361
 10
269.74706867671694
 20
71.45519262981574
 10
269.7276079471431
 20
71.50119812023078
 10
269.7044016378187
 20
71.54345803089522
 10
269.6774497487437
 20
71.58197236180905
 10
269.64675227991813
 20
71.61674111297226
 10
269.6123092313419
 20
71.64776428438489
 10
269.5741206030151
 20
71.6750418760469
 10
269.53153498976366
 20
71.69832961101805
 10
269.4839009864136
 20
71.71738321235809
 10
269.43121859296485
 20
71.732202680067
 10
269.37348780941744
 20
71.7427880141448
 10
269.31070863577145
 20
71.74913921459148
 10
269.2428810720268
 20
71.75125628140704
  0
LWPOLYLINE
  5
364
330
17
100
AcDbEntity
  8
LETRAS
100
AcDbPolyline
 90
250
 70
1
 10
266.7922948073702
 20
69.4355108877722
 10
266.7896891866741
 20
69.4518774427694
 10
266.78578075563
 20
69.46970965940815
 10
266.78056951423787
 20
69.48900753768844
 10
266.7740554624977
 20
69.50977107761027
 10
266.76623860040945
 20
69.53200027917364
 10
266.7571189279732
 20
69.55569514237855
 10
266.74539363484087
 20
69.58118136981203
 10
266.7297599106644
 20
69.60878466406105
 10
266.71021775544386
 20
69.63850502512562
 10
266.68676716917923
 20
69.67034245300577
 10
266.6594081518705
 20
69.70429694770147
 10
266.6281407035176
 20
69.74036850921273
 10
265.1859296482412
 20
71.37018425460637
 10
265.08040201005025
 20
71.20603015075378
 10
265.0567071468453
 20
71.16515447608413
 10
265.036432160804
 20
71.12460450400148
 10
265.0195770519263
 20
71.08438023450586
 10
265.0061418202122
 20
71.04448166759724
 10
264.99612646566163
 20
71.00490880327564
 10
264.9895309882747
 20
70.96566164154103
 10
264.9863553880514
 20
70.92722873627396
 10
264.9865996649916
 20
70.89009864135492
 10
264.9902638190955
 20
70.85427135678393
 10
264.9973478503629
 20
70.81974688256095
 10
265.00785175879395
 20
70.78652521868602
 10
265.0217755443886
 20
70.75460636515913
 10
265.29145728643215
 20
70.22110552763819
 10
265.3259817606551
 20
70.1466824865066
 10
265.3552949934859
 20
70.07584217383213
 10
265.3793969849246
 20
70.00858458961474
 10
265.3982877349712
 20
69.94490973385446
 10
265.41196724362555
 20
69.88481760655128
 10
265.4204355108878
 20
69.82830820770519
 10
265.4240182393449
 20
69.77359017308765
 10
265.42304113158383
 20
69.71887213847013
 10
265.41750418760466
 20
69.6641541038526
 10
265.4074074074074
 20
69.60943606923506
 10
265.392750790992
 20
69.55471803461754
 10
265.37353433835847
 20
69.5
 10
264.44137353433837
 20
69.5
 10
264.44137353433837
 20
69.69346733668341
 10
264.5644891122278
 20
69.69346733668341
 10
264.5898124883678
 20
69.69566582914572
 10
264.6110645821701
 20
69.70226130653266
 10
264.6282453936348
 20
69.71325376884423
 10
264.64135492276193
 20
69.7286432160804
 10
264.6503931695515
 20
69.7484296482412
 10
264.65536013400333
 20
69.77261306532664
 10
264.65690722129165
 20
69.80249627768472
 10
264.65568583659035
 20
69.83938209566351
 10
264.6516959798995
 20
69.88327051926298
 10
264.64493765121904
 20
69.93416154848316
 10
264.635410850549
 20
69.99205518332403
 10
264.62311557788945
 20
70.05695142378559
 10
264.55862646566163
 20
70.36180904522612
 10
264.54975107016566
 20
70.41725991066443
 10
264.5426670388982
 20
70.47026800670017
 10
264.5373743718593
 20
70.52083333333333
 10
264.5338730690489
 20
70.56895589056393
 10
264.53216313046715
 20
70.61463567839196
 10
264.5322445561139
 20
70.65787269681742
 10
264.5350130281035
 20
70.70029545877536
 10
264.54136422855015
 20
70.74353247720082
 10
264.5512981574539
 20
70.78758375209381
 10
264.56481481481484
 20
70.83244928345431
 10
264.5819142006328
 20
70.87812907128233
 10
264.6025963149079
 20
70.92462311557789
 10
264.6271054345803
 20
70.97347850362925
 10
264.65568583659035
 20
71.02624232272474
 10
264.68833752093803
 20
71.08291457286433
 10
264.7250604876233
 20
71.14349525404802
 10
264.7658547366462
 20
71.20798436627582
 10
264.8107202680067
 20
71.27638190954774
 10
265.0100502512563
 20
71.57537688442211
 10
264.6758793969849
 20
71.95058626465662
 10
264.64640331286057
 20
71.98413363111855
 10
264.62050995719335
 20
72.01833240275451
 10
264.59819932998323
 20
72.05318257956449
 10
264.5794714312302
 20
72.08868416154849
 10
264.5643262609343
 20
72.12483714870649
 10
264.5527638190955
 20
72.16164154103852
 10
264.54380699795274
 20
72.19844593337055
 10
264.536478689745
 20
72.23459892052857
 10
264.53077889447235
 20
72.27010050251256
 10
264.52670761213477
 20
72.30495067932254
 10
264.5242648427322
 20
72.3391494509585
 10
264.52345058626463
 20
72.37269681742043
 10
264.5257305043737
 20
72.43449888330542
 10
264.5325702587009
 20
72.49483528754885
 10
264.54396984924625
 20
72.55370603015075
 10
264.55992927600965
 20
72.61111111111111
 10
264.5804485389913
 20
72.66705053042993
 10
264.60552763819095
 20
72.7215242881072
 10
264.63239810161923
 20
72.77404383026243
 10
264.65829145728645
 20
72.82412060301507
 10
264.6832077051926
 20
72.87175460636516
 10
264.7071468453378
 20
72.91694584031268
 10
264.73010887772193
 20
72.95969430485762
 10
264.75209380234503
 20
73.0
 10
264.86348408710217
 20
73.0
 10
264.86348408710217
 20
72.95896147403685
 10
264.86486832309697
 20
72.93029964638005
 10
264.86902103108133
 20
72.90294062907128
 10
264.87594221105525
 20
72.87688442211055
 10
264.8856318630188
 20
72.85213102549785
 10
264.8980899869719
 20
72.82868043923321
 10
264.91331658291455
 20
72.80653266331659
 10
264.9303345430858
 20
72.78471058998697
 10
264.94816675972453
 20
72.76223711148334
 10
264.9668132328308
 20
72.73911222780569
 10
264.9862739624046
 20
72.71533593895403
 10
265.0065489484459
 20
72.69090824492835
 10
265.02763819095475
 20
72.66582914572864
 10
266.25879396984925
 20
71.27051926298158
 10
266.26335380606736
 20
71.29022426949562
 10
266.26921645263354
 20
71.31025497859669
 10
266.27638190954775
 20
71.33061139028476
 10
266.28485017681
 20
71.35129350455983
 10
266.29462125442024
 20
71.37230132142193
 10
266.30569514237857
 20
71.39363484087102
 10
266.3255630001861
 20
71.42653080215894
 10
266.3460822631677
 20
71.45877535827285
 10
266.36725293132326
 20
71.49036850921273
 10
266.3890750046529
 20
71.5213102549786
 10
266.41154848315654
 20
71.55160059557045
 10
266.43467336683415
 20
71.58123953098827
 10
266.5929648241206
 20
71.76298157453937
 10
266.46984924623115
 20
71.78056951423785
 10
266.401533128606
 20
71.79327191513121
 10
266.34119672436253
 20
71.81183696259073
 10
266.28884003350083
 20
71.83626465661642
 10
266.24446305602083
 20
71.86655499720827
 10
266.2080657919226
 20
71.90270798436627
 10
266.17964824120605
 20
71.94472361809045
 10
266.15725618834915
 20
71.99081053415225
 10
266.1389354178299
 20
72.0391773683231
 10
266.12468592964825
 20
72.08982412060301
 10
266.1145077238042
 20
72.142750790992
 10
266.1084008002978
 20
72.19795737949005
 10
266.106365159129
 20
72.25544388609715
 10
266.1085636515913
 20
72.33809091755072
 10
266.11515912897823
 20
72.41796947701471
 10
266.1261515912898
 20
72.49507956448912
 10
266.141541038526
 20
72.56942117997394
 10
266.1613274706868
 20
72.6409943234692
 10
266.1855108877722
 20
72.70979899497488
 10
266.21067141261864
 20
72.77404383026243
 10
266.23338916806256
 20
72.8319374651033
 10
266.25366415410383
 20
72.88347989949749
 10
266.2714963707426
 20
72.92867113344501
 10
266.28688581797877
 20
72.96751116694584
 10
266.2998324958124
 20
73.0
 10
266.4112227805695
 20
73.0
 10
266.4112227805695
 20
72.91206030150754
 10
266.4121998883305
 20
72.8856783919598
 10
266.41513121161364
 20
72.86125069793411
 10
266.42001675041877
 20
72.83877721943048
 10
266.42685650474596
 20
72.81825795644892
 10
266.4356504745952
 20
72.79969290898939
 10
266.4463986599665
 20
72.78308207705193
 10
266.4600781686209
 20
72.76842546063652
 10
266.4776661083194
 20
72.75572305974316
 10
266.49916247906197
 20
72.74497487437186
 10
266.5245672808487
 20
72.73618090452261
 10
266.55388051367953
 20
72.72934115019542
 10
266.5871021775544
 20
72.72445561139028
 10
266.89782244556113
 20
72.68341708542714
 10
266.9516447980644
 20
72.67242462311557
 10
266.999767355295
 20
72.65508096035734
 10
267.0421901172529
 20
72.63138609715243
 10
267.07891308393823
 20
72.60134003350083
 10
267.1099362553508
 20
72.56494276940256
 10
267.1352596314908
 20
72.52219430485762
 10
267.15586032011913
 20
72.47472315280105
 10
267.1727154289968
 20
72.42415782616787
 10
267.18582495812393
 20
72.37049832495812
 10
267.19518890750044
 20
72.31374464917178
 10
267.2008072771264
 20
72.25389679880885
 10
267.20268006700167
 20
72.19095477386935
 10
267.2017843848874
 20
72.14389075004652
 10
267.19909733854456
 20
72.0965010236367
 10
267.1946189279732
 20
72.04878559463987
 10
267.18834915317325
 20
72.00074446305602
 10
267.1802880141448
 20
71.95237762888517
 10
267.1704355108878
 20
71.9036850921273
 10
267.1591173459892
 20
71.85515540666294
 10
267.1466592220361
 20
71.80727712637261
 10
267.1330611390285
 20
71.76005025125627
 10
267.1183230969663
 20
71.71347478131398
 10
267.1024450958496
 20
71.66755071654569
 10
267.0854271356784
 20
71.62227805695143
 10
267.02680067001677
 20
71.62227805695143
 10
267.0203680439233
 20
71.63726037595384
 10
267.0127954587754
 20
71.65093988460822
 10
267.00408291457285
 20
71.66331658291458
 10
266.9942304113158
 20
71.67439047087288
 10
266.98323794900426
 20
71.68416154848316
 10
266.9711055276382
 20
71.69262981574539
 10
266.95636748557604
 20
71.7002838265401
 10
266.93755816117624
 20
71.70761213474782
 10
266.91467755443887
 20
71.7146147403685
 10
266.88772566536386
 20
71.7212916434022
 10
266.8567024939512
 20
71.72764284384887
 10
266.821608040201
 20
71.73366834170854
 10
266.786432160804
 20
71.73953098827471
 10
266.68676716917923
 20
71.58710217755444
 10
266.66046668527827
 20
71.5428066257212
 10
266.6362832681928
 20
71.49981388423599
 10
266.61421691792293
 20
71.45812395309883
 10
266.5942676344686
 20
71.4177368323097
 10
266.5764354178299
 20
71.3786525218686
 10
266.5607202680067
 20
71.34087102177554
 10
266.54712218499907
 20
71.30406662944351
 10
266.535641168807
 20
71.2679136422855
 10
266.5262772194305
 20
71.23241206030151
 10
266.51903033686955
 20
71.19756188349153
 10
266.5139005211241
 20
71.16336311185557
 10
266.5108877721943
 20
71.12981574539363
 10
266.50925925925924
 20
71.10620230783547
 10
266.50828215149824
 20
71.0822631676903
 10
266.5079564489112
 20
71.05799832495812
 10
266.50828215149824
 20
71.03340777963894
 10
266.50925925925924
 20
71.00849153173274
 10
266.5108877721943
 20
70.98324958123953
 10
266.8685092127303
 20
70.57872696817421
 10
266.89912525590915
 20
70.54265540666294
 10
266.92843848873997
 20
70.50479248092313
 10
266.95644891122276
 20
70.46513819095478
 10
266.98315652335754
 20
70.42369253675787
 10
267.0085613251442
 20
70.3804555183324
 10
267.0326633165829
 20
70.33542713567839
 10
267.0541596873255
 20
70.28828168620882
 10
267.071747627024
 20
70.23869346733669
 10
267.0854271356784
 20
70.18666247906198
 10
267.09519821328865
 20
70.13218872138471
 10
267.10106085985484
 20
70.07527219430486
 10
267.1030150753769
 20
70.01591289782245
 10
267.10106085985484
 20
69.95818211427508
 10
267.09519821328865
 20
69.90224269495626
 10
267.0854271356784
 20
69.84809463986599
 10
267.071747627024
 20
69.79573794900428
 10
267.0541596873255
 20
69.74517262237111
 10
267.0326633165829
 20
69.6963986599665
 10
267.00904987902476
 20
69.64925321049692
 10
266.9851107388796
 20
69.6035734226689
 10
266.9608458961474
 20
69.55935929648241
 10
266.9362553508282
 20
69.51661083193747
 10
266.911339102922
 20
69.47532802903406
 10
266.8860971524288
 20
69.4355108877722
  0
LWPOLYLINE
  5
365
330
17
100
AcDbEntity
  8
LETRAS
100
AcDbPolyline
 90
250
 70
1
 10
262.29564489112227
 20
69.4355108877722
 10
262.29303927042616
 20
69.4518774427694
 10
262.2891308393821
 20
69.46970965940815
 10
262.28391959798995
 20
69.48900753768844
 10
262.2774055462498
 20
69.50977107761027
 10
262.26958868416153
 20
69.53200027917364
 10
262.26046901172526
 20
69.55569514237855
 10
262.24874371859295
 20
69.58118136981203
 10
262.2331099944165
 20
69.60878466406105
 10
262.21356783919595
 20
69.63850502512562
 10
262.1901172529313
 20
69.67034245300577
 10
262.16275823562256
 20
69.70429694770147
 10
262.1314907872697
 20
69.74036850921273
 10
260.6892797319933
 20
71.37018425460637
 10
260.58375209380233
 20
71.20603015075378
 10
260.5600572305974
 20
71.16515447608413
 10
260.5397822445561
 20
71.12460450400148
 10
260.5229271356784
 20
71.08438023450586
 10
260.50949190396426
 20
71.04448166759724
 10
260.4994765494137
 20
71.00490880327564
 10
260.49288107202676
 20
70.96566164154103
 10
260.48970547180346
 20
70.92722873627396
 10
260.4899497487437
 20
70.89009864135492
 10
260.4936139028476
 20
70.85427135678393
 10
260.500697934115
 20
70.81974688256095
 10
260.51120184254603
 20
70.78652521868602
 10
260.5251256281407
 20
70.75460636515913
 10
260.79480737018423
 20
70.22110552763819
 10
260.8293318444072
 20
70.1466824865066
 10
260.858645077238
 20
70.07584217383213
 10
260.8827470686767
 20
70.00858458961474
 10
260.90163781872326
 20
69.94490973385446
 10
260.91531732737764
 20
69.88481760655128
 10
260.92378559463987
 20
69.82830820770519
 10
260.92736832309697
 20
69.77359017308765
 10
260.9263912153359
 20
69.71887213847013
 10
260.92085427135675
 20
69.6641541038526
 10
260.9107574911595
 20
69.60943606923506
 10
260.8961008747441
 20
69.55471803461754
 10
260.87688442211055
 20
69.5
 10
259.94472361809045
 20
69.5
 10
259.94472361809045
 20
69.69346733668341
 10
260.0678391959799
 20
69.69346733668341
 10
260.09316257211987
 20
69.69566582914572
 10
260.1144146659222
 20
69.70226130653266
 10
260.1315954773869
 20
69.71325376884423
 10
260.144705006514
 20
69.7286432160804
 10
260.15374325330356
 20
69.7484296482412
 10
260.1587102177554
 20
69.77261306532664
 10
260.16025730504373
 20
69.80249627768472
 10
260.15903592034243
 20
69.83938209566351
 10
260.1550460636516
 20
69.88327051926298
 10
260.1482877349711
 20
69.93416154848316
 10
260.1387609343011
 20
69.99205518332403
 10
260.12646566164153
 20
70.05695142378559
 10
260.0619765494137
 20
70.36180904522612
 10
260.05310115391774
 20
70.41725991066443
 10
260.04601712265026
 20
70.47026800670017
 10
260.0407244556114
 20
70.52083333333333
 10
260.037223152801
 20
70.56895589056393
 10
260.03551321421924
 20
70.61463567839196
 10
260.03559463986596
 20
70.65787269681742
 10
260.0383631118556
 20
70.70029545877536
 10
260.04471431230223
 20
70.74353247720082
 10
260.054648241206
 20
70.78758375209381
 10
260.0681648985669
 20
70.83244928345431
 10
260.0852642843849
 20
70.87812907128233
 10
260.10594639865997
 20
70.92462311557789
 10
260.1304555183324
 20
70.97347850362925
 10
260.15903592034243
 20
71.02624232272474
 10
260.1916876046901
 20
71.08291457286433
 10
260.2284105713754
 20
71.14349525404802
 10
260.2692048203983
 20
71.20798436627582
 10
260.3140703517588
 20
71.27638190954774
 10
260.5134003350084
 20
71.57537688442211
 10
260.179229480737
 20
71.95058626465662
 10
260.14975339661265
 20
71.98413363111855
 10
260.12386004094543
 20
72.01833240275451
 10
260.1015494137353
 20
72.05318257956449
 10
260.0828215149823
 20
72.08868416154849
 10
260.0676763446864
 20
72.12483714870649
 10
260.0561139028476
 20
72.16164154103852
 10
260.0471570817048
 20
72.19844593337055
 10
260.0398287734971
 20
72.23459892052857
 10
260.03412897822443
 20
72.27010050251256
 10
260.03005769588685
 20
72.30495067932254
 10
260.02761492648426
 20
72.3391494509585
 10
260.0268006700167
 20
72.37269681742043
 10
260.0290805881258
 20
72.43449888330542
 10
260.035920342453
 20
72.49483528754885
 10
260.04731993299833
 20
72.55370603015075
 10
260.06327935976174
 20
72.61111111111111
 10
260.08379862274336
 20
72.66705053042993
 10
260.10887772194303
 20
72.7215242881072
 10
260.1357481853713
 20
72.77404383026243
 10
260.16164154103853
 20
72.82412060301507
 10
260.1865577889447
 20
72.87175460636516
 10
260.21049692908986
 20
72.91694584031268
 10
260.233458961474
 20
72.95969430485762
 10
260.2554438860971
 20
73.0
 10
260.36683417085425
 20
73.0
 10
260.36683417085425
 20
72.95896147403685
 10
260.36821840684905
 20
72.93029964638005
 10
260.3723711148334
 20
72.90294062907128
 10
260.3792922948073
 20
72.87688442211055
 10
260.38898194677085
 20
72.85213102549785
 10
260.401440070724
 20
72.82868043923321
 10
260.41666666666663
 20
72.80653266331659
 10
260.4336846268379
 20
72.78471058998697
 10
260.4515168434766
 20
72.76223711148334
 10
260.4701633165829
 20
72.73911222780569
 10
260.4896240461567
 20
72.71533593895403
 10
260.509899032198
 20
72.69090824492835
 10
260.53098827470683
 20
72.66582914572864
 10
261.76214405360133
 20
71.27051926298158
 10
261.76670388981944
 20
71.29022426949562
 10
261.7725665363856
 20
71.31025497859669
 10
261.77973199329983
 20
71.33061139028476
 10
261.78820026056206
 20
71.35129350455983
 10
261.7979713381723
 20
71.37230132142193
 10
261.80904522613065
 20
71.39363484087102
 10
261.8289130839382
 20
71.42653080215894
 10
261.8494323469198
 20
71.45877535827285
 10
261.87060301507535
 20
71.49036850921273
 10
261.892425088405
 20
71.5213102549786
 10
261.9148985669086
 20
71.55160059557045
 10
261.93802345058623
 20
71.58123953098827
 10
262.0963149078727
 20
71.76298157453937
 10
261.97319932998323
 20
71.78056951423785
 10
261.9048832123581
 20
71.79327191513121
 10
261.8445468081146
 20
71.81183696259073
 10
261.7921901172529
 20
71.83626465661642
 10
261.7478131397729
 20
71.86655499720827
 10
261.7114158756747
 20
71.90270798436627
 10
261.68299832495813
 20
71.94472361809045
 10
261.66060627210123
 20
71.99081053415225
 10
261.64228550158197
 20
72.0391773683231
 10
261.62803601340033
 20
72.08982412060301
 10
261.6178578075563
 20
72.142750790992
 10
261.61175088404985
 20
72.19795737949005
 10
261.60971524288107
 20
72.25544388609715
 10
261.61191373534336
 20
72.33809091755072
 10
261.6185092127303
 20
72.41796947701471
 10
261.62950167504187
 20
72.49507956448912
 10
261.64489112227807
 20
72.56942117997394
 10
261.66467755443887
 20
72.6409943234692
 10
261.68886097152426
 20
72.70979899497488
 10
261.7140214963707
 20
72.77404383026243
 10
261.73673925181464
 20
72.8319374651033
 10
261.7570142378559
 20
72.88347989949749
 10
261.7748464544947
 20
72.92867113344501
 10
261.79023590173085
 20
72.96751116694584
 10
261.80318257956446
 20
73.0
 10
261.9145728643216
 20
73.0
 10
261.9145728643216
 20
72.91206030150754
 10
261.9155499720826
 20
72.8856783919598
 10
261.9184812953657
 20
72.86125069793411
 10
261.92336683417085
 20
72.83877721943048
 10
261.93020658849804
 20
72.81825795644892
 10
261.9390005583473
 20
72.79969290898939
 10
261.9497487437186
 20
72.78308207705193
 10
261.963428252373
 20
72.76842546063652
 10
261.9810161920715
 20
72.75572305974316
 10
262.00251256281405
 20
72.74497487437186
 10
262.0279173646008
 20
72.73618090452261
 10
262.0572305974316
 20
72.72934115019542
 10
262.0904522613065
 20
72.72445561139028
 10
262.4011725293132
 20
72.68341708542714
 10
262.4549948818165
 20
72.67242462311557
 10
262.50311743904706
 20
72.65508096035734
 10
262.545540201005
 20
72.63138609715243
 10
262.5822631676903
 20
72.60134003350083
 10
262.6132863391029
 20
72.56494276940256
 10
262.63860971524286
 20
72.52219430485762
 10
262.6592104038712
 20
72.47472315280105
 10
262.6760655127489
 20
72.42415782616787
 10
262.689175041876
 20
72.37049832495812
 10
262.6985389912525
 20
72.31374464917178
 10
262.70415736087847
 20
72.25389679880885
 10
262.70603015075375
 20
72.19095477386935
 10
262.70513446863947
 20
72.14389075004652
 10
262.70244742229664
 20
72.0965010236367
 10
262.69796901172526
 20
72.04878559463987
 10
262.69169923692533
 20
72.00074446305602
 10
262.6836380978969
 20
71.95237762888517
 10
262.67378559463987
 20
71.9036850921273
 10
262.6624674297413
 20
71.85515540666294
 10
262.65000930578816
 20
71.80727712637261
 10
262.63641122278057
 20
71.76005025125627
 10
262.6216731807184
 20
71.71347478131398
 10
262.60579517960167
 20
71.66755071654569
 10
262.5887772194305
 20
71.62227805695143
 10
262.53015075376885
 20
71.62227805695143
 10
262.5237181276754
 20
71.63726037595384
 10
262.51614554252745
 20
71.65093988460822
 10
262.50743299832493
 20
71.66331658291458
 10
262.4975804950679
 20
71.67439047087288
 10
262.48658803275634
 20
71.68416154848316
 10
262.4744556113903
 20
71.69262981574539
 10
262.4597175693281
 20
71.7002838265401
 10
262.4409082449283
 20
71.70761213474782
 10
262.41802763819095
 20
71.7146147403685
 10
262.39107574911594
 20
71.7212916434022
 10
262.3600525777033
 20
71.72764284384887
 10
262.3249581239531
 20
71.73366834170854
 10
262.2897822445561
 20
71.73953098827471
 10
262.1901172529313
 20
71.58710217755444
 10
262.16381676903035
 20
71.5428066257212
 10
262.1396333519449
 20
71.49981388423599
 10
262.117567001675
 20
71.45812395309883
 10
262.0976177182207
 20
71.4177368323097
 10
262.07978550158197
 20
71.3786525218686
 10
262.0640703517588
 20
71.34087102177554
 10
262.05047226875115
 20
71.30406662944351
 10
262.0389912525591
 20
71.2679136422855
 10
262.02962730318256
 20
71.23241206030151
 10
262.02238042062163
 20
71.19756188349153
 10
262.0172506048762
 20
71.16336311185557
 10
262.01423785594636
 20
71.12981574539363
 10
262.0126093430113
 20
71.10620230783547
 10
262.0116322352503
 20
71.0822631676903
 10
262.0113065326633
 20
71.05799832495812
 10
262.0116322352503
 20
71.03340777963894
 10
262.0126093430113
 20
71.00849153173274
 10
262.01423785594636
 20
70.98324958123953
 10
262.3718592964824
 20
70.57872696817421
 10
262.40247533966124
 20
70.54265540666294
 10
262.43178857249205
 20
70.50479248092313
 10
262.45979899497485
 20
70.46513819095478
 10
262.4865066071096
 20
70.42369253675787
 10
262.5119114088963
 20
70.3804555183324
 10
262.536013400335
 20
70.33542713567839
 10
262.5575097710776
 20
70.28828168620882
 10
262.5750977107761
 20
70.23869346733669
 10
262.5887772194305
 20
70.18666247906198
 10
262.59854829704074
 20
70.13218872138471
 10
262.6044109436069
 20
70.07527219430486
 10
262.606365159129
 20
70.01591289782245
 10
262.6044109436069
 20
69.95818211427508
 10
262.59854829704074
 20
69.90224269495626
 10
262.5887772194305
 20
69.84809463986599
 10
262.5750977107761
 20
69.79573794900428
 10
262.5575097710776
 20
69.74517262237111
 10
262.536013400335
 20
69.6963986599665
 10
262.51239996277684
 20
69.64925321049692
 10
262.4884608226317
 20
69.6035734226689
 10
262.4641959798995
 20
69.55935929648241
 10
262.4396054345803
 20
69.51661083193747
 10
262.4146891866741
 20
69.47532802903406
 10
262.3894472361809
 20
69.4355108877722
  0
LWPOLYLINE
  5
366
330
17
100
AcDbEntity
  8
LETRAS
100
AcDbPolyline
 90
255
 70
1
 10
258.1155778894472
 20
69.44137353433835
 10
258.0701423785594
 20
69.44397915503443
 10
258.02763819095475
 20
69.45179601712265
 10
257.98806532663315
 20
69.46482412060301
 10
257.9514237855946
 20
69.48306346547552
 10
257.91771356783914
 20
69.50651405174018
 10
257.8869346733668
 20
69.53517587939699
 10
257.86006420993857
 20
69.56856039456542
 10
257.8380792853154
 20
69.60617904336497
 10
257.82097989949744
 20
69.64803182579564
 10
257.8087660524846
 20
69.69411874185744
 10
257.8014377442769
 20
69.74443979155035
 10
257.79899497487435
 20
69.79899497487438
 10
257.80339195979894
 20
69.87985064209938
 10
257.81658291457285
 20
69.95826353992183
 10
257.83856783919595
 20
70.03423366834171
 10
257.8693467336683
 20
70.10776102735902
 10
257.9089195979899
 20
70.17884561697376
 10
257.9572864321608
 20
70.24748743718592
 10
258.01135306160427
 20
70.31368648799554
 10
258.0680253117439
 20
70.37744276940256
 10
258.1273031825795
 20
70.43875628140704
 10
258.1891866741113
 20
70.49762702400893
 10
258.25367578633904
 20
70.55405499720827
 10
258.32077051926296
 20
70.60804020100502
 10
258.89530988274703
 20
71.04187604690117
 10
258.92698445933365
 20
71.0698050437372
 10
258.9555648613437
 20
71.09887399962777
 10
258.9810510887772
 20
71.12908291457286
 10
259.0034431416341
 20
71.1604317885725
 10
259.02274101991435
 20
71.19292062162666
 10
259.03894472361804
 20
71.22654941373534
 10
259.0523799553322
 20
71.26131816489857
 10
259.06337241764373
 20
71.29722687511632
 10
259.07192211055275
 20
71.3342755443886
 10
259.07802903405917
 20
71.37246417271542
 10
259.081693188163
 20
71.41179276009677
 10
259.0829145728643
 20
71.45226130653266
 10
259.08128605992925
 20
71.49745254048018
 10
259.0764005211241
 20
71.5392238972641
 10
259.06825795644886
 20
71.57757537688443
 10
259.05685836590357
 20
71.61250697934115
 10
259.04220174948813
 20
71.64401870463428
 10
259.02428810720266
 20
71.67211055276383
 10
259.000837520938
 20
71.69629396984925
 10
258.9695700725851
 20
71.71608040201005
 10
258.93048576214403
 20
71.73146984924622
 10
258.8835845896147
 20
71.74246231155779
 10
258.82886655499715
 20
71.74905778894473
 10
258.76633165829145
 20
71.75125628140704
 10
257.394472361809
 20
71.75125628140704
 10
257.3426042248278
 20
71.7552461380979
 10
257.2964358831193
 20
71.76721570817048
 10
257.2559673366834
 20
71.78716499162479
 10
257.22119858552014
 20
71.81509398846082
 10
257.1921296296296
 20
71.85100269867858
 10
257.1687604690117
 20
71.89489112227805
 10
257.1499511446119
 20
71.94496789503071
 10
257.1345616973757
 20
71.99944165270799
 10
257.12259212730316
 20
72.05831239530988
 10
257.11404243439415
 20
72.1215801228364
 10
257.1089126186488
 20
72.18924483528755
 10
257.10720268006696
 20
72.26130653266331
 10
257.107854085241
 20
72.31977014703145
 10
257.10980830076306
 20
72.37790805881258
 10
257.11306532663315
 20
72.4357202680067
 10
257.11762516285125
 20
72.49320677461381
 10
257.12348780941744
 20
72.55036757863391
 10
257.13065326633165
 20
72.607202680067
 10
257.13879583100686
 20
72.66322352503256
 10
257.1475898008561
 20
72.7179415596501
 10
257.15703517587934
 20
72.7713567839196
 10
257.1671319560767
 20
72.82346919784106
 10
257.17788014144793
 20
72.87427880141448
 10
257.1892797319933
 20
72.92378559463987
 10
257.2006793225386
 20
72.97158244928346
 10
257.2114275079099
 20
73.01726223711148
 10
257.22152428810716
 20
73.06082495812396
 10
257.23096966313045
 20
73.10227061232086
 10
257.2397636329797
 20
73.14159919970221
 10
257.2479061976549
 20
73.178810720268
 10
257.2550716545691
 20
73.21357947143123
 10
257.26093430113525
 20
73.24557975060488
 10
257.2654941373534
 20
73.27481155778895
 10
257.2687511632235
 20
73.30127489298343
 10
257.27070537874556
 20
73.32496975618835
 10
257.27135678391954
 20
73.34589614740368
 10
257.27086823003907
 20
73.36063418946584
 10
257.26940256839754
 20
73.37358086729947
 10
257.26695979899495
 20
73.38473618090453
 10
257.26353992183135
 20
73.39410013028103
 10
257.2591429369067
 20
73.401672715429
 10
257.2537688442211
 20
73.4074539363484
 10
257.2474176437744
 20
73.4120951982133
 10
257.24008933556667
 20
73.41624790619765
 10
257.23178391959794
 20
73.41991206030151
 10
257.2225013958682
 20
73.42308766052484
 10
257.21224176437744
 20
73.42577470686767
 10
257.2010050251256
 20
73.42797319932998
 10
257.0544388609715
 20
73.4572864321608
 10
257.03163967988087
 20
73.4625790991997
 10
257.01014330913824
 20
73.47064023822819
 10
256.9899497487437
 20
73.48146984924622
 10
256.9710589986972
 20
73.49506793225386
 10
256.9534710589987
 20
73.51143448725107
 10
256.9371859296482
 20
73.53056951423785
 10
256.92285501581983
 20
73.55296156709473
 10
256.91112972268746
 20
73.57909919970221
 10
256.90201005025125
 20
73.6089824120603
 10
256.895495998511
 20
73.64261120416899
 10
256.89158756746696
 20
73.67998557602829
 10
256.8902847571189
 20
73.72110552763819
 10
256.89158756746696
 20
73.7712637260376
 10
256.895495998511
 20
73.82011911408897
 10
256.90201005025125
 20
73.8676716917923
 10
256.91112972268746
 20
73.91392145914759
 10
256.92285501581983
 20
73.95886841615484
 10
256.9371859296482
 20
74.00251256281408
 10
256.95216824865065
 20
74.04355108877722
 10
256.965847757305
 20
74.08068118369626
 10
256.9782244556114
 20
74.11390284757118
 10
256.98929834356966
 20
74.14321608040201
 10
256.99906942117997
 20
74.16862088218872
 10
257.0075376884422
 20
74.19011725293132
 10
257.1189279731993
 20
74.19011725293132
 10
257.1189279731993
 20
74.11976549413735
 10
257.12104504001485
 20
74.0995719337428
 10
257.1273962404615
 20
74.0819839940443
 10
257.1379815745393
 20
74.06700167504188
 10
257.15280104224826
 20
74.05462497673552
 10
257.1718546435883
 20
74.04485389912526
 10
257.1951423785594
 20
74.03768844221105
 10
257.4824120603015
 20
73.97319932998325
 10
257.5188907500465
 20
73.96375395495998
 10
257.55015819839934
 20
73.95105155406662
 10
257.5762144053601
 20
73.93509212730318
 10
257.59705937092866
 20
73.91587567466965
 10
257.6126930951051
 20
73.89340219616602
 10
257.6231155778894
 20
73.8676716917923
 10
257.6302810348036
 20
73.84145263353805
 10
257.6361436813698
 20
73.8175134933929
 10
257.6407035175879
 20
73.79585427135679
 10
257.643960543458
 20
73.77647496742975
 10
257.64591475898004
 20
73.75937558161176
 10
257.6465661641541
 20
73.74455611390285
 10
257.64485622557225
 20
73.69203657174762
 10
257.6397264098269
 20
73.64000558347291
 10
257.6311767169179
 20
73.58846314907873
 10
257.6192071468453
 20
73.53740926856504
 10
257.6038176996091
 20
73.48684394193188
 10
257.5850083752093
 20
73.43676716917923
 10
257.56448911222776
 20
73.38742322724735
 10
257.5439698492462
 20
73.33905639307649
 10
257.52345058626463
 20
73.29166666666667
 10
257.50293132328306
 20
73.24525404801787
 10
257.4824120603015
 20
73.1998185371301
 10
257.4618927973199
 20
73.15536013400335
 10
257.44308347292014
 20
73.11196026428439
 10
257.42769402568393
 20
73.06970035361995
 10
257.4157244556114
 20
73.02858040201005
 10
257.40717476270237
 20
72.98860040945468
 10
257.40204494695695
 20
72.94976037595384
 10
257.4003350083752
 20
72.91206030150754
 10
257.4028592034245
 20
72.87525590917551
 10
257.41043178857245
 20
72.8430113530616
 10
257.42305276381904
 20
72.81532663316582
 10
257.4407221291643
 20
72.79220174948819
 10
257.4634398846082
 20
72.77363670202867
 10
257.49120603015075
 20
72.75963149078727
 10
257.5230434580309
 20
72.74888330541597
 10
257.5579750604876
 20
72.74008933556672
 10
257.59600083752093
 20
72.73324958123953
 10
257.6371207891308
 20
72.7283640424344
 10
257.6813349153173
 20
72.72543271915131
 10
257.72864321608034
 20
72.72445561139028
 10
259.15326633165824
 20
72.72445561139028
 10
259.1869765494137
 20
72.72331565233576
 10
259.21775544388606
 20
72.71989577517216
 10
259.24560301507535
 20
72.7141959798995
 10
259.27051926298157
 20
72.70621626651777
 10
259.29250418760466
 20
72.69595663502699
 10
259.3115577889447
 20
72.68341708542714
 10
259.32833147217565
 20
72.66924902289225
 10
259.34347664247156
 20
72.65410385259631
 10
259.3569932998325
 20
72.63798157453937
 10
259.3688814442583
 20
72.62088218872138
 10
259.3791410757491
 20
72.60280569514238
 10
259.38777219430483
 20
72.58375209380235
 10
259.3980318257956
 20
72.55883584589614
 10
259.40926856504746
 20
72.52707984366276
 10
259.42148241206024
 20
72.48848408710218
 10
259.43467336683415
 20
72.44304857621441
 10
259.44884142936905
 20
72.39077331099944
 10
259.46398659966496
 20
72.33165829145729
 10
259.4783175134934
 20
72.26668062534897
 10
259.4900428066257
 20
72.19681742043551
 10
259.49916247906197
 20
72.12206867671692
 10
259.50567653080213
 20
72.0424343941932
 10
259.50958496184626
 20
71.95791457286433
 10
259.5108877721943
 20
71.86850921273032
 10
259.51007351572673
 20
71.81843243997767
 10
259.5076307463242
 20
71.76591289782245
 10
259.50355946398656
 20
71.71095058626466
 10
259.4978596687139
 20
71.6535455053043
 10
259.4905313605062
 20
71.59369765494138
 10
259.48157453936346
 20
71.53140703517587
 10
259.4703378001116
 20
71.46813930764935
 10
259.4561697375767
 20
71.40536013400335
 10
259.43907035175874
 20
71.34306951423785
 10
259.4190396426577
 20
71.28126744835288
 10
259.39607761027355
 20
71.2199539363484
 10
259.37018425460633
 20
71.15912897822446
 10
259.3405453191885
 20
71.1000139586823
 10
259.30634654755255
 20
71.04383026242323
 10
259.26758793969844
 20
70.99057788944724
 10
259.22426949562623
 20
70.94025683975433
 10
259.1763912153359
 20
70.8928671133445
 10
259.1239530988274
 20
70.84840871021775
 10
258.5259631490787
 20
70.39112227805695
 10
258.4928229108505
 20
70.36588032756374
 10
258.46375395495994
 20
70.34096407965755
 10
258.438756281407
 20
70.31637353433835
 10
258.4178298901917
 20
70.29210869160617
 10
258.40097478131395
 20
70.26816955146101
 10
258.38819095477385
 20
70.24455611390285
 10
258.3783384515168
 20
70.2215940815187
 10
258.3702773124883
 20
70.19960915689559
 10
258.3640075376884
 20
70.1786013400335
 10
258.359529127117
 20
70.15857063093245
 10
258.3568420807742
 20
70.13951702959241
 10
258.3559463986599
 20
70.1214405360134
 10
258.35659780383395
 20
70.09383724176438
 10
258.358552019356
 20
70.06574539363484
 10
258.3618090452261
 20
70.03716499162479
 10
258.3663688814442
 20
70.00809603573423
 10
258.3722315280104
 20
69.97853852596315
 10
258.3793969849246
 20
69.94849246231156
 10
258.3865624418388
 20
69.91795784477945
 10
258.39242508840493
 20
69.88693467336684
 10
258.3969849246231
 20
69.8554229480737
 10
258.4002419504932
 20
69.82342266890005
 10
258.40219616601524
 20
69.79093383584589
 10
258.4028475711892
 20
69.75795644891122
 10
258.40097478131395
 20
69.71594081518704
 10
258.39535641168806
 20
69.67587939698493
 10
258.38599246231155
 20
69.63777219430486
 10
258.3728829331844
 20
69.60161920714684
 10
258.3560278243067
 20
69.56742043551088
 10
258.33542713567834
 20
69.53517587939699
 10
258.3105923134189
 20
69.50651405174018
 10
258.28103480364786
 20
69.48306346547552
 10
258.24675460636513
 20
69.46482412060301
 10
258.2077517215708
 20
69.45179601712265
 10
258.1640261492648
 20
69.44397915503443
 10
258.1155778894472
 20
69.44137353433835
  0
LWPOLYLINE
  5
367
330
17
100
AcDbEntity
  8
LETRAS
100
AcDbPolyline
 90
126
 70
1
 10
255.86432160804017
 20
70.69597989949749
 10
255.78810720268004
 20
70.84840871021775
 10
255.86147171040386
 20
70.89946259073143
 10
255.929136422855
 20
70.95100502512562
 10
255.99110134003348
 20
71.00303601340033
 10
256.0473664619393
 20
71.05555555555556
 10
256.09793178857245
 20
71.1085636515913
 10
256.142797319933
 20
71.16206030150754
 10
256.1813116508468
 20
71.2160455053043
 10
256.21282337613997
 20
71.27051926298158
 10
256.2373324958124
 20
71.32548157453937
 10
256.2548390098641
 20
71.38093243997767
 10
256.2653429182952
 20
71.43687185929649
 10
256.2688442211055
 20
71.49329983249581
 10
256.2671342825237
 20
71.53621114833426
 10
256.2620044667783
 20
71.57505118183511
 10
256.25345477386935
 20
71.60981993299832
 10
256.24148520379674
 20
71.64051740182393
 10
256.22609575656054
 20
71.66714358831193
 10
256.2072864321608
 20
71.68969849246231
 10
256.1839172715429
 20
71.7085078168621
 10
256.1548483156523
 20
71.72389726409827
 10
256.1200795644891
 20
71.73586683417085
 10
256.0796110180532
 20
71.74441652707985
 10
256.0334426763447
 20
71.74954634282524
 10
255.98157453936346
 20
71.75125628140704
 10
255.52428810720266
 20
71.75125628140704
 10
255.4534477945282
 20
71.7540247533966
 10
255.3894472361809
 20
71.76233016936534
 10
255.3322864321608
 20
71.77617252931323
 10
255.2819653824679
 20
71.79555183324028
 10
255.23848408710217
 20
71.82046808114647
 10
255.20184254606363
 20
71.85092127303183
 10
255.17138935417827
 20
71.88853992183138
 10
255.14647310627208
 20
71.93495254048018
 10
255.12709380234503
 20
71.99015912897822
 10
255.11325144239714
 20
72.05415968732552
 10
255.10494602642842
 20
72.12695421552206
 10
255.10217755443884
 20
72.20854271356784
 10
255.10323608784662
 20
72.27221756932812
 10
255.10641168806995
 20
72.33426391215336
 10
255.11170435510886
 20
72.39468174204355
 10
255.11911408896333
 20
72.4534710589987
 10
255.12864088963335
 20
72.5106318630188
 10
255.1402847571189
 20
72.56616415410386
 10
255.15315000930576
 20
72.61957937837334
 10
255.16634096407964
 20
72.67038898194677
 10
255.1798576214405
 20
72.71859296482413
 10
255.1936999813884
 20
72.76419132700539
 10
255.2078680439233
 20
72.8071840684906
 10
255.2223618090452
 20
72.84757118927973
 10
255.23628559463984
 20
72.88437558161176
 10
255.24874371859295
 20
72.91662013772567
 10
255.2597361809045
 20
72.94430485762145
 10
255.2692629815745
 20
72.96742974129909
 10
255.277324120603
 20
72.9859947887586
 10
255.28391959798992
 20
73.0
 10
255.39530988274706
 20
73.0
 10
255.39530988274706
 20
72.89447236180905
 10
255.39636841615484
 20
72.87159175507165
 10
255.39954401637817
 20
72.8498511073888
 10
255.40483668341707
 20
72.82925041876047
 10
255.41224641727152
 20
72.80978968918667
 10
255.42177321794153
 20
72.7914689186674
 10
255.43341708542712
 20
72.77428810720268
 10
255.44750372231528
 20
72.75906151126
 10
255.46435883119298
 20
72.7466033873069
 10
255.48398241206027
 20
72.73691373534338
 10
255.50637446491717
 20
72.72999255536944
 10
255.53153498976363
 20
72.72583984738507
 10
255.55946398659964
 20
72.72445561139028
 10
256.1105527638191
 20
72.72445561139028
 10
256.1757747068676
 20
72.72193141634096
 10
256.23464544946955
 20
72.714358831193
 10
256.28716499162476
 20
72.7017378559464
 10
256.3333333333333
 20
72.68406849060115
 10
256.3731504745952
 20
72.66135073515727
 10
256.4066164154104
 20
72.63358458961474
 10
256.4350339661269
 20
72.60435278243067
 10
256.45970593709285
 20
72.57723804206216
 10
256.48063232830816
 20
72.55224036850922
 10
256.4978131397729
 20
72.52935976177183
 10
256.51124837148706
 20
72.50859622184998
 10
256.5209380234506
 20
72.48994974874371
 10
256.52851060859854
 20
72.47276893727899
 10
256.53559463986596
 20
72.45249395123767
 10
256.5421901172529
 20
72.42912479061977
 10
256.54829704075934
 20
72.40266145542527
 10
256.55391541038523
 20
72.3731039456542
 10
256.55904522613065
 20
72.34045226130654
 10
256.563849339289
 20
72.30576493579007
 10
256.5684906011539
 20
72.27010050251256
 10
256.57296901172526
 20
72.23345896147404
 10
256.57728457100313
 20
72.19584031267448
 10
256.5814372789875
 20
72.15724455611391
 10
256.5854271356784
 20
72.1176716917923
 10
256.58900986413545
 20
72.07818025311744
 10
256.59194118741857
 20
72.03982877349712
 10
256.5942211055276
 20
72.00261725293133
 10
256.59584961846264
 20
71.96654569142007
 10
256.5968267262237
 20
71.93161408896333
 10
256.5971524288107
 20
71.89782244556113
 10
256.5947910850549
 20
71.79872743346361
 10
256.5877070537874
 20
71.70468081146473
 10
256.5759003350084
 20
71.61568257956449
 10
256.55937092871767
 20
71.5317327377629
 10
256.5381188349153
 20
71.45283128605993
 10
256.51214405360133
 20
71.37897822445561
 10
256.48274939512373
 20
71.30984785036293
 10
256.4512376698306
 20
71.24511446119486
 10
256.41760887772193
 20
71.18477805695143
 10
256.3818630187977
 20
71.12883863763261
 10
256.34400009305784
 20
71.07729620323842
 10
256.3040201005025
 20
71.03015075376885
 10
256.26298157453937
 20
70.98675088404988
 10
256.2219430485762
 20
70.9464451889075
 10
256.18090452261305
 20
70.90923366834171
 10
256.1398659966499
 20
70.8751163223525
 10
256.09882747068673
 20
70.84409315093988
 10
256.0577889447236
 20
70.81616415410386
 10
256.018216080402
 20
70.7908407779639
 10
255.98157453936346
 20
70.7676344686395
 10
255.94786432160802
 20
70.74654522613065
 10
255.91708542713565
 20
70.72757305043737
 10
255.8892378559464
 20
70.71071794155965
 10
255.86432160804017
 20
70.69597989949749
  0
LWPOLYLINE
  5
368
330
17
100
AcDbEntity
  8
LETRAS
100
AcDbPolyline
 90
125
 70
1
 10
254.22864321608037
 20
69.47654941373534
 10
254.21691792294806
 20
69.4766308393821
 10
254.2051926298157
 20
69.47687511632235
 10
254.1934673366834
 20
69.47728224455611
 10
254.18174204355105
 20
69.47785222408338
 10
254.17001675041874
 20
69.47858505490414
 10
254.1582914572864
 20
69.47948073701842
 10
254.1467290154476
 20
69.4805392704262
 10
254.13549227619578
 20
69.48176065512749
 10
254.12458123953095
 20
69.48314489112228
 10
254.11399590545318
 20
69.48469197841057
 10
254.10373627396237
 20
69.48640191699236
 10
254.0938023450586
 20
69.48827470686767
 10
254.0938023450586
 20
69.53517587939699
 10
254.10650474595195
 20
69.5568351014331
 10
254.11725293132326
 20
69.5788200260562
 10
254.12604690117251
 20
69.60113065326634
 10
254.1328866554997
 20
69.62376698306346
 10
254.13777219430483
 20
69.6467290154476
 10
254.14070351758792
 20
69.67001675041877
 10
254.14249488181648
 20
69.69705006514052
 10
254.143960543458
 20
69.73124883677647
 10
254.14510050251255
 20
69.77261306532664
 10
254.14591475898007
 20
69.821142750791
 10
254.14640331286057
 20
69.87683789316955
 10
254.14656616415408
 20
69.93969849246231
 10
254.14656616415408
 20
70.90117252931323
 10
254.14770612320862
 20
70.99570770519263
 10
254.15112600037222
 20
71.08389168062534
 10
254.15682579564486
 20
71.1657244556114
 10
254.1648055090266
 20
71.24120603015075
 10
254.17506514051738
 20
71.31033640424344
 10
254.18760469011724
 20
71.37311557788945
 10
254.20136562441837
 20
71.43011353061604
 10
254.215289410013
 20
71.4819002419505
 10
254.22937604690114
 20
71.5284757118928
 10
254.2436255350828
 20
71.56983994044296
 10
254.25803787455794
 20
71.60599292760097
 10
254.27261306532662
 20
71.63693467336684
 10
254.28637399962776
 20
71.66339800856133
 10
254.29834356970034
 20
71.68611576400521
 10
254.30852177554436
 20
71.70508793969849
 10
254.31690861715984
 20
71.72031453564117
 10
254.3235040945468
 20
71.73179555183324
 10
254.32830820770516
 20
71.73953098827471
 10
254.32830820770516
 20
71.75125628140704
 10
252.61055276381907
 20
71.75125628140704
 10
252.5414223897264
 20
71.75394332774987
 10
252.47864321608037
 20
71.76200446677834
 10
252.42221524288104
 20
71.77543969849246
 10
252.3721384701284
 20
71.79424902289225
 10
252.32841289782243
 20
71.81843243997767
 10
252.29103852596313
 20
71.84798994974875
 10
252.2596896519635
 20
71.88487576772752
 10
252.23404057323654
 20
71.93104410943607
 10
252.21409128978223
 20
71.98649497487438
 10
252.19984180160057
 20
72.05122836404243
 10
252.19129210869158
 20
72.12524427694025
 10
252.18844221105525
 20
72.20854271356784
 10
252.1895821701098
 20
72.27229899497488
 10
252.19300204727338
 20
72.33458961474037
 10
252.19870184254603
 20
72.39541457286433
 10
252.20668155592776
 20
72.45477386934674
 10
252.21694118741854
 20
72.5126675041876
 10
252.2294807370184
 20
72.56909547738694
 10
252.24324167131954
 20
72.62332495812396
 10
252.25716545691418
 20
72.67462311557789
 10
252.27125209380233
 20
72.72298994974874
 10
252.28550158198397
 20
72.76842546063652
 10
252.29991392145914
 20
72.8109296482412
 10
252.3144891122278
 20
72.85050251256281
 10
252.32825004652892
 20
72.88641122278057
 10
252.3402196166015
 20
72.91792294807371
 10
252.35039782244553
 20
72.94503768844221
 10
252.35878466406103
 20
72.96775544388609
 10
252.36538014144796
 20
72.98607621440536
 10
252.37018425460633
 20
73.0
 10
252.48157453936346
 20
73.0
 10
252.48157453936346
 20
72.9355108877722
 10
252.4825516471245
 20
72.89667085427136
 10
252.48548297040756
 20
72.86222780569514
 10
252.49036850921271
 20
72.83218174204355
 10
252.4972082635399
 20
72.80653266331659
 10
252.50600223338915
 20
72.78528056951424
 10
252.51675041876044
 20
72.76842546063652
 10
252.53026707612133
 20
72.7549902289224
 10
252.5473664619393
 20
72.74399776661083
 10
252.56804857621438
 20
72.73544807370185
 10
252.59231341894656
 20
72.72934115019542
 10
252.62016099013584
 20
72.72567699609156
 10
252.65159128978223
 20
72.72445561139028
 10
254.49832495812393
 20
72.72445561139028
 10
254.54131769960912
 20
72.72071003163968
 10
254.57649357900613
 20
72.70947329238787
 10
254.60385259631488
 20
72.69074539363484
 10
254.62339475153544
 20
72.6645263353806
 10
254.63512004466776
 20
72.63081611762516
 10
254.63902847571188
 20
72.5896147403685
 10
254.63902847571188
 20
71.80988274706867
 10
254.59798994974872
 20
71.7571189279732
 10
254.57063093243997
 20
71.72463009491904
 10
254.5471803461753
 20
71.6857900614182
 10
254.52763819095475
 20
71.64059882747068
 10
254.5120044667783
 20
71.58905639307649
 10
254.500279173646
 20
71.53116275823562
 10
254.49246231155777
 20
71.46691792294807
 10
254.48773962404613
 20
71.39681044109436
 10
254.48529685464356
 20
71.32132886655499
 10
254.48513400335005
 20
71.24047319932998
 10
254.48725107016563
 20
71.15424343941932
 10
254.49164805509025
 20
71.06263958682301
 10
254.49832495812393
 20
70.96566164154103
 10
254.5686767169179
 20
70.0217755443886
 10
254.57339940442952
 20
69.93383584589614
 10
254.571933742788
 20
69.8537130094919
 10
254.56427973199328
 20
69.78140703517587
 10
254.5504373720454
 20
69.71691792294807
 10
254.53040666294433
 20
69.66024567280849
 10
254.5041876046901
 20
69.61139028475712
 10
254.4721058998697
 20
69.57018890750047
 10
254.43448725107015
 20
69.53647868974502
 10
254.39133165829145
 20
69.51025963149078
 10
254.34263912153358
 20
69.49153173273777
 10
254.28840964079654
 20
69.48029499348594
 10
254.22864321608037
 20
69.47654941373534
  0
LWPOLYLINE
  5
369
330
17
100
AcDbEntity
  8
LETRAS
100
AcDbPolyline
 90
71
 70
1
 10
252.35259631490786
 20
69.47654941373534
 10
252.3327284571003
 20
69.47703796761586
 10
252.3122091941187
 20
69.4785036292574
 10
252.29103852596313
 20
69.48094639865997
 10
252.26921645263351
 20
69.48436627582356
 10
252.2467429741299
 20
69.48876326074819
 10
252.22361809045225
 20
69.49413735343384
 10
252.22361809045225
 20
69.53517587939699
 10
252.23127210124696
 20
69.54551693653453
 10
252.23860040945465
 20
69.55699795272659
 10
252.24560301507535
 20
69.5696189279732
 10
252.25227991810905
 20
69.58337986227434
 10
252.2586311185557
 20
69.59828075563
 10
252.26465661641538
 20
69.6143216080402
 10
252.27003070910104
 20
69.63280522985296
 10
252.27442769402566
 20
69.65503443141634
 10
252.27784757118926
 20
69.68100921273032
 10
252.28029034059182
 20
69.71072957379491
 10
252.28175600223338
 20
69.74419551461008
 10
252.28224455611388
 20
69.78140703517587
 10
252.28224455611388
 20
70.61976549413735
 10
252.2847687511632
 20
70.71861622929462
 10
252.29234133631115
 20
70.80802158942862
 10
252.30496231155777
 20
70.88798157453937
 10
252.322631676903
 20
70.95849618462684
 10
252.3453494323469
 20
71.01956541969105
 10
252.37311557788942
 20
71.071189279732
 10
252.40511585706307
 20
71.1141820212172
 10
252.4405360134003
 20
71.14935790061418
 10
252.47937604690114
 20
71.17671691792295
 10
252.5216359575656
 20
71.1962590731435
 10
252.5673157453936
 20
71.20798436627582
 10
252.61641541038523
 20
71.21189279731993
 10
252.62406942117994
 20
71.21181137167318
 10
252.63139772938766
 20
71.21156709473293
 10
252.63840033500836
 20
71.21115996649917
 10
252.64507723804203
 20
71.2105899869719
 10
252.65142843848872
 20
71.20985715615113
 10
252.6574539363484
 20
71.20896147403685
 10
252.66380513679508
 20
71.20774008933557
 10
252.67113344500277
 20
71.20603015075378
 10
252.67943886097152
 20
71.20383165829146
 10
252.68872138470127
 20
71.20114461194864
 10
252.69898101619205
 20
71.19796901172529
 10
252.71021775544386
 20
71.19430485762145
 10
252.71021775544386
 20
71.15912897822446
 10
252.69898101619205
 20
71.1464265773311
 10
252.68872138470127
 20
71.13176996091569
 10
252.67943886097152
 20
71.11515912897822
 10
252.67113344500277
 20
71.0965940815187
 10
252.66380513679508
 20
71.07607481853714
 10
252.6574539363484
 20
71.0536013400335
 10
252.65224269495624
 20
71.02933649730132
 10
252.64833426391212
 20
71.0034431416341
 10
252.64572864321605
 20
70.97592127303183
 10
252.64442583286802
 20
70.94677089149451
 10
252.64442583286802
 20
70.91599199702215
 10
252.64572864321605
 20
70.88358458961474
 10
252.69262981574536
 20
69.91624790619765
 10
252.69336264656613
 20
69.84345337800112
 10
252.68774427694024
 20
69.77749860413176
 10
252.67577470686766
 20
69.71838358458962
 10
252.6574539363484
 20
69.66610831937466
 10
252.63278196538243
 20
69.62067280848687
 10
252.60175879396982
 20
69.5820770519263
 10
252.56633863763258
 20
69.5498324958124
 10
252.52847571189278
 20
69.52345058626466
 10
252.4881700167504
 20
69.50293132328308
 10
252.44542155220546
 20
69.48827470686767
 10
252.40023031825794
 20
69.47948073701842
 10
252.35259631490786
 20
69.47654941373534
  0
LWPOLYLINE
  5
36A
330
17
100
AcDbEntity
  8
LETRAS
100
AcDbPolyline
 90
110
 70
1
 10
251.16247906197654
 20
69.47654941373534
 10
251.1507537688442
 20
69.4766308393821
 10
251.13902847571188
 20
69.47687511632235
 10
251.12730318257957
 20
69.47728224455611
 10
251.11557788944722
 20
69.47785222408338
 10
251.1038525963149
 20
69.47858505490414
 10
251.09212730318256
 20
69.47948073701842
 10
251.08056486134376
 20
69.4805392704262
 10
251.06932812209192
 20
69.48176065512749
 10
251.05841708542712
 20
69.48314489112228
 10
251.04783175134932
 20
69.48469197841057
 10
251.03757211985854
 20
69.48640191699236
 10
251.02763819095478
 20
69.48827470686767
 10
251.02763819095478
 20
69.53517587939699
 10
251.03692071468453
 20
69.54966964451889
 10
251.04522613065325
 20
69.56579192257584
 10
251.05255443886097
 20
69.58354271356784
 10
251.05890563930765
 20
69.60292201749488
 10
251.06427973199328
 20
69.62392983435697
 10
251.0686767169179
 20
69.64656616415411
 10
251.072259445375
 20
69.67425088404988
 10
251.0751907686581
 20
69.71040387120789
 10
251.07747068676716
 20
69.75502512562814
 10
251.0790991997022
 20
69.80811464731063
 10
251.08007630746323
 20
69.86967243625536
 10
251.08040201005025
 20
69.93969849246231
 10
251.08040201005025
 20
71.2998324958124
 10
251.07918062534895
 20
71.37897822445561
 10
251.0755164712451
 20
71.44835287548855
 10
251.06940954773867
 20
71.50795644891122
 10
251.0608598548297
 20
71.55778894472361
 10
251.04986739251814
 20
71.59785036292574
 10
251.036432160804
 20
71.62814070351759
 10
251.01843709287175
 20
71.65207984366276
 10
250.99376512190582
 20
71.67308766052484
 10
250.9624162479062
 20
71.69116415410386
 10
250.92439047087288
 20
71.70630932439978
 10
250.87968779080586
 20
71.71852317141261
 10
250.8283082077052
 20
71.72780569514238
 10
250.35929648241205
 20
71.79229480737018
 10
250.31679229480736
 20
71.8021473106272
 10
250.27917364600782
 20
71.81607109622185
 10
250.24644053601338
 20
71.83406616415411
 10
250.2185929648241
 20
71.85613251442398
 10
250.19563093243997
 20
71.88227014703145
 10
250.17755443886097
 20
71.91247906197655
 10
250.16322352503255
 20
71.94610785408524
 10
250.15149823190023
 20
71.98250511818351
 10
250.14237855946396
 20
72.02167085427136
 10
250.1358645077238
 20
72.06360506234878
 10
250.13195607667967
 20
72.10830774241579
 10
250.13065326633165
 20
72.15577889447236
 10
250.1317932253862
 20
72.21261399590546
 10
250.13521310254978
 20
72.26977479992556
 10
250.14091289782243
 20
72.32726130653266
 10
250.14889261120416
 20
72.38507351572679
 10
250.15915224269494
 20
72.4432114275079
 10
250.1716917922948
 20
72.50167504187604
 10
250.18569700353618
 20
72.55916154848316
 10
250.2003536199516
 20
72.6143681369812
 10
250.21566164154103
 20
72.66729480737018
 10
250.23162106830446
 20
72.7179415596501
 10
250.24823190024193
 20
72.76630839382096
 10
250.26549413735341
 20
72.81239530988275
 10
250.28210496929088
 20
72.85522520007444
 10
250.2967615857063
 20
72.89382095663503
 10
250.30946398659967
 20
72.92818257956449
 10
250.32021217197095
 20
72.95831006886283
 10
250.3290061418202
 20
72.98420342453005
 10
250.3358458961474
 20
73.00586264656616
 10
250.44723618090453
 20
73.00586264656616
 10
250.44723618090453
 20
72.9355108877722
 10
250.44805043737205
 20
72.90554624976735
 10
250.4504932067746
 20
72.87818723245859
 10
250.45456448911222
 20
72.85343383584589
 10
250.4602642843849
 20
72.83128605992927
 10
250.46759259259258
 20
72.81174390470873
 10
250.47654941373534
 20
72.79480737018426
 10
250.48794900428067
 20
72.78015075376885
 10
250.50260562069607
 20
72.76744835287549
 10
250.52051926298157
 20
72.75670016750419
 10
250.54168993113717
 20
72.74790619765494
 10
250.56611762516283
 20
72.74106644332775
 10
250.5938023450586
 20
72.73618090452261
 10
250.99246231155777
 20
72.67169179229481
 10
251.06940954773867
 20
72.65727945281965
 10
251.1360971524288
 20
72.63749302065885
 10
251.19252512562812
 20
72.6123324958124
 10
251.23869346733667
 20
72.58179787828028
 10
251.27460217755444
 20
72.54588916806253
 10
251.3002512562814
 20
72.50460636515913
 10
251.3193862832682
 20
72.45664665922203
 10
251.3357528382654
 20
72.40070723990323
 10
251.34935092127301
 20
72.33678810720268
 10
251.36018053229108
 20
72.26488926112042
 10
251.36824167131954
 20
72.18501070165642
 10
251.37353433835844
 20
72.09715242881072
 10
251.49078726968173
 20
70.0217755443886
 10
251.49225293132326
 20
69.93383584589614
 10
251.48883305415967
 20
69.8537130094919
 10
251.48052763819095
 20
69.78140703517587
 10
251.46733668341707
 20
69.71691792294807
 10
251.44926018983807
 20
69.66024567280849
 10
251.4262981574539
 20
69.61139028475712
 10
251.39779918109062
 20
69.57018890750047
 10
251.36311185557415
 20
69.53647868974502
 10
251.32223618090453
 20
69.51025963149078
 10
251.2751721570817
 20
69.49153173273777
 10
251.2219197841057
 20
69.48029499348594
 10
251.16247906197654
 20
69.47654941373534
  0
LWPOLYLINE
  5
36B
330
17
100
AcDbEntity
  8
LETRAS
100
AcDbPolyline
 90
125
 70
1
 10
247.9087102177554
 20
69.47654941373534
 10
247.8969849246231
 20
69.4766308393821
 10
247.88525963149075
 20
69.47687511632235
 10
247.87353433835844
 20
69.47728224455611
 10
247.8618090452261
 20
69.47785222408338
 10
247.85008375209378
 20
69.47858505490414
 10
247.83835845896147
 20
69.47948073701842
 10
247.82679601712263
 20
69.4805392704262
 10
247.81555927787082
 20
69.48176065512749
 10
247.804648241206
 20
69.48314489112228
 10
247.79406290712822
 20
69.48469197841057
 10
247.7838032756374
 20
69.48640191699236
 10
247.77386934673365
 20
69.48827470686767
 10
247.77386934673365
 20
69.53517587939699
 10
247.786571747627
 20
69.5568351014331
 10
247.7973199329983
 20
69.5788200260562
 10
247.80611390284756
 20
69.60113065326634
 10
247.81295365717475
 20
69.62376698306346
 10
247.81783919597987
 20
69.6467290154476
 10
247.82077051926296
 20
69.67001675041877
 10
247.82256188349152
 20
69.69705006514052
 10
247.82402754513305
 20
69.73124883677647
 10
247.8251675041876
 20
69.77261306532664
 10
247.8259817606551
 20
69.821142750791
 10
247.8264703145356
 20
69.87683789316955
 10
247.82663316582912
 20
69.93969849246231
 10
247.82663316582912
 20
70.90117252931323
 10
247.82777312488366
 20
70.99570770519263
 10
247.83119300204726
 20
71.08389168062534
 10
247.8368927973199
 20
71.1657244556114
 10
247.84487251070163
 20
71.24120603015075
 10
247.85513214219242
 20
71.31033640424344
 10
247.86767169179228
 20
71.37311557788945
 10
247.8814326260934
 20
71.43011353061604
 10
247.89535641168806
 20
71.4819002419505
 10
247.90944304857618
 20
71.5284757118928
 10
247.92369253675784
 20
71.56983994044296
 10
247.93810487623298
 20
71.60599292760097
 10
247.95268006700167
 20
71.63693467336684
 10
247.9664410013028
 20
71.66339800856133
 10
247.97841057137538
 20
71.68611576400521
 10
247.9885887772194
 20
71.70508793969849
 10
247.99697561883488
 20
71.72031453564117
 10
248.00357109622183
 20
71.73179555183324
 10
248.0083752093802
 20
71.73953098827471
 10
248.0083752093802
 20
71.75125628140704
 10
246.2906197654941
 20
71.75125628140704
 10
246.22148939140143
 20
71.75394332774987
 10
246.1587102177554
 20
71.76200446677834
 10
246.10228224455608
 20
71.77543969849246
 10
246.05220547180343
 20
71.79424902289225
 10
246.00847989949747
 20
71.81843243997767
 10
245.97110552763817
 20
71.84798994974875
 10
245.93975665363854
 20
71.88487576772752
 10
245.91410757491158
 20
71.93104410943607
 10
245.89415829145727
 20
71.98649497487438
 10
245.8799088032756
 20
72.05122836404243
 10
245.87135911036663
 20
72.12524427694025
 10
245.8685092127303
 20
72.20854271356784
 10
245.86964917178483
 20
72.27229899497488
 10
245.87306904894842
 20
72.33458961474037
 10
245.87876884422107
 20
72.39541457286433
 10
245.8867485576028
 20
72.45477386934674
 10
245.89700818909358
 20
72.5126675041876
 10
245.90954773869345
 20
72.56909547738694
 10
245.92330867299458
 20
72.62332495812396
 10
245.93723245858922
 20
72.67462311557789
 10
245.95131909547737
 20
72.72298994974874
 10
245.965568583659
 20
72.76842546063652
 10
245.97998092313418
 20
72.8109296482412
 10
245.99455611390283
 20
72.85050251256281
 10
246.00831704820396
 20
72.88641122278057
 10
246.02028661827654
 20
72.91792294807371
 10
246.03046482412057
 20
72.94503768844221
 10
246.03885166573608
 20
72.96775544388609
 10
246.045447143123
 20
72.98607621440536
 10
246.05025125628137
 20
73.0
 10
246.1616415410385
 20
73.0
 10
246.1616415410385
 20
72.9355108877722
 10
246.16261864879954
 20
72.89667085427136
 10
246.1655499720826
 20
72.86222780569514
 10
246.17043551088776
 20
72.83218174204355
 10
246.17727526521494
 20
72.80653266331659
 10
246.1860692350642
 20
72.78528056951424
 10
246.19681742043548
 20
72.76842546063652
 10
246.21033407779638
 20
72.7549902289224
 10
246.22743346361435
 20
72.74399776661083
 10
246.24811557788942
 20
72.73544807370185
 10
246.2723804206216
 20
72.72934115019542
 10
246.30022799181089
 20
72.72567699609156
 10
246.33165829145727
 20
72.72445561139028
 10
248.17839195979897
 20
72.72445561139028
 10
248.22138470128417
 20
72.72071003163968
 10
248.25656058068117
 20
72.70947329238787
 10
248.28391959798992
 20
72.69074539363484
 10
248.30346175321048
 20
72.6645263353806
 10
248.3151870463428
 20
72.63081611762516
 10
248.31909547738692
 20
72.5896147403685
 10
248.31909547738692
 20
71.80988274706867
 10
248.27805695142376
 20
71.7571189279732
 10
248.250697934115
 20
71.72463009491904
 10
248.22724734785035
 20
71.6857900614182
 10
248.2077051926298
 20
71.64059882747068
 10
248.19207146845335
 20
71.58905639307649
 10
248.18034617532103
 20
71.53116275823562
 10
248.17252931323281
 20
71.46691792294807
 10
248.16780662572117
 20
71.39681044109436
 10
248.1653638563186
 20
71.32132886655499
 10
248.1652010050251
 20
71.24047319932998
 10
248.16731807184067
 20
71.15424343941932
 10
248.1717150567653
 20
71.06263958682301
 10
248.17839195979897
 20
70.96566164154103
 10
248.24874371859295
 20
70.0217755443886
 10
248.25346640610456
 20
69.93383584589614
 10
248.25200074446303
 20
69.8537130094919
 10
248.24434673366832
 20
69.78140703517587
 10
248.23050437372044
 20
69.71691792294807
 10
248.21047366461937
 20
69.66024567280849
 10
248.18425460636513
 20
69.61139028475712
 10
248.15217290154473
 20
69.57018890750047
 10
248.1145542527452
 20
69.53647868974502
 10
248.07139865996646
 20
69.51025963149078
 10
248.02270612320862
 20
69.49153173273777
 10
247.9684766424716
 20
69.48029499348594
 10
247.9087102177554
 20
69.47654941373534
  0
LWPOLYLINE
  5
36C
330
17
100
AcDbEntity
  8
LETRAS
100
AcDbPolyline
 90
71
 70
1
 10
246.0326633165829
 20
69.47654941373534
 10
246.01279545877534
 20
69.47703796761586
 10
245.99227619579375
 20
69.4785036292574
 10
245.97110552763817
 20
69.48094639865997
 10
245.94928345430856
 20
69.48436627582356
 10
245.92680997580493
 20
69.48876326074819
 10
245.9036850921273
 20
69.49413735343384
 10
245.9036850921273
 20
69.53517587939699
 10
245.911339102922
 20
69.54551693653453
 10
245.9186674111297
 20
69.55699795272659
 10
245.9256700167504
 20
69.5696189279732
 10
245.9323469197841
 20
69.58337986227434
 10
245.93869812023075
 20
69.59828075563
 10
245.94472361809042
 20
69.6143216080402
 10
245.95009771077608
 20
69.63280522985296
 10
245.9544946957007
 20
69.65503443141634
 10
245.9579145728643
 20
69.68100921273032
 10
245.96035734226686
 20
69.71072957379491
 10
245.96182300390842
 20
69.74419551461008
 10
245.96231155778892
 20
69.78140703517587
 10
245.96231155778892
 20
70.61976549413735
 10
245.96483575283824
 20
70.71861622929462
 10
245.9724083379862
 20
70.80802158942862
 10
245.98502931323281
 20
70.88798157453937
 10
246.00269867857804
 20
70.95849618462684
 10
246.02541643402193
 20
71.01956541969105
 10
246.05318257956446
 20
71.071189279732
 10
246.0851828587381
 20
71.1141820212172
 10
246.12060301507535
 20
71.14935790061418
 10
246.15944304857618
 20
71.17671691792295
 10
246.20170295924063
 20
71.1962590731435
 10
246.24738274706866
 20
71.20798436627582
 10
246.29648241206027
 20
71.21189279731993
 10
246.30413642285498
 20
71.21181137167318
 10
246.3114647310627
 20
71.21156709473293
 10
246.3184673366834
 20
71.21115996649917
 10
246.32514423971708
 20
71.2105899869719
 10
246.33149544016376
 20
71.20985715615113
 10
246.33752093802343
 20
71.20896147403685
 10
246.34387213847012
 20
71.20774008933557
 10
246.3512004466778
 20
71.20603015075378
 10
246.35950586264656
 20
71.20383165829146
 10
246.3687883863763
 20
71.20114461194864
 10
246.3790480178671
 20
71.19796901172529
 10
246.3902847571189
 20
71.19430485762145
 10
246.3902847571189
 20
71.15912897822446
 10
246.3790480178671
 20
71.1464265773311
 10
246.3687883863763
 20
71.13176996091569
 10
246.35950586264656
 20
71.11515912897822
 10
246.3512004466778
 20
71.0965940815187
 10
246.34387213847012
 20
71.07607481853714
 10
246.33752093802343
 20
71.0536013400335
 10
246.33230969663128
 20
71.02933649730132
 10
246.32840126558716
 20
71.0034431416341
 10
246.3257956448911
 20
70.97592127303183
 10
246.32449283454307
 20
70.94677089149451
 10
246.32449283454307
 20
70.91599199702215
 10
246.3257956448911
 20
70.88358458961474
 10
246.3726968174204
 20
69.91624790619765
 10
246.37342964824117
 20
69.84345337800112
 10
246.36781127861528
 20
69.77749860413176
 10
246.3558417085427
 20
69.71838358458962
 10
246.33752093802343
 20
69.66610831937466
 10
246.31284896705748
 20
69.62067280848687
 10
246.28182579564486
 20
69.5820770519263
 10
246.24640563930762
 20
69.5498324958124
 10
246.20854271356782
 20
69.52345058626466
 10
246.16823701842543
 20
69.50293132328308
 10
246.1254885538805
 20
69.48827470686767
 10
246.08029731993298
 20
69.47948073701842
 10
246.0326633165829
 20
69.47654941373534
  0
LWPOLYLINE
  5
36D
330
17
100
AcDbEntity
  8
LETRAS
100
AcDbPolyline
 90
117
 70
1
 10
243.64070351758792
 20
69.5
 10
243.822445561139
 20
70.44388609715243
 10
244.8835845896147
 20
70.44388609715243
 10
244.87967615857062
 20
70.4678252372976
 10
244.8757677275265
 20
70.4927414852038
 10
244.8718592964824
 20
70.51863484087102
 10
244.86795086543827
 20
70.54550530429927
 10
244.86404243439418
 20
70.57335287548855
 10
244.86013400335005
 20
70.60217755443887
 10
244.85638842359947
 20
70.63222361809045
 10
244.85296854643587
 20
70.66373534338358
 10
244.84987437185927
 20
70.69671273031825
 10
244.8471058998697
 20
70.73115577889448
 10
244.84466313046713
 20
70.76706448911223
 10
244.84254606365158
 20
70.80443886097153
 10
244.8409175507165
 20
70.84311604317885
 10
244.8399404429555
 20
70.88293318444072
 10
244.8396147403685
 20
70.92389028475712
 10
244.8399404429555
 20
70.96598734412805
 10
244.8409175507165
 20
71.00922436255351
 10
244.84254606365158
 20
71.0536013400335
 10
244.8659966499162
 20
71.44053601340033
 10
244.86819514237854
 20
71.48694863204913
 10
244.86697375767724
 20
71.5284757118928
 10
244.86233249581238
 20
71.56511725293133
 10
244.8542713567839
 20
71.59687325516471
 10
244.84279034059182
 20
71.62374371859296
 10
244.82788944723615
 20
71.64572864321607
 10
244.8094058254234
 20
71.6641308393821
 10
244.78717662386
 20
71.68025311743905
 10
244.76120184254603
 20
71.69409547738694
 10
244.73148148148147
 20
71.70565791922576
 10
244.69801554066626
 20
71.71494044295552
 10
244.66080402010047
 20
71.72194304857621
 10
244.23869346733667
 20
71.78056951423785
 10
244.18845384329052
 20
71.78977061232086
 10
244.143262609343
 20
71.80174018239344
 10
244.1031197654941
 20
71.81647822445561
 10
244.0680253117439
 20
71.83398473850735
 10
244.03797924809228
 20
71.85425972454867
 10
244.01298157453934
 20
71.87730318257957
 10
243.99238088591102
 20
71.90490647682859
 10
243.97552577703328
 20
71.93886097152429
 10
243.96241624790616
 20
71.97916666666667
 10
243.95305229852966
 20
72.02582356225572
 10
243.94743392890376
 20
72.07883165829146
 10
243.94556113902846
 20
72.13819095477388
 10
243.947352503257
 20
72.21407965754699
 10
243.95272659594266
 20
72.2893169551461
 10
243.9616834170854
 20
72.36390284757118
 10
243.97422296668526
 20
72.43783733482226
 10
243.9903452447422
 20
72.51112041689932
 10
244.01005025125625
 20
72.58375209380235
 10
244.03187232458586
 20
72.65556951423785
 10
244.0543458030895
 20
72.72640982691235
 10
244.07747068676716
 20
72.79627303182579
 10
244.1012469756188
 20
72.86515912897822
 10
244.1256746696445
 20
72.93306811836963
 10
244.1507537688442
 20
73.0
 10
244.26214405360133
 20
73.0
 10
244.26214405360133
 20
72.91206030150754
 10
244.26312116136233
 20
72.8824213660897
 10
244.26605248464543
 20
72.85603945654196
 10
244.27093802345055
 20
72.83291457286433
 10
244.27777777777774
 20
72.81304671505677
 10
244.286571747627
 20
72.7964358831193
 10
244.2973199329983
 20
72.78308207705193
 10
244.3111622929462
 20
72.7716824865066
 10
244.3292387865252
 20
72.76093430113531
 10
244.3515494137353
 20
72.75083752093802
 10
244.37809417457657
 20
72.74139214591476
 10
244.40887306904892
 20
72.73259817606551
 10
244.44388609715242
 20
72.72445561139028
 10
244.90117252931321
 20
72.65996649916248
 10
244.9552391587567
 20
72.65019542155221
 10
245.0040945468081
 20
72.63651591289782
 10
245.04773869346732
 20
72.61892797319933
 10
245.08617159873438
 20
72.59743160245672
 10
245.11939326260932
 20
72.57202680067002
 10
245.14740368509212
 20
72.5427135678392
 10
245.17036571747624
 20
72.5073748371487
 10
245.18844221105525
 20
72.463893541783
 10
245.20163316582912
 20
72.41226968174205
 10
245.20993858179784
 20
72.35250325702587
 10
245.21335845896147
 20
72.28459426763447
 10
245.2118927973199
 20
72.20854271356784
 10
245.14740368509212
 20
71.17085427135679
 10
245.14667085427135
 20
71.10669086171599
 10
245.14838079285315
 20
71.0431788572492
 10
245.1525335008375
 20
70.98031825795645
 10
245.15912897822443
 20
70.9181090638377
 10
245.16816722501395
 20
70.85655127489298
 10
245.179648241206
 20
70.79564489112228
 10
245.19251349339288
 20
70.73481993299832
 10
245.20570444816673
 20
70.67350642099386
 10
245.21922110552762
 20
70.61170435510888
 10
245.2330634654755
 20
70.54941373534338
 10
245.2472315280104
 20
70.48663456169737
 10
245.26172529313232
 20
70.42336683417085
 10
245.27516052484643
 20
70.35912199888331
 10
245.286152987158
 20
70.29341150195421
 10
245.294702680067
 20
70.22623534338358
 10
245.3008096035734
 20
70.15759352317141
 10
245.30447375767724
 20
70.0874860413177
 10
245.30569514237854
 20
70.01591289782245
 10
245.30496231155777
 20
69.96575469942304
 10
245.30276381909545
 20
69.91689931137168
 10
245.29909966499162
 20
69.86934673366834
 10
245.2939698492462
 20
69.82309696631305
 10
245.28737437185927
 20
69.77815000930579
 10
245.2793132328308
 20
69.73450586264657
 10
245.2702749860413
 20
69.69216452633538
 10
245.26074818537128
 20
69.65112600037223
 10
245.25073283082074
 20
69.61139028475712
 10
245.24022892238972
 20
69.57295737949005
 10
245.22923646007814
 20
69.535827284571
 10
245.21775544388606
 20
69.5
  0
LWPOLYLINE
  5
36E
330
17
100
AcDbEntity
  8
LETRAS
100
AcDbPolyline
 90
118
 70
1
 10
240.85008375209378
 20
69.5
 10
241.0259631490787
 20
70.44388609715243
 10
242.6675041876047
 20
70.44388609715243
 10
242.69005909175507
 20
70.49534710589987
 10
242.7108226316769
 20
70.54420249395123
 10
242.72979480737018
 20
70.59045226130654
 10
242.7469756188349
 20
70.63409640796576
 10
242.76236506607108
 20
70.6751349339289
 10
242.7759631490787
 20
70.71356783919597
 10
242.7880955704448
 20
70.75061650846827
 10
242.79908803275637
 20
70.78750232644705
 10
242.80894053601338
 20
70.82422529313233
 10
242.81765308021588
 20
70.86078540852411
 10
242.82522566536386
 20
70.89718267262236
 10
242.83165829145727
 20
70.93341708542714
 10
242.83703238414293
 20
70.97046575469942
 10
242.84142936906755
 20
71.00930578820027
 10
242.84484924623115
 20
71.04993718592965
 10
242.8472920156337
 20
71.09235994788759
 10
242.84875767727524
 20
71.13657407407408
 10
242.84924623115577
 20
71.18257956448912
 10
242.84810627210123
 20
71.25586264656616
 10
242.84468639493764
 20
71.32328308207705
 10
242.838986599665
 20
71.38484087102178
 10
242.83100688628326
 20
71.44053601340033
 10
242.82074725479248
 20
71.49036850921273
 10
242.80820770519261
 20
71.53433835845897
 10
242.79298110924995
 20
71.57325981760656
 10
242.77466033873068
 20
71.60794714312303
 10
242.75324539363484
 20
71.63840033500837
 10
242.7287362739624
 20
71.66461939326261
 10
242.70113297971338
 20
71.68660431788572
 10
242.67043551088776
 20
71.70435510887772
 10
242.63599246231155
 20
71.71868602270612
 10
242.59715242881072
 20
71.73041131583845
 10
242.55391541038526
 20
71.73953098827471
 10
242.50628140703517
 20
71.74604504001489
 10
242.45425041876047
 20
71.749953471059
 10
242.39782244556113
 20
71.75125628140704
 10
241.37772194304856
 20
71.75125628140704
 10
241.3126628512935
 20
71.75443188163037
 10
241.2542806625721
 20
71.7639586823004
 10
241.20257537688443
 20
71.77983668341709
 10
241.15754699423042
 20
71.80206588498046
 10
241.11919551461008
 20
71.83064628699051
 10
241.08752093802343
 20
71.86557788944724
 10
241.06154615670945
 20
71.90637213847013
 10
241.04029406290712
 20
71.95254048017867
 10
241.0237646566164
 20
72.00408291457286
 10
241.01195793783734
 20
72.06099944165271
 10
241.00487390656988
 20
72.1232900614182
 10
241.00251256281408
 20
72.19095477386935
 10
241.0036525218686
 20
72.25658384515168
 10
241.00707239903218
 20
72.32058440349897
 10
241.01277219430486
 20
72.38295644891122
 10
241.02075190768656
 20
72.44369998138842
 10
241.03101153917737
 20
72.50281500093058
 10
241.0435510887772
 20
72.56030150753769
 10
241.05731202307834
 20
72.61550809603574
 10
241.07123580867298
 20
72.6677833612507
 10
241.08532244556113
 20
72.71712730318258
 10
241.09957193374277
 20
72.76353992183138
 10
241.11398427321794
 20
72.8070212171971
 10
241.1285594639866
 20
72.84757118927973
 10
241.14248324958123
 20
72.88437558161176
 10
241.15494137353434
 20
72.91662013772567
 10
241.1659338358459
 20
72.94430485762145
 10
241.1754606365159
 20
72.96742974129909
 10
241.1835217755444
 20
72.9859947887586
 10
241.19011725293132
 20
73.0
 10
241.30150753768842
 20
73.0
 10
241.30150753768842
 20
72.87102177554439
 10
241.30264749674296
 20
72.84675693281221
 10
241.30606737390656
 20
72.82477200818909
 10
241.31176716917923
 20
72.80506700167504
 10
241.31974688256093
 20
72.78764191327005
 10
241.33000651405172
 20
72.77249674297413
 10
241.34254606365158
 20
72.75963149078727
 10
241.35655127489298
 20
72.74888330541597
 10
241.3712078913084
 20
72.74008933556672
 10
241.3865159128978
 20
72.73324958123953
 10
241.40247533966127
 20
72.7283640424344
 10
241.41908617159874
 20
72.72543271915131
 10
241.43634840871022
 20
72.72445561139028
 10
242.57370184254606
 20
72.72445561139028
 10
242.6273613437558
 20
72.72258282151498
 10
242.67890377815
 20
72.71696445188907
 10
242.72832914572862
 20
72.70760050251256
 10
242.77563744649171
 20
72.69449097338544
 10
242.82082868043923
 20
72.67763586450772
 10
242.86390284757118
 20
72.6570351758794
 10
242.90453424530057
 20
72.63260748185371
 10
242.94239717104037
 20
72.60427135678393
 10
242.97749162479062
 20
72.57202680067002
 10
243.00981760655128
 20
72.535873813512
 10
243.03937511632233
 20
72.49581239530988
 10
243.06616415410383
 20
72.45184254606365
 10
243.089451889075
 20
72.40371998883306
 10
243.10850549041504
 20
72.35120044667784
 10
243.12332495812393
 20
72.29428391959799
 10
243.13391029220173
 20
72.23297040759353
 10
243.14026149264842
 20
72.16725991066443
 10
243.14237855946396
 20
72.09715242881072
 10
243.14237855946396
 20
71.25879396984925
 10
243.14042434394193
 20
71.16539875302438
 10
243.13456169737577
 20
71.07672622371115
 10
243.1247906197655
 20
70.99277638190955
 10
243.11111111111111
 20
70.91354922761958
 10
243.0935231714126
 20
70.83904476084125
 10
243.07202680067002
 20
70.76926298157454
 10
243.04890191699235
 20
70.70404103852596
 10
243.02642843848872
 20
70.64321608040201
 10
243.00460636515913
 20
70.58678810720268
 10
242.98343569700353
 20
70.53475711892797
 10
242.96291643402196
 20
70.48712311557789
 10
242.9430485762144
 20
70.44388609715243
 10
243.3358458961474
 20
70.44388609715243
 10
243.1541038525963
 20
69.5
  0
LWPOLYLINE
  5
36F
330
17
100
AcDbEntity
  8
LETRAS
100
AcDbPolyline
 90
126
 70
1
 10
239.7537688442211
 20
70.69597989949749
 10
239.67755443886097
 20
70.84840871021775
 10
239.7509189465848
 20
70.89946259073143
 10
239.81858365903594
 20
70.95100502512562
 10
239.8805485762144
 20
71.00303601340033
 10
239.93681369812023
 20
71.05555555555556
 10
239.9873790247534
 20
71.1085636515913
 10
240.0322445561139
 20
71.16206030150754
 10
240.07075888702772
 20
71.2160455053043
 10
240.10227061232086
 20
71.27051926298158
 10
240.1267797319933
 20
71.32548157453937
 10
240.14428624604506
 20
71.38093243997767
 10
240.15479015447607
 20
71.43687185929649
 10
240.15829145728642
 20
71.49329983249581
 10
240.15658151870463
 20
71.53621114833426
 10
240.15145170295924
 20
71.57505118183511
 10
240.14290201005025
 20
71.60981993299832
 10
240.13093243997767
 20
71.64051740182393
 10
240.1155429927415
 20
71.66714358831193
 10
240.09673366834173
 20
71.68969849246231
 10
240.0733645077238
 20
71.7085078168621
 10
240.04429555183324
 20
71.72389726409827
 10
240.00952680067002
 20
71.73586683417085
 10
239.96905825423414
 20
71.74441652707985
 10
239.9228899125256
 20
71.74954634282524
 10
239.8710217755444
 20
71.75125628140704
 10
239.4137353433836
 20
71.75125628140704
 10
239.34289503070912
 20
71.7540247533966
 10
239.27889447236183
 20
71.76233016936534
 10
239.22173366834173
 20
71.77617252931323
 10
239.17141261864882
 20
71.79555183324028
 10
239.1279313232831
 20
71.82046808114647
 10
239.09128978224456
 20
71.85092127303183
 10
239.0608365903592
 20
71.88853992183138
 10
239.035920342453
 20
71.93495254048018
 10
239.01654103852596
 20
71.99015912897822
 10
239.00269867857807
 20
72.05415968732552
 10
238.99439326260935
 20
72.12695421552206
 10
238.99162479061977
 20
72.20854271356784
 10
238.99268332402755
 20
72.27221756932812
 10
238.99585892425088
 20
72.33426391215336
 10
239.00115159128978
 20
72.39468174204355
 10
239.00856132514426
 20
72.4534710589987
 10
239.01808812581427
 20
72.5106318630188
 10
239.02973199329983
 20
72.56616415410386
 10
239.0425972454867
 20
72.61957937837334
 10
239.05578820026057
 20
72.67038898194677
 10
239.06930485762143
 20
72.71859296482413
 10
239.08314721756932
 20
72.76419132700539
 10
239.09731528010423
 20
72.8071840684906
 10
239.11180904522612
 20
72.84757118927973
 10
239.12573283082077
 20
72.88437558161176
 10
239.13819095477388
 20
72.91662013772567
 10
239.14918341708542
 20
72.94430485762145
 10
239.15871021775544
 20
72.96742974129909
 10
239.16677135678393
 20
72.9859947887586
 10
239.17336683417085
 20
73.0
 10
239.28475711892798
 20
73.0
 10
239.28475711892798
 20
72.89447236180905
 10
239.28581565233577
 20
72.87159175507165
 10
239.2889912525591
 20
72.8498511073888
 10
239.294283919598
 20
72.82925041876047
 10
239.30169365345245
 20
72.80978968918667
 10
239.31122045412246
 20
72.7914689186674
 10
239.32286432160805
 20
72.77428810720268
 10
239.3369509584962
 20
72.75906151126
 10
239.3538060673739
 20
72.7466033873069
 10
239.3734296482412
 20
72.73691373534338
 10
239.3958217010981
 20
72.72999255536944
 10
239.42098222594456
 20
72.72583984738507
 10
239.44891122278057
 20
72.72445561139028
 10
240.0
 20
72.72445561139028
 10
240.06522194304858
 20
72.72193141634096
 10
240.12409268565048
 20
72.714358831193
 10
240.1766122278057
 20
72.7017378559464
 10
240.22278056951424
 20
72.68406849060115
 10
240.2625977107761
 20
72.66135073515727
 10
240.29606365159128
 20
72.63358458961474
 10
240.32448120230785
 20
72.60435278243067
 10
240.34915317327378
 20
72.57723804206216
 10
240.37007956448912
 20
72.55224036850922
 10
240.38726037595384
 20
72.52935976177183
 10
240.40069560766798
 20
72.50859622184998
 10
240.41038525963148
 20
72.48994974874371
 10
240.41795784477947
 20
72.47276893727899
 10
240.42504187604692
 20
72.45249395123767
 10
240.43163735343384
 20
72.42912479061977
 10
240.43774427694026
 20
72.40266145542527
 10
240.44336264656616
 20
72.3731039456542
 10
240.44849246231155
 20
72.34045226130654
 10
240.45329657546995
 20
72.30576493579007
 10
240.45793783733484
 20
72.27010050251256
 10
240.4624162479062
 20
72.23345896147404
 10
240.46673180718406
 20
72.19584031267448
 10
240.47088451516845
 20
72.15724455611391
 10
240.4748743718593
 20
72.1176716917923
 10
240.4784571003164
 20
72.07818025311744
 10
240.4813884235995
 20
72.03982877349712
 10
240.48366834170855
 20
72.00261725293133
 10
240.4852968546436
 20
71.96654569142007
 10
240.48627396240462
 20
71.93161408896333
 10
240.48659966499162
 20
71.89782244556113
 10
240.4842383212358
 20
71.79872743346361
 10
240.47715428996835
 20
71.70468081146473
 10
240.46534757118928
 20
71.61568257956449
 10
240.44881816489857
 20
71.5317327377629
 10
240.42756607109624
 20
71.45283128605993
 10
240.40159128978226
 20
71.37897822445561
 10
240.3721966313047
 20
71.30984785036293
 10
240.34068490601155
 20
71.24511446119486
 10
240.30705611390286
 20
71.18477805695143
 10
240.2713102549786
 20
71.12883863763261
 10
240.2334473292388
 20
71.07729620323842
 10
240.19346733668343
 20
71.03015075376885
 10
240.15242881072027
 20
70.98675088404988
 10
240.11139028475714
 20
70.9464451889075
 10
240.07035175879398
 20
70.90923366834171
 10
240.02931323283082
 20
70.8751163223525
 10
239.98827470686768
 20
70.84409315093988
 10
239.94723618090453
 20
70.81616415410386
 10
239.90766331658293
 20
70.7908407779639
 10
239.8710217755444
 20
70.7676344686395
 10
239.83731155778895
 20
70.74654522613065
 10
239.80653266331657
 20
70.72757305043737
 10
239.77868509212732
 20
70.71071794155965
 10
239.7537688442211
 20
70.69597989949749
  0
LWPOLYLINE
  5
370
330
17
100
AcDbEntity
  8
LETRAS
100
AcDbPolyline
 90
250
 70
1
 10
238.2353433835846
 20
69.4355108877722
 10
238.23273776288852
 20
69.4518774427694
 10
238.2288293318444
 20
69.46970965940815
 10
238.22361809045228
 20
69.48900753768844
 10
238.21710403871208
 20
69.50977107761027
 10
238.20928717662386
 20
69.53200027917364
 10
238.20016750418762
 20
69.55569514237855
 10
238.18844221105527
 20
69.58118136981203
 10
238.17280848687884
 20
69.60878466406105
 10
238.1532663316583
 20
69.63850502512562
 10
238.12981574539364
 20
69.67034245300577
 10
238.10245672808486
 20
69.70429694770147
 10
238.07118927973198
 20
69.74036850921273
 10
236.6289782244556
 20
71.37018425460637
 10
236.52345058626466
 20
71.20603015075378
 10
236.49975572305974
 20
71.16515447608413
 10
236.47948073701843
 20
71.12460450400148
 10
236.4626256281407
 20
71.08438023450586
 10
236.4491903964266
 20
71.04448166759724
 10
236.43917504187604
 20
71.00490880327564
 10
236.43257956448912
 20
70.96566164154103
 10
236.4294039642658
 20
70.92722873627396
 10
236.42964824120602
 20
70.89009864135492
 10
236.43331239530988
 20
70.85427135678393
 10
236.44039642657734
 20
70.81974688256095
 10
236.45090033500838
 20
70.78652521868602
 10
236.46482412060303
 20
70.75460636515913
 10
236.73450586264656
 20
70.22110552763819
 10
236.76903033686955
 20
70.1466824865066
 10
236.79834356970036
 20
70.07584217383213
 10
236.82244556113903
 20
70.00858458961474
 10
236.84133631118556
 20
69.94490973385446
 10
236.85501581983993
 20
69.88481760655128
 10
236.86348408710217
 20
69.82830820770519
 10
236.86706681555927
 20
69.77359017308765
 10
236.86608970779824
 20
69.71887213847013
 10
236.8605527638191
 20
69.6641541038526
 10
236.85045598362183
 20
69.60943606923506
 10
236.8357993672064
 20
69.55471803461754
 10
236.81658291457288
 20
69.5
 10
235.88442211055278
 20
69.5
 10
235.88442211055278
 20
69.69346733668341
 10
236.00753768844223
 20
69.69346733668341
 10
236.03286106458216
 20
69.69566582914572
 10
236.05411315838452
 20
69.70226130653266
 10
236.07129396984925
 20
69.71325376884423
 10
236.08440349897637
 20
69.7286432160804
 10
236.09344174576586
 20
69.7484296482412
 10
236.09840871021777
 20
69.77261306532664
 10
236.09995579750606
 20
69.80249627768472
 10
236.09873441280476
 20
69.83938209566351
 10
236.0947445561139
 20
69.88327051926298
 10
236.08798622743348
 20
69.93416154848316
 10
236.07845942676346
 20
69.99205518332403
 10
236.06616415410386
 20
70.05695142378559
 10
236.00167504187604
 20
70.36180904522612
 10
235.99279964638006
 20
70.41725991066443
 10
235.9857156151126
 20
70.47026800670017
 10
235.9804229480737
 20
70.52083333333333
 10
235.97692164526336
 20
70.56895589056393
 10
235.97521170668156
 20
70.61463567839196
 10
235.97529313232832
 20
70.65787269681742
 10
235.9780616043179
 20
70.70029545877536
 10
235.98441280476456
 20
70.74353247720082
 10
235.99434673366835
 20
70.78758375209381
 10
236.00786339102922
 20
70.83244928345431
 10
236.0249627768472
 20
70.87812907128233
 10
236.0456448911223
 20
70.92462311557789
 10
236.0701540107947
 20
70.97347850362925
 10
236.09873441280476
 20
71.02624232272474
 10
236.13138609715244
 20
71.08291457286433
 10
236.1681090638377
 20
71.14349525404802
 10
236.2089033128606
 20
71.20798436627582
 10
236.2537688442211
 20
71.27638190954774
 10
236.45309882747068
 20
71.57537688442211
 10
236.11892797319933
 20
71.95058626465662
 10
236.089451889075
 20
71.98413363111855
 10
236.0635585334078
 20
72.01833240275451
 10
236.04124790619767
 20
72.05318257956449
 10
236.02252000744463
 20
72.08868416154849
 10
236.00737483714872
 20
72.12483714870649
 10
235.99581239530988
 20
72.16164154103852
 10
235.98685557416712
 20
72.19844593337055
 10
235.97952726595943
 20
72.23459892052857
 10
235.97382747068676
 20
72.27010050251256
 10
235.96975618834915
 20
72.30495067932254
 10
235.9673134189466
 20
72.3391494509585
 10
235.96649916247907
 20
72.37269681742043
 10
235.96877908058812
 20
72.43449888330542
 10
235.9756188349153
 20
72.49483528754885
 10
235.98701842546063
 20
72.55370603015075
 10
236.0029778522241
 20
72.61111111111111
 10
236.02349711520566
 20
72.66705053042993
 10
236.04857621440536
 20
72.7215242881072
 10
236.0754466778336
 20
72.77404383026243
 10
236.10134003350083
 20
72.82412060301507
 10
236.12625628140702
 20
72.87175460636516
 10
236.1501954215522
 20
72.91694584031268
 10
236.17315745393634
 20
72.95969430485762
 10
236.19514237855947
 20
73.0
 10
236.30653266331657
 20
73.0
 10
236.30653266331657
 20
72.95896147403685
 10
236.30791689931138
 20
72.93029964638005
 10
236.31206960729574
 20
72.90294062907128
 10
236.31899078726968
 20
72.87688442211055
 10
236.3286804392332
 20
72.85213102549785
 10
236.3411385631863
 20
72.82868043923321
 10
236.35636515912898
 20
72.80653266331659
 10
236.3733831193002
 20
72.78471058998697
 10
236.39121533593897
 20
72.76223711148334
 10
236.40986180904522
 20
72.73911222780569
 10
236.42932253861903
 20
72.71533593895403
 10
236.44959752466033
 20
72.69090824492835
 10
236.47068676716918
 20
72.66582914572864
 10
237.70184254606366
 20
71.27051926298158
 10
237.7064023822818
 20
71.29022426949562
 10
237.71226502884795
 20
71.31025497859669
 10
237.71943048576213
 20
71.33061139028476
 10
237.7278987530244
 20
71.35129350455983
 10
237.73766983063464
 20
71.37230132142193
 10
237.74874371859298
 20
71.39363484087102
 10
237.76861157640053
 20
71.42653080215894
 10
237.7891308393821
 20
71.45877535827285
 10
237.8103015075377
 20
71.49036850921273
 10
237.8321235808673
 20
71.5213102549786
 10
237.85459705937092
 20
71.55160059557045
 10
237.87772194304858
 20
71.58123953098827
 10
238.036013400335
 20
71.76298157453937
 10
237.91289782244556
 20
71.78056951423785
 10
237.8445817048204
 20
71.79327191513121
 10
237.78424530057697
 20
71.81183696259073
 10
237.73188860971524
 20
71.83626465661642
 10
237.68751163223524
 20
71.86655499720827
 10
237.65111436813697
 20
71.90270798436627
 10
237.62269681742043
 20
71.94472361809045
 10
237.60030476456356
 20
71.99081053415225
 10
237.5819839940443
 20
72.0391773683231
 10
237.56773450586266
 20
72.08982412060301
 10
237.5575563000186
 20
72.142750790992
 10
237.55144937651218
 20
72.19795737949005
 10
237.5494137353434
 20
72.25544388609715
 10
237.5516122278057
 20
72.33809091755072
 10
237.55820770519264
 20
72.41796947701471
 10
237.5692001675042
 20
72.49507956448912
 10
237.58458961474037
 20
72.56942117997394
 10
237.60437604690117
 20
72.6409943234692
 10
237.6285594639866
 20
72.70979899497488
 10
237.65371998883305
 20
72.77404383026243
 10
237.67643774427694
 20
72.8319374651033
 10
237.69671273031827
 20
72.88347989949749
 10
237.714544946957
 20
72.92867113344501
 10
237.72993439419318
 20
72.96751116694584
 10
237.7428810720268
 20
73.0
 10
237.85427135678393
 20
73.0
 10
237.85427135678393
 20
72.91206030150754
 10
237.85524846454496
 20
72.8856783919598
 10
237.85817978782802
 20
72.86125069793411
 10
237.86306532663318
 20
72.83877721943048
 10
237.86990508096036
 20
72.81825795644892
 10
237.87869905080962
 20
72.79969290898939
 10
237.8894472361809
 20
72.78308207705193
 10
237.90312674483528
 20
72.76842546063652
 10
237.92071468453378
 20
72.75572305974316
 10
237.94221105527637
 20
72.74497487437186
 10
237.9676158570631
 20
72.73618090452261
 10
237.9969290898939
 20
72.72934115019542
 10
238.03015075376885
 20
72.72445561139028
 10
238.34087102177554
 20
72.68341708542714
 10
238.3946933742788
 20
72.67242462311557
 10
238.44281593150941
 20
72.65508096035734
 10
238.48523869346735
 20
72.63138609715243
 10
238.5219616601526
 20
72.60134003350083
 10
238.55298483156523
 20
72.56494276940256
 10
238.5783082077052
 20
72.52219430485762
 10
238.5989088963335
 20
72.47472315280105
 10
238.61576400521125
 20
72.42415782616787
 10
238.62887353433837
 20
72.37049832495812
 10
238.63823748371487
 20
72.31374464917178
 10
238.64385585334077
 20
72.25389679880885
 10
238.64572864321607
 20
72.19095477386935
 10
238.6448329611018
 20
72.14389075004652
 10
238.64214591475897
 20
72.0965010236367
 10
238.63766750418762
 20
72.04878559463987
 10
238.6313977293877
 20
72.00074446305602
 10
238.6233365903592
 20
71.95237762888517
 10
238.61348408710217
 20
71.9036850921273
 10
238.60216592220362
 20
71.85515540666294
 10
238.58970779825052
 20
71.80727712637261
 10
238.5761097152429
 20
71.76005025125627
 10
238.56137167318073
 20
71.71347478131398
 10
238.54549367206403
 20
71.66755071654569
 10
238.5284757118928
 20
71.62227805695143
 10
238.46984924623115
 20
71.62227805695143
 10
238.46341662013774
 20
71.63726037595384
 10
238.45584403498975
 20
71.65093988460822
 10
238.44713149078729
 20
71.66331658291458
 10
238.43727898753025
 20
71.67439047087288
 10
238.4262865252187
 20
71.68416154848316
 10
238.4141541038526
 20
71.69262981574539
 10
238.39941606179045
 20
71.7002838265401
 10
238.38060673739065
 20
71.70761213474782
 10
238.35772613065328
 20
71.7146147403685
 10
238.33077424157827
 20
71.7212916434022
 10
238.29975107016566
 20
71.72764284384887
 10
238.2646566164154
 20
71.73366834170854
 10
238.22948073701843
 20
71.73953098827471
 10
238.12981574539364
 20
71.58710217755444
 10
238.10351526149265
 20
71.5428066257212
 10
238.07933184440722
 20
71.49981388423599
 10
238.05726549413737
 20
71.45812395309883
 10
238.03731621068306
 20
71.4177368323097
 10
238.0194839940443
 20
71.3786525218686
 10
238.0037688442211
 20
71.34087102177554
 10
237.99017076121348
 20
71.30406662944351
 10
237.9786897450214
 20
71.2679136422855
 10
237.9693257956449
 20
71.23241206030151
 10
237.96207891308393
 20
71.19756188349153
 10
237.95694909733854
 20
71.16336311185557
 10
237.95393634840872
 20
71.12981574539363
 10
237.95230783547368
 20
71.10620230783547
 10
237.95133072771264
 20
71.0822631676903
 10
237.95100502512562
 20
71.05799832495812
 10
237.95133072771264
 20
71.03340777963894
 10
237.95230783547368
 20
71.00849153173274
 10
237.95393634840872
 20
70.98324958123953
 10
238.31155778894473
 20
70.57872696817421
 10
238.3421738321236
 20
70.54265540666294
 10
238.3714870649544
 20
70.50479248092313
 10
238.3994974874372
 20
70.46513819095478
 10
238.42620509957194
 20
70.42369253675787
 10
238.45160990135864
 20
70.3804555183324
 10
238.47571189279734
 20
70.33542713567839
 10
238.49720826353993
 20
70.28828168620882
 10
238.5147962032384
 20
70.23869346733669
 10
238.5284757118928
 20
70.18666247906198
 10
238.53824678950306
 20
70.13218872138471
 10
238.54410943606925
 20
70.07527219430486
 10
238.54606365159128
 20
70.01591289782245
 10
238.54410943606925
 20
69.95818211427508
 10
238.53824678950306
 20
69.90224269495626
 10
238.5284757118928
 20
69.84809463986599
 10
238.5147962032384
 20
69.79573794900428
 10
238.49720826353993
 20
69.74517262237111
 10
238.47571189279734
 20
69.6963986599665
 10
238.45209845523917
 20
69.64925321049692
 10
238.42815931509398
 20
69.6035734226689
 10
238.4038944723618
 20
69.55935929648241
 10
238.37930392704263
 20
69.51661083193747
 10
238.35438767913644
 20
69.47532802903406
 10
238.32914572864323
 20
69.4355108877722
  0
LWPOLYLINE
  5
371
330
17
100
AcDbEntity
  8
LETRAS
100
AcDbPolyline
 90
154
 70
1
 10
267.463567839196
 20
63.47654941373534
 10
267.4517611204169
 20
63.476630839382096
 10
267.43979155034435
 20
63.476875116322354
 10
267.42765912897823
 20
63.477282244556115
 10
267.41536385631866
 20
63.47785222408338
 10
267.4029057323655
 20
63.47858505490415
 10
267.39028475711893
 20
63.47948073701843
 10
267.37782663316585
 20
63.480539270426206
 10
267.36585706309324
 20
63.48176065512749
 10
267.35437604690117
 20
63.48314489112228
 10
267.3433835845896
 20
63.484691978410574
 10
267.3328796761586
 20
63.48640191699237
 10
267.32286432160805
 20
63.48827470686767
 10
267.32286432160805
 20
63.53517587939699
 10
267.3270170295924
 20
63.54445840312675
 10
267.3316582914573
 20
63.556672250139584
 10
267.33678810720266
 20
63.57181742043551
 10
267.3424064768286
 20
63.58989391401452
 10
267.34851340033504
 20
63.610901730876606
 10
267.35510887772193
 20
63.63484087102177
 10
267.36007584217384
 20
63.66447980643961
 10
267.36129722687514
 20
63.702587009119675
 10
267.3587730318258
 20
63.74916247906198
 10
267.3525032570259
 20
63.804206216266515
 10
267.34248790247534
 20
63.867718220733295
 10
267.32872696817424
 20
63.93969849246231
 10
267.1704355108878
 20
64.69011725293133
 10
267.15805881258143
 20
64.75599060115391
 10
267.1482877349712
 20
64.82072399032198
 10
267.14112227805697
 20
64.88431742043551
 10
267.13656244183886
 20
64.94677089149451
 10
267.1346082263168
 20
65.00808440349897
 10
267.1352596314908
 20
65.06825795644892
 10
267.13835380606736
 20
65.12794295551834
 10
267.143727898753
 20
65.18779080588126
 10
267.15138190954775
 20
65.24780150753769
 10
267.1613158384515
 20
65.30797506048762
 10
267.17352968546436
 20
65.36831146473106
 10
267.1880234505863
 20
65.428810720268
 10
267.2023543644147
 20
65.47994602642844
 10
267.21798808859114
 20
65.5317327377629
 10
267.2349246231156
 20
65.58417085427136
 10
267.2531639679881
 20
65.63726037595384
 10
267.27270612320865
 20
65.69100130281035
 10
267.29355108877724
 20
65.74539363484087
 10
267.08249581239534
 20
65.78056951423785
 10
267.01246975618835
 20
65.79384189465847
 10
266.95091196724366
 20
65.81020844965569
 10
266.89782244556113
 20
65.82966917922948
 10
266.8532011911409
 20
65.85222408337987
 10
266.8170482039829
 20
65.87787316210682
 10
266.7893634840871
 20
65.90661641541038
 10
266.7678671133445
 20
65.93991950493206
 10
266.750279173646
 20
65.97924809231341
 10
266.7365996649916
 20
66.02460217755444
 10
266.72682858738136
 20
66.07598176065513
 10
266.7209659408152
 20
66.13338684161549
 10
266.7190117252931
 20
66.19681742043551
 10
266.7201516843477
 20
66.25316396798809
 10
266.7235715615113
 20
66.30885911036665
 10
266.72927135678395
 20
66.36390284757118
 10
266.73725107016566
 20
66.41829517960171
 10
266.74751070165644
 20
66.47203610645822
 10
266.7600502512563
 20
66.5251256281407
 10
266.7739740368509
 20
66.57699376512191
 10
266.78838637632606
 20
66.62707053787456
 10
266.80328726968173
 20
66.67535594639865
 10
266.81867671691793
 20
66.72184999069421
 10
266.8345547180346
 20
66.76655267076121
 10
266.8509212730318
 20
66.80946398659967
 10
266.86696212544206
 20
66.84976968174205
 10
266.88186301879773
 20
66.88665549972083
 10
266.89562395309883
 20
66.92012144053601
 10
266.9082449283454
 20
66.9501675041876
 10
266.9197259445375
 20
66.9767936906756
 10
266.93006700167507
 20
67.0
 10
267.04145728643215
 20
67.0
 10
267.04145728643215
 20
66.92378559463987
 10
267.0424343941932
 20
66.89569374651033
 10
267.0453657174763
 20
66.87004466778336
 10
267.0502512562814
 20
66.84683835845897
 10
267.0570910106086
 20
66.82607481853714
 10
267.06588498045784
 20
66.80775404801787
 10
267.07663316582915
 20
66.79187604690117
 10
267.0903126744835
 20
66.77795226130654
 10
267.10790061418203
 20
66.76549413735343
 10
267.12939698492465
 20
66.75450167504188
 10
267.15480178671135
 20
66.74497487437186
 10
267.18411501954216
 20
66.73691373534338
 10
267.2173366834171
 20
66.73031825795645
 10
267.6687604690117
 20
66.66582914572864
 10
267.7336567094733
 20
66.65451098083008
 10
267.79155034431415
 20
66.63619021031082
 10
267.84244137353437
 20
66.61086683417085
 10
267.88632979713384
 20
66.5785408524102
 10
267.9232156151126
 20
66.53921226502885
 10
267.9530988274707
 20
66.4928810720268
 10
267.97728224455614
 20
66.44182719151313
 10
267.99706867671694
 20
66.38833054159687
 10
268.0124581239531
 20
66.33239112227805
 10
268.0234505862647
 20
66.27400893355667
 10
268.0300460636516
 20
66.21318397543271
 10
268.03224455611394
 20
66.14991624790619
 10
268.0303717662386
 20
66.07964591475898
 10
268.0247533966127
 20
66.01344686394938
 10
268.0153894472362
 20
65.95131909547739
 10
268.0022799181091
 20
65.89326260934301
 10
267.98542480923135
 20
65.83927740554626
 10
267.964824120603
 20
65.7893634840871
 10
267.94340917550716
 20
65.74384654755258
 10
267.9241112972269
 20
65.70305229852968
 10
267.90693048576213
 20
65.66698073701842
 10
267.891866741113
 20
65.6356318630188
 10
267.8789200632794
 20
65.6090056765308
 10
267.8680904522613
 20
65.58710217755444
 10
267.81532663316585
 20
65.58710217755444
 10
267.81304671505677
 20
65.59679182951795
 10
267.8101153917737
 20
65.60631863018797
 10
267.8065326633166
 20
65.61568257956449
 10
267.80229852968546
 20
65.6248836776475
 10
267.79741299088033
 20
65.633921924437
 10
267.79187604690117
 20
65.642797319933
 10
267.7845477386935
 20
65.65118416154849
 10
267.77428810720266
 20
65.65875674669644
 10
267.7610971524288
 20
65.66551507537689
 10
267.74497487437185
 20
65.6714591475898
 10
267.7259212730318
 20
65.67658896333519
 10
267.7039363484087
 20
65.68090452261306
 10
267.48701842546063
 20
65.71608040201005
 10
267.4796901172529
 20
65.68155592778709
 10
267.47333891680626
 20
65.64442583286804
 10
267.4679648241206
 20
65.60469011725293
 10
267.463567839196
 20
65.56234878094175
 10
267.4601479620324
 20
65.51740182393449
 10
267.4577051926298
 20
65.46984924623115
 10
267.4539596128792
 20
65.3999860413177
 10
267.45444816675973
 20
65.32719151312116
 10
267.45917085427135
 20
65.25146566164155
 10
267.4681276754141
 20
65.17280848687884
 10
267.481318630188
 20
65.09121998883306
 10
267.49874371859295
 20
65.00670016750419
 10
267.7273869346734
 20
64.0217755443886
 10
267.7432649357901
 20
63.935545784477945
 10
267.75181462869904
 20
63.856644332774984
 10
267.75303601340033
 20
63.78507118927973
 10
267.7469290898939
 20
63.72082635399218
 10
267.73349385817977
 20
63.66390982691234
 10
267.71273031825797
 20
63.6143216080402
 10
267.68545272659594
 20
63.572224548669276
 10
267.6524753396613
 20
63.53778150009306
 10
267.61379815745397
 20
63.510992462311556
 10
267.569421179974
 20
63.491857435324775
 10
267.5193444072213
 20
63.4803764191327
 10
267.463567839196
 20
63.47654941373534
  0
LWPOLYLINE
  5
372
330
17
100
AcDbEntity
  8
LETRAS
100
AcDbPolyline
 90
133
 70
1
 10
263.8814907872697
 20
63.5
 10
264.1042713567839
 20
64.44388609715243
 10
265.5757956448911
 20
64.44388609715243
 10
265.6247324585892
 20
64.44592173832123
 10
265.66992369253677
 20
64.45202866182765
 10
265.71136934673365
 20
64.4622068676717
 10
265.74906942117997
 20
64.47645635585334
 10
265.7830239158757
 20
64.4947771263726
 10
265.81323283082077
 20
64.51716917922948
 10
265.8403475711893
 20
64.54330681183696
 10
265.8650195421552
 20
64.57286432160804
 10
265.8872487437186
 20
64.60584170854271
 10
265.9070351758794
 20
64.64223897264098
 10
265.9243788386376
 20
64.68205611390285
 10
265.9392797319933
 20
64.7252931323283
 10
265.95181928159315
 20
64.77203145356411
 10
265.96207891308393
 20
64.82235250325702
 10
265.97005862646563
 20
64.87625628140704
 10
265.9757584217383
 20
64.93374278801414
 10
265.9791782989019
 20
64.99481202307835
 10
265.9803182579564
 20
65.05946398659967
 10
265.9768169551461
 20
65.16653871207892
 10
265.966313046715
 20
65.26498231900241
 10
265.9488065326633
 20
65.35479480737018
 10
265.9242974129909
 20
65.43597617718221
 10
265.8927856876977
 20
65.50852642843849
 10
265.8542713567839
 20
65.57244556113903
 10
265.8066373534338
 20
65.62708217010982
 10
265.74776661083195
 20
65.6717848501768
 10
265.67765912897823
 20
65.70655360134003
 10
265.5963149078727
 20
65.73138842359948
 10
265.50373394751534
 20
65.74628931695514
 10
265.39991624790616
 20
65.75125628140704
 10
264.4032663316583
 20
65.75125628140704
 10
264.33837009119674
 20
65.75426903033687
 10
264.2804764563558
 20
65.76330727712637
 10
264.22958542713565
 20
65.77837102177554
 10
264.1856970035362
 20
65.79946026428439
 10
264.1488111855574
 20
65.8265750046529
 10
264.11892797319933
 20
65.85971524288107
 10
264.0947445561139
 20
65.89920668155592
 10
264.0749581239531
 20
65.94537502326448
 10
264.0595686767169
 20
65.9982202680067
 10
264.04857621440533
 20
66.05774241578261
 10
264.04198073701843
 20
66.12394146659221
 10
264.0397822445561
 20
66.19681742043551
 10
264.04084077796387
 20
66.258782337614
 10
264.0440163781872
 20
66.31960729573795
 10
264.0493090452261
 20
66.37929229480737
 10
264.0567187790806
 20
66.43783733482226
 10
264.0662455797506
 20
66.49524241578261
 10
264.07788944723615
 20
66.55150753768844
 10
264.09075469942303
 20
66.60589986971897
 10
264.1039456541969
 20
66.65768658105341
 10
264.1174623115578
 20
66.7068676716918
 10
264.1313046715057
 20
66.7534431416341
 10
264.14547273404054
 20
66.79741299088033
 10
264.15996649916246
 20
66.83877721943048
 10
264.1738902847571
 20
66.8766401451703
 10
264.1863484087102
 20
66.91010608598549
 10
264.19734087102177
 20
66.93917504187604
 10
264.2068676716918
 20
66.96384701284198
 10
264.21492881072027
 20
66.98412199888331
 10
264.22152428810716
 20
67.0
 10
264.3329145728643
 20
67.0
 10
264.3329145728643
 20
66.87102177554439
 10
264.33389168062536
 20
66.8501768099758
 10
264.3368230039084
 20
66.83063465475526
 10
264.34170854271355
 20
66.81239530988275
 10
264.34854829704074
 20
66.79545877535827
 10
264.35734226689
 20
66.77982505118183
 10
264.3680904522613
 20
66.76549413735343
 10
264.3807928531547
 20
66.75295458775358
 10
264.39544946957005
 20
66.7426949562628
 10
264.41206030150755
 20
66.73471524288107
 10
264.43062534896706
 20
66.72901544760842
 10
264.4511446119486
 20
66.72559557044481
 10
264.47361809045225
 20
66.72445561139028
 10
265.5054438860971
 20
66.72445561139028
 10
265.57384142936905
 20
66.72184999069421
 10
265.6383305415969
 20
66.71403312860599
 10
265.69891122278057
 20
66.70100502512562
 10
265.75558347292014
 20
66.68276568025311
 10
265.80834729201564
 20
66.65931509398845
 10
265.85720268006696
 20
66.63065326633166
 10
265.9023124883677
 20
66.59710589986972
 10
265.9438395682114
 20
66.55899869718965
 10
265.981783919598
 20
66.51633165829146
 10
266.01614554252745
 20
66.46910478317514
 10
266.0469244369998
 20
66.41731807184068
 10
266.07412060301505
 20
66.3609715242881
 10
266.08096035734224
 20
66.34582635399218
 10
266.0897543271915
 20
66.32384142936907
 10
266.1005025125628
 20
66.29501675041877
 10
266.1132049134562
 20
66.25935231714126
 10
266.12786152987155
 20
66.21684812953657
 10
266.14447236180905
 20
66.16750418760469
 10
266.16197887586077
 20
66.11132049134562
 10
266.17932253861903
 20
66.04829704075935
 10
266.19650335008373
 20
65.97843383584589
 10
266.213521310255
 20
65.90173087660524
 10
266.2303764191327
 20
65.8181881630374
 10
266.2470686767169
 20
65.72780569514238
 10
266.26229527265957
 20
65.63058347292015
 10
266.27475339661265
 20
65.52652149637075
 10
266.2844430485762
 20
65.41561976549414
 10
266.29136422855015
 20
65.29787828029033
 10
266.2955169365345
 20
65.17329704075935
 10
266.2969011725293
 20
65.04187604690117
 10
266.29437697748
 20
64.87438349153173
 10
266.28680439233204
 20
64.71975618834915
 10
266.2741834170854
 20
64.57799413735343
 10
266.25651405174017
 20
64.44909733854458
 10
266.2337962962963
 20
64.33306579192258
 10
266.20603015075375
 20
64.22989949748744
 10
266.1743555741671
 20
64.13650428066258
 10
266.1399125255909
 20
64.0497859668714
 10
266.1027010050251
 20
63.9697445561139
 10
266.06272101246975
 20
63.8963800483901
 10
266.0199725479248
 20
63.82969244369998
 10
265.9744556113903
 20
63.76968174204355
 10
265.93683696259075
 20
63.7266075749116
 10
265.89824120603015
 20
63.68727898753024
 10
265.85866834170855
 20
63.6516959798995
 10
265.8181183696259
 20
63.61985855201936
 10
265.77659128978223
 20
63.59176670388982
 10
265.73408710217757
 20
63.56742043551089
 10
265.69076865810536
 20
63.54681974688256
 10
265.6467988088591
 20
63.52996463800484
 10
265.60217755443887
 20
63.51685510887772
 10
265.5569048948446
 20
63.50749115950121
 10
265.5109808300763
 20
63.5018727898753
 10
265.464405360134
 20
63.5
  0
LWPOLYLINE
  5
373
330
17
100
AcDbEntity
  8
LETRAS
100
AcDbPolyline
 90
110
 70
1
 10
263.00209380234503
 20
63.47654941373534
 10
262.9903685092127
 20
63.476630839382096
 10
262.9786432160804
 20
63.476875116322354
 10
262.966917922948
 20
63.477282244556115
 10
262.9551926298157
 20
63.47785222408338
 10
262.9434673366834
 20
63.47858505490415
 10
262.9317420435511
 20
63.47948073701843
 10
262.9201796017122
 20
63.480539270426206
 10
262.90894286246044
 20
63.48176065512749
 10
262.8980318257956
 20
63.48314489112228
 10
262.8874464917178
 20
63.484691978410574
 10
262.877186860227
 20
63.48640191699237
 10
262.86725293132326
 20
63.48827470686767
 10
262.86725293132326
 20
63.53517587939699
 10
262.876535455053
 20
63.54966964451889
 10
262.88484087102177
 20
63.56579192257584
 10
262.8921691792294
 20
63.58354271356784
 10
262.89852037967614
 20
63.60292201749488
 10
262.9038944723618
 20
63.62392983435697
 10
262.9082914572864
 20
63.6465661641541
 10
262.9118741857435
 20
63.674250884049876
 10
262.91480550902656
 20
63.710403871207895
 10
262.91708542713565
 20
63.755025125628144
 10
262.9187139400707
 20
63.808114647310624
 10
262.91969104783175
 20
63.86967243625535
 10
262.9200167504187
 20
63.93969849246231
 10
262.9200167504187
 20
65.2998324958124
 10
262.9187953657175
 20
65.37897822445561
 10
262.9151312116136
 20
65.44835287548855
 10
262.90902428810716
 20
65.50795644891122
 10
262.9004745951982
 20
65.55778894472361
 10
262.8894821328866
 20
65.59785036292574
 10
262.8760469011725
 20
65.62814070351759
 10
262.85805183324027
 20
65.65207984366276
 10
262.8333798622743
 20
65.67308766052484
 10
262.8020309882747
 20
65.69116415410386
 10
262.76400521124134
 20
65.70630932439978
 10
262.7193025311744
 20
65.71852317141261
 10
262.6679229480737
 20
65.72780569514238
 10
262.19891122278057
 20
65.79229480737018
 10
262.15640703517585
 20
65.8021473106272
 10
262.1187883863763
 20
65.81607109622185
 10
262.0860552763819
 20
65.83406616415411
 10
262.0582077051926
 20
65.85613251442398
 10
262.03524567280846
 20
65.88227014703145
 10
262.0171691792294
 20
65.91247906197655
 10
262.00283826540107
 20
65.94610785408524
 10
261.9911129722687
 20
65.98250511818351
 10
261.9819932998325
 20
66.02167085427136
 10
261.97547924809226
 20
66.06360506234878
 10
261.9715708170482
 20
66.10830774241579
 10
261.9702680067001
 20
66.15577889447236
 10
261.9714079657547
 20
66.21261399590546
 10
261.9748278429183
 20
66.26977479992556
 10
261.98052763819095
 20
66.32726130653266
 10
261.98850735157265
 20
66.38507351572679
 10
261.99876698306343
 20
66.4432114275079
 10
262.0113065326633
 20
66.50167504187604
 10
262.0253117439047
 20
66.55916154848316
 10
262.0399683603201
 20
66.6143681369812
 10
262.0552763819095
 20
66.66729480737018
 10
262.07123580867295
 20
66.7179415596501
 10
262.08784664061045
 20
66.76630839382096
 10
262.10510887772193
 20
66.81239530988275
 10
262.1217197096594
 20
66.85522520007444
 10
262.1363763260748
 20
66.89382095663503
 10
262.1490787269681
 20
66.92818257956449
 10
262.15982691233944
 20
66.95831006886283
 10
262.1686208821887
 20
66.98420342453005
 10
262.1754606365159
 20
67.00586264656616
 10
262.286850921273
 20
67.00586264656616
 10
262.286850921273
 20
66.9355108877722
 10
262.2876651777405
 20
66.90554624976735
 10
262.2901079471431
 20
66.87818723245859
 10
262.29417922948073
 20
66.85343383584589
 10
262.29987902475335
 20
66.83128605992927
 10
262.30720733296107
 20
66.81174390470873
 10
262.31616415410383
 20
66.79480737018426
 10
262.3275637446491
 20
66.78015075376885
 10
262.34222036106456
 20
66.76744835287549
 10
262.36013400335
 20
66.75670016750419
 10
262.38130467150563
 20
66.74790619765494
 10
262.4057323655313
 20
66.74106644332775
 10
262.4334170854271
 20
66.73618090452261
 10
262.83207705192626
 20
66.67169179229481
 10
262.90902428810716
 20
66.65727945281965
 10
262.9757118927973
 20
66.63749302065885
 10
263.0321398659966
 20
66.6123324958124
 10
263.07830820770516
 20
66.58179787828028
 10
263.11421691792293
 20
66.54588916806253
 10
263.13986599664986
 20
66.50460636515913
 10
263.1590010236367
 20
66.45664665922203
 10
263.1753675786339
 20
66.40070723990323
 10
263.18896566164153
 20
66.33678810720268
 10
263.19979527265957
 20
66.26488926112042
 10
263.20785641168806
 20
66.18501070165642
 10
263.21314907872693
 20
66.09715242881072
 10
263.3304020100502
 20
64.0217755443886
 10
263.3318676716918
 20
63.93383584589615
 10
263.3284477945282
 20
63.853713009491905
 10
263.3201423785594
 20
63.78140703517588
 10
263.30695142378556
 20
63.71691792294807
 10
263.28887493020653
 20
63.660245672808486
 10
263.26591289782243
 20
63.61139028475712
 10
263.2374139214591
 20
63.570188907500466
 10
263.20272659594264
 20
63.536478689745024
 10
263.161850921273
 20
63.51025963149079
 10
263.1147868974502
 20
63.49153173273776
 10
263.0615345244742
 20
63.48029499348595
 10
263.00209380234503
 20
63.47654941373534
  0
LWPOLYLINE
  5
374
330
17
100
AcDbEntity
  8
LETRAS
100
AcDbPolyline
 90
110
 70
1
 10
261.1025963149078
 20
63.47654941373534
 10
261.0908710217755
 20
63.476630839382096
 10
261.0791457286432
 20
63.476875116322354
 10
261.0674204355109
 20
63.477282244556115
 10
261.05569514237857
 20
63.47785222408338
 10
261.0439698492462
 20
63.47858505490415
 10
261.0322445561139
 20
63.47948073701843
 10
261.0206821142751
 20
63.480539270426206
 10
261.00944537502323
 20
63.48176065512749
 10
260.99853433835847
 20
63.48314489112228
 10
260.98794900428067
 20
63.484691978410574
 10
260.9776893727899
 20
63.48640191699237
 10
260.96775544388606
 20
63.48827470686767
 10
260.96775544388606
 20
63.53517587939699
 10
260.97703796761584
 20
63.54966964451889
 10
260.98534338358456
 20
63.56579192257584
 10
260.9926716917923
 20
63.58354271356784
 10
260.99902289223894
 20
63.60292201749488
 10
261.0043969849246
 20
63.62392983435697
 10
261.00879396984925
 20
63.6465661641541
 10
261.01237669830635
 20
63.674250884049876
 10
261.0153080215894
 20
63.710403871207895
 10
261.0175879396985
 20
63.755025125628144
 10
261.01921645263354
 20
63.808114647310624
 10
261.02019356039455
 20
63.86967243625535
 10
261.02051926298157
 20
63.93969849246231
 10
261.02051926298157
 20
65.32328308207705
 10
261.018727898753
 20
65.40275451330727
 10
261.01335380606736
 20
65.47310627210125
 10
261.0043969849246
 20
65.53433835845897
 10
260.99185743532473
 20
65.58645077238042
 10
260.9757351572678
 20
65.62944351386562
 10
260.95603015075375
 20
65.66331658291458
 10
260.9311139028475
 20
65.69018704634283
 10
260.8993579006142
 20
65.71217197096594
 10
260.8607621440536
 20
65.72927135678393
 10
260.8153266331658
 20
65.74148520379676
 10
260.7630513679508
 20
65.74881351200446
 10
260.7039363484087
 20
65.75125628140704
 10
259.4786432160804
 20
65.75125628140704
 10
259.4078029034059
 20
65.7540247533966
 10
259.34380234505863
 20
65.76233016936534
 10
259.28664154103853
 20
65.77617252931323
 10
259.2363204913456
 20
65.79555183324028
 10
259.1928391959799
 20
65.82046808114647
 10
259.15619765494137
 20
65.85092127303183
 10
259.125744463056
 20
65.88853992183138
 10
259.1008282151498
 20
65.93495254048018
 10
259.08144891122276
 20
65.99015912897822
 10
259.0676065512749
 20
66.05415968732552
 10
259.05930113530616
 20
66.12695421552206
 10
259.05653266331655
 20
66.20854271356784
 10
259.05759119672433
 20
66.27221756932812
 10
259.0607667969477
 20
66.33426391215336
 10
259.06605946398656
 20
66.39468174204355
 10
259.07346919784106
 20
66.4534710589987
 10
259.0829959985111
 20
66.5106318630188
 10
259.0946398659966
 20
66.56616415410386
 10
259.1075051181835
 20
66.61957937837334
 10
259.12069607295734
 20
66.67038898194677
 10
259.1342127303182
 20
66.71859296482413
 10
259.14805509026615
 20
66.76419132700539
 10
259.162223152801
 20
66.8071840684906
 10
259.17671691792293
 20
66.84757118927973
 10
259.19064070351754
 20
66.88437558161176
 10
259.2030988274707
 20
66.91662013772567
 10
259.21409128978223
 20
66.94430485762145
 10
259.22361809045225
 20
66.96742974129909
 10
259.23167922948073
 20
66.9859947887586
 10
259.2382747068676
 20
67.0
 10
259.34966499162476
 20
67.0
 10
259.34966499162476
 20
66.89447236180905
 10
259.35072352503255
 20
66.87159175507165
 10
259.3538991252559
 20
66.8498511073888
 10
259.3591917922948
 20
66.82925041876047
 10
259.3666015261492
 20
66.80978968918667
 10
259.37612832681924
 20
66.7914689186674
 10
259.38777219430483
 20
66.77428810720268
 10
259.401858831193
 20
66.75906151126
 10
259.4187139400707
 20
66.7466033873069
 10
259.438337520938
 20
66.73691373534338
 10
259.4607295737949
 20
66.72999255536944
 10
259.48589009864133
 20
66.72583984738507
 10
259.51381909547734
 20
66.72445561139028
 10
260.7039363484087
 20
66.72445561139028
 10
260.81850223338915
 20
66.72014005211241
 10
260.91987716359574
 20
66.7071933742788
 10
261.0080611390285
 20
66.68561557788945
 10
261.0830541596873
 20
66.65540666294436
 10
261.1448562255723
 20
66.61656662944351
 10
261.1934673366834
 20
66.56909547738694
 10
261.23230737018423
 20
66.5125046528941
 10
261.2647962032384
 20
66.4463056020845
 10
261.29093383584586
 20
66.37049832495812
 10
261.31072026800666
 20
66.28508282151498
 10
261.3241554997208
 20
66.19005909175507
 10
261.3312395309882
 20
66.08542713567839
 10
261.43090452261305
 20
64.0217755443886
 10
261.4323701842546
 20
63.93725572305974
 10
261.428950307091
 20
63.85957565605807
 10
261.42064489112227
 20
63.788735343383586
 10
261.4074539363484
 20
63.72473478503629
 10
261.3893774427694
 20
63.66757398101619
 10
261.36641541038523
 20
63.617252931323286
 10
261.33791643402196
 20
63.57426018983808
 10
261.3032291085055
 20
63.5390843104411
 10
261.2623534338358
 20
63.51172529313233
 10
261.215289410013
 20
63.49218313791178
 10
261.162037037037
 20
63.48045784477945
 10
261.1025963149078
 20
63.47654941373534
  0
LWPOLYLINE
  5
375
330
17
100
AcDbEntity
  8
LETRAS
100
AcDbPolyline
 90
255
 70
1
 10
256.0255443886097
 20
63.44137353433836
 10
255.98010887772193
 20
63.443979155034434
 10
255.93760469011724
 20
63.45179601712265
 10
255.8980318257956
 20
63.46482412060301
 10
255.8613902847571
 20
63.483063465475524
 10
255.82768006700167
 20
63.50651405174018
 10
255.7969011725293
 20
63.53517587939699
 10
255.77003070910104
 20
63.56856039456542
 10
255.74804578447794
 20
63.606179043364975
 10
255.73094639865994
 20
63.64803182579565
 10
255.7187325516471
 20
63.69411874185744
 10
255.7114042434394
 20
63.74443979155034
 10
255.70896147403684
 20
63.79899497487437
 10
255.71335845896147
 20
63.879850642099385
 10
255.7265494137353
 20
63.95826353992183
 10
255.74853433835844
 20
64.03423366834171
 10
255.77931323283082
 20
64.10776102735902
 10
255.81888609715242
 20
64.17884561697376
 10
255.86725293132326
 20
64.24748743718592
 10
255.9213195607668
 20
64.31368648799554
 10
255.97799181090636
 20
64.37744276940256
 10
256.03726968174203
 20
64.43875628140704
 10
256.09915317327375
 20
64.49762702400893
 10
256.16364228550157
 20
64.55405499720827
 10
256.23073701842543
 20
64.60804020100502
 10
256.80527638190955
 20
65.04187604690117
 10
256.8369509584962
 20
65.0698050437372
 10
256.8655313605062
 20
65.09887399962777
 10
256.8910175879397
 20
65.12908291457286
 10
256.91340964079654
 20
65.1604317885725
 10
256.93270751907687
 20
65.19292062162666
 10
256.94891122278057
 20
65.22654941373534
 10
256.96234645449465
 20
65.26131816489857
 10
256.97333891680626
 20
65.29722687511632
 10
256.9818886097152
 20
65.3342755443886
 10
256.98799553322164
 20
65.37246417271542
 10
256.9916596873255
 20
65.41179276009677
 10
256.99288107202676
 20
65.45226130653266
 10
256.9912525590917
 20
65.49745254048018
 10
256.9863670202866
 20
65.5392238972641
 10
256.9782244556114
 20
65.57757537688443
 10
256.96682486506603
 20
65.61250697934115
 10
256.95216824865065
 20
65.64401870463428
 10
256.93425460636513
 20
65.67211055276383
 10
256.9108040201005
 20
65.69629396984925
 10
256.8795365717476
 20
65.71608040201005
 10
256.8404522613065
 20
65.73146984924622
 10
256.7935510887772
 20
65.74246231155779
 10
256.73883305415967
 20
65.74905778894473
 10
256.6762981574539
 20
65.75125628140704
 10
255.30443886097152
 20
65.75125628140704
 10
255.25257072399032
 20
65.7552461380979
 10
255.20640238228177
 20
65.76721570817048
 10
255.1659338358459
 20
65.78716499162479
 10
255.13116508468266
 20
65.81509398846082
 10
255.10209612879208
 20
65.85100269867858
 10
255.07872696817418
 20
65.89489112227805
 10
255.0599176437744
 20
65.94496789503071
 10
255.04452819653824
 20
65.99944165270799
 10
255.03255862646566
 20
66.05831239530988
 10
255.02400893355664
 20
66.1215801228364
 10
255.01887911781125
 20
66.18924483528755
 10
255.01716917922946
 20
66.26130653266331
 10
255.0178205844035
 20
66.31977014703145
 10
255.01977479992553
 20
66.37790805881258
 10
255.02303182579564
 20
66.4357202680067
 10
255.02759166201375
 20
66.49320677461381
 10
255.0334543085799
 20
66.55036757863391
 10
255.0406197654941
 20
66.607202680067
 10
255.04876233016935
 20
66.66322352503256
 10
255.0575563000186
 20
66.7179415596501
 10
255.06700167504187
 20
66.7713567839196
 10
255.07709845523914
 20
66.82346919784106
 10
255.08784664061045
 20
66.87427880141448
 10
255.09924623115577
 20
66.92378559463987
 10
255.11064582170107
 20
66.97158244928346
 10
255.12139400707238
 20
67.01726223711148
 10
255.13149078726966
 20
67.06082495812396
 10
255.14093616229292
 20
67.10227061232086
 10
255.14973013214217
 20
67.14159919970221
 10
255.1578726968174
 20
67.178810720268
 10
255.16503815373162
 20
67.21357947143123
 10
255.17090080029777
 20
67.24557975060488
 10
255.1754606365159
 20
67.27481155778895
 10
255.178717662386
 20
67.30127489298343
 10
255.18067187790805
 20
67.32496975618835
 10
255.18132328308207
 20
67.34589614740368
 10
255.18083472920154
 20
67.36063418946584
 10
255.17936906756
 20
67.37358086729947
 10
255.17692629815744
 20
67.38473618090453
 10
255.17350642099385
 20
67.39410013028103
 10
255.16910943606922
 20
67.401672715429
 10
255.16373534338356
 20
67.4074539363484
 10
255.15738414293688
 20
67.4120951982133
 10
255.1500558347292
 20
67.41624790619765
 10
255.14175041876044
 20
67.41991206030151
 10
255.1324678950307
 20
67.42308766052484
 10
255.1222082635399
 20
67.42577470686767
 10
255.1109715242881
 20
67.42797319932998
 10
254.96440536013398
 20
67.4572864321608
 10
254.94160617904333
 20
67.4625790991997
 10
254.92010980830074
 20
67.47064023822819
 10
254.8999162479062
 20
67.48146984924622
 10
254.88102549785964
 20
67.49506793225386
 10
254.86343755816117
 20
67.51143448725107
 10
254.84715242881072
 20
67.53056951423785
 10
254.8328215149823
 20
67.55296156709473
 10
254.82109622184998
 20
67.57909919970221
 10
254.8119765494137
 20
67.6089824120603
 10
254.80546249767355
 20
67.64261120416899
 10
254.80155406662942
 20
67.67998557602829
 10
254.8002512562814
 20
67.72110552763819
 10
254.80155406662942
 20
67.7712637260376
 10
254.80546249767355
 20
67.82011911408897
 10
254.8119765494137
 20
67.8676716917923
 10
254.82109622184998
 20
67.91392145914759
 10
254.8328215149823
 20
67.95886841615484
 10
254.84715242881072
 20
68.00251256281408
 10
254.86213474781312
 20
68.04355108877722
 10
254.8758142564675
 20
68.08068118369626
 10
254.88819095477385
 20
68.11390284757118
 10
254.89926484273215
 20
68.14321608040201
 10
254.90903592034243
 20
68.16862088218872
 10
254.91750418760466
 20
68.19011725293132
 10
255.0288944723618
 20
68.19011725293132
 10
255.0288944723618
 20
68.11976549413735
 10
255.03101153917734
 20
68.0995719337428
 10
255.03736273962403
 20
68.0819839940443
 10
255.04794807370183
 20
68.06700167504188
 10
255.06276754141075
 20
68.05462497673552
 10
255.08182114275078
 20
68.04485389912526
 10
255.10510887772193
 20
68.03768844221105
 10
255.39237855946396
 20
67.97319932998325
 10
255.428857249209
 20
67.96375395495998
 10
255.46012469756187
 20
67.95105155406662
 10
255.4861809045226
 20
67.93509212730318
 10
255.50702587009118
 20
67.91587567466965
 10
255.52265959426762
 20
67.89340219616602
 10
255.53308207705192
 20
67.8676716917923
 10
255.5402475339661
 20
67.84145263353805
 10
255.54611018053228
 20
67.8175134933929
 10
255.5506700167504
 20
67.79585427135679
 10
255.5539270426205
 20
67.77647496742975
 10
255.55588125814253
 20
67.75937558161176
 10
255.55653266331657
 20
67.74455611390285
 10
255.55482272473478
 20
67.69203657174762
 10
255.54969290898939
 20
67.64000558347291
 10
255.54114321608037
 20
67.58846314907873
 10
255.5291736460078
 20
67.53740926856504
 10
255.51378419877162
 20
67.48684394193188
 10
255.49497487437185
 20
67.43676716917923
 10
255.47445561139025
 20
67.38742322724735
 10
255.4539363484087
 20
67.33905639307649
 10
255.43341708542712
 20
67.29166666666667
 10
255.41289782244553
 20
67.24525404801787
 10
255.39237855946396
 20
67.1998185371301
 10
255.3718592964824
 20
67.15536013400335
 10
255.35304997208263
 20
67.11196026428439
 10
255.33766052484643
 20
67.06970035361995
 10
255.32569095477385
 20
67.02858040201005
 10
255.31714126186486
 20
66.98860040945468
 10
255.31201144611947
 20
66.94976037595384
 10
255.31030150753767
 20
66.91206030150754
 10
255.312825702587
 20
66.87525590917551
 10
255.32039828773495
 20
66.8430113530616
 10
255.33301926298157
 20
66.81532663316582
 10
255.3506886283268
 20
66.79220174948819
 10
255.37340638377069
 20
66.77363670202867
 10
255.40117252931321
 20
66.75963149078727
 10
255.43300995719335
 20
66.74888330541597
 10
255.4679415596501
 20
66.74008933556672
 10
255.5059673366834
 20
66.73324958123953
 10
255.5470872882933
 20
66.7283640424344
 10
255.5913014144798
 20
66.72543271915131
 10
255.63860971524286
 20
66.72445561139028
 10
257.06323283082077
 20
66.72445561139028
 10
257.0969430485762
 20
66.72331565233576
 10
257.1277219430486
 20
66.71989577517216
 10
257.1555695142378
 20
66.7141959798995
 10
257.18048576214403
 20
66.70621626651777
 10
257.20247068676713
 20
66.69595663502699
 10
257.22152428810716
 20
66.68341708542714
 10
257.23829797133817
 20
66.66924902289225
 10
257.2534431416341
 20
66.65410385259631
 10
257.26695979899495
 20
66.63798157453937
 10
257.27884794342077
 20
66.62088218872138
 10
257.28910757491155
 20
66.60280569514238
 10
257.2977386934673
 20
66.58375209380235
 10
257.30799832495813
 20
66.55883584589614
 10
257.3192350642099
 20
66.52707984366276
 10
257.33144891122276
 20
66.48848408710218
 10
257.3446398659966
 20
66.44304857621441
 10
257.3588079285315
 20
66.39077331099944
 10
257.3739530988274
 20
66.33165829145729
 10
257.38828401265584
 20
66.26668062534897
 10
257.40000930578816
 20
66.19681742043551
 10
257.40912897822443
 20
66.12206867671692
 10
257.4156430299646
 20
66.0424343941932
 10
257.4195514610087
 20
65.95791457286433
 10
257.42085427135675
 20
65.86850921273032
 10
257.42004001488925
 20
65.81843243997767
 10
257.41759724548666
 20
65.76591289782245
 10
257.4135259631491
 20
65.71095058626466
 10
257.4078261678764
 20
65.6535455053043
 10
257.4004978596687
 20
65.59369765494138
 10
257.39154103852593
 20
65.53140703517587
 10
257.38030429927414
 20
65.46813930764935
 10
257.36613623673924
 20
65.40536013400335
 10
257.34903685092127
 20
65.34306951423785
 10
257.3290061418202
 20
65.28126744835288
 10
257.3060441094361
 20
65.2199539363484
 10
257.28015075376885
 20
65.15912897822446
 10
257.250511818351
 20
65.1000139586823
 10
257.216313046715
 20
65.04383026242323
 10
257.17755443886097
 20
64.99057788944724
 10
257.13423599478875
 20
64.94025683975433
 10
257.0863577144984
 20
64.8928671133445
 10
257.03391959798995
 20
64.84840871021775
 10
256.4359296482412
 20
64.39112227805695
 10
256.402789410013
 20
64.36588032756374
 10
256.37372045412246
 20
64.34096407965755
 10
256.3487227805695
 20
64.31637353433835
 10
256.32779638935415
 20
64.29210869160617
 10
256.3109412804764
 20
64.26816955146101
 10
256.2981574539363
 20
64.24455611390285
 10
256.28830495067933
 20
64.2215940815187
 10
256.28024381165085
 20
64.19960915689559
 10
256.2739740368509
 20
64.1786013400335
 10
256.26949562627954
 20
64.15857063093245
 10
256.2668085799367
 20
64.13951702959241
 10
256.26591289782243
 20
64.1214405360134
 10
256.26656430299647
 20
64.09383724176438
 10
256.2685185185185
 20
64.06574539363484
 10
256.2717755443886
 20
64.03716499162479
 10
256.2763353806067
 20
64.00809603573423
 10
256.2821980271729
 20
63.97853852596315
 10
256.28936348408706
 20
63.948492462311556
 10
256.29652894100127
 20
63.91795784477945
 10
256.30239158756746
 20
63.88693467336683
 10
256.30695142378556
 20
63.8554229480737
 10
256.31020844965565
 20
63.82342266890006
 10
256.3121626651777
 20
63.7909338358459
 10
256.31281407035175
 20
63.75795644891122
 10
256.3109412804764
 20
63.71594081518705
 10
256.3053229108505
 20
63.675879396984925
 10
256.295958961474
 20
63.63777219430486
 10
256.2828494323469
 20
63.60161920714685
 10
256.26599432346916
 20
63.56742043551089
 10
256.24539363484087
 20
63.53517587939699
 10
256.22055881258143
 20
63.50651405174018
 10
256.1910013028103
 20
63.483063465475524
 10
256.1567211055276
 20
63.46482412060301
 10
256.11771822073325
 20
63.45179601712265
 10
256.0739926484273
 20
63.443979155034434
 10
256.0255443886097
 20
63.44137353433836
  0
LWPOLYLINE
  5
376
330
17
100
AcDbEntity
  8
LETRAS
100
AcDbPolyline
 90
251
 70
1
 10
252.19137353433834
 20
63.5
 10
252.17769402568396
 20
63.565059091755074
 10
252.16401451702959
 20
63.631258142564675
 10
252.1503350083752
 20
63.69859715242881
 10
252.1366554997208
 20
63.76707612134748
 10
252.12297599106643
 20
63.836695049320674
 10
252.10929648241205
 20
63.90745393634841
 10
252.09577982505118
 20
63.9784571003164
 10
252.0825888702773
 20
64.04880885911037
 10
252.06972361809045
 20
64.11850921273032
 10
252.05718406849059
 20
64.18755816117626
 10
252.04497022147774
 20
64.25595570444817
 10
252.03308207705192
 20
64.32370184254606
 10
252.02176391215335
 20
64.39030802158943
 10
252.0112600037223
 20
64.45528568769775
 10
252.00157035175877
 20
64.51863484087102
 10
251.9926949562628
 20
64.58035548110925
 10
251.9846338172343
 20
64.64044760841243
 10
251.97738693467335
 20
64.69891122278057
 10
251.97111715987342
 20
64.75452493951238
 10
251.96598734412802
 20
64.80606737390657
 10
251.96199748743717
 20
64.85353852596315
 10
251.95914758980084
 20
64.89693839568211
 10
251.95743765121904
 20
64.93626698306346
 10
251.95686767169178
 20
64.9715242881072
 10
251.95865903592033
 20
65.05343848874
 10
251.964033128606
 20
65.13502698678577
 10
251.97298994974872
 20
65.21628978224456
 10
251.9855294993486
 20
65.29722687511632
 10
252.00165177740553
 20
65.37783826540108
 10
252.02135678391957
 20
65.45812395309883
 10
252.03682765680253
 20
65.51870463428253
 10
252.05197282709844
 20
65.57537688442211
 10
252.06679229480736
 20
65.62814070351759
 10
252.08128605992925
 20
65.67699609156895
 10
252.09545412246416
 20
65.72194304857621
 10
252.10929648241205
 20
65.76298157453937
 10
252.05067001675042
 20
65.76884422110552
 10
251.98422668900054
 20
65.78113949376512
 10
251.9256002233389
 20
65.79848315652336
 10
251.8747906197655
 20
65.82087520938023
 10
251.83179787828027
 20
65.84831565233576
 10
251.7966219988833
 20
65.88080448538992
 10
251.7692629815745
 20
65.91834170854271
 10
251.74776661083192
 20
65.95995021403313
 10
251.73017867113344
 20
66.00465289410013
 10
251.71649916247904
 20
66.05244974874371
 10
251.7067280848688
 20
66.1033407779639
 10
251.7008654383026
 20
66.15732598176065
 10
251.69891122278057
 20
66.21440536013401
 10
251.70094686394935
 20
66.29697096594082
 10
251.70705378745578
 20
66.37660524846454
 10
251.7172319932998
 20
66.45330820770519
 10
251.73148148148147
 20
66.52707984366276
 10
251.74980225200073
 20
66.59792015633724
 10
251.7721943048576
 20
66.66582914572864
 10
251.79621487064952
 20
66.73048110924995
 10
251.81942117997394
 20
66.79155034431416
 10
251.84181323283082
 20
66.84903685092127
 10
251.86339102922017
 20
66.90294062907128
 10
251.884154569142
 20
66.95326167876419
 10
251.9041038525963
 20
67.0
 10
252.01549413735341
 20
67.0
 10
252.01549413735341
 20
66.91206030150754
 10
252.0163898194677
 20
66.8892611204169
 10
252.01907686581052
 20
66.8677647496743
 10
252.0235552763819
 20
66.84757118927973
 10
252.02982505118183
 20
66.82868043923321
 10
252.0378861902103
 20
66.81109249953471
 10
252.04773869346732
 20
66.79480737018426
 10
252.06035966871391
 20
66.77998790247534
 10
252.07672622371115
 20
66.76679694770147
 10
252.09683835845894
 20
66.75523450586265
 10
252.12069607295737
 20
66.74530057695887
 10
252.1482993672064
 20
66.73699516099013
 10
252.17964824120602
 20
66.73031825795645
 10
252.46691792294806
 20
66.6892797319933
 10
252.52595151684346
 20
66.67804299274148
 10
252.57798250511817
 20
66.65996649916248
 10
252.62301088777218
 20
66.63505025125627
 10
252.6610366648055
 20
66.6032942490229
 10
252.6920598362181
 20
66.56469849246231
 10
252.71608040201005
 20
66.51926298157454
 10
252.73488972640982
 20
66.46943048576215
 10
252.750279173646
 20
66.41764377442769
 10
252.76224874371857
 20
66.36390284757118
 10
252.77079843662756
 20
66.30820770519263
 10
252.77592825237295
 20
66.25055834729201
 10
252.77763819095475
 20
66.19095477386935
 10
252.77698678578074
 20
66.15292899683604
 10
252.77503257025867
 20
66.11311185557416
 10
252.7717755443886
 20
66.07150335008376
 10
252.76721570817045
 20
66.02810348036479
 10
252.7613530616043
 20
65.98291224641727
 10
252.75418760469012
 20
65.9359296482412
 10
252.74506793225385
 20
65.88715568583659
 10
252.73334263912153
 20
65.83659035920343
 10
252.71901172529311
 20
65.78423366834171
 10
252.70207519076865
 20
65.73008561325145
 10
252.6825330355481
 20
65.67414619393263
 10
252.66038525963148
 20
65.61641541038526
 10
252.607621440536
 20
65.61641541038526
 10
252.60118881444257
 20
65.63139772938769
 10
252.5936162292946
 20
65.64507723804206
 10
252.58490368509212
 20
65.6574539363484
 10
252.57505118183508
 20
65.66852782430672
 10
252.56405871952353
 20
65.67829890191699
 10
252.55192629815744
 20
65.68676716917923
 10
252.53702540480177
 20
65.69425832868043
 10
252.51772752652147
 20
65.70109808300764
 10
252.49403266331657
 20
65.7072864321608
 10
252.46594081518703
 20
65.71282337613997
 10
252.43345198213288
 20
65.71770891494509
 10
252.39656616415408
 20
65.72194304857621
 10
252.34966499162476
 20
65.72780569514238
 10
252.34005676530802
 20
65.70093523171413
 10
252.33077424157824
 20
65.6711334450028
 10
252.3218174204355
 20
65.63840033500837
 10
252.31318630187977
 20
65.60273590173088
 10
252.30488088591102
 20
65.5641401451703
 10
252.2969011725293
 20
65.52261306532664
 10
252.28794435138656
 20
65.47066350269868
 10
252.28061604317884
 20
65.41643402196166
 10
252.2749162479062
 20
65.35992462311557
 10
252.27084496556856
 20
65.30113530616043
 10
252.268402196166
 20
65.24006607109622
 10
252.26758793969847
 20
65.17671691792295
 10
252.268076493579
 20
65.13575981760656
 10
252.26954215522053
 20
65.09496556858366
 10
252.2719849246231
 20
65.05433417085428
 10
252.2754048017867
 20
65.01386562441839
 10
252.27980178671132
 20
64.973559929276
 10
252.28517587939697
 20
64.93341708542714
 10
252.2912828029034
 20
64.89335566722501
 10
252.29787828029032
 20
64.8532942490229
 10
252.30496231155777
 20
64.81323283082077
 10
252.31253489670573
 20
64.77317141261865
 10
252.3205960357342
 20
64.73310999441652
 10
252.3291457286432
 20
64.69304857621441
 10
252.3381839754327
 20
64.65258002977852
 10
252.34771077610273
 20
64.61129722687511
 10
252.35772613065325
 20
64.56920016750419
 10
252.3682300390843
 20
64.52628885166574
 10
252.37922250139584
 20
64.48256327935977
 10
252.39070351758792
 20
64.43802345058626
 10
253.9970686767169
 20
64.43802345058626
 10
254.01970500651404
 20
64.50055834729201
 10
254.04071282337614
 20
64.56309324399777
 10
254.06009212730316
 20
64.62562814070351
 10
254.07784291829518
 20
64.68816303740927
 10
254.09396519635212
 20
64.75069793411502
 10
254.108458961474
 20
64.81323283082077
 10
254.12099851107388
 20
64.87641913270053
 10
254.13125814256466
 20
64.94090824492835
 10
254.1392378559464
 20
65.00670016750419
 10
254.14493765121904
 20
65.07379490042807
 10
254.14835752838263
 20
65.14219244369998
 10
254.14949748743717
 20
65.21189279731993
 10
254.1464033128606
 20
65.31465196352131
 10
254.13712078913082
 20
65.40796575469942
 10
254.1216499162479
 20
65.49183417085428
 10
254.09999069421178
 20
65.56625721198586
 10
254.0721431230225
 20
65.63123487809418
 10
254.03810720268007
 20
65.68676716917923
 10
253.9969058254234
 20
65.73334263912153
 10
253.94756188349152
 20
65.7714498418016
 10
253.8900753768844
 20
65.80108877721943
 10
253.82444630560207
 20
65.82225944537502
 10
253.7506746696445
 20
65.83496184626838
 10
253.66876046901172
 20
65.8391959798995
 10
253.64465847757305
 20
65.83830029778522
 10
253.61925367578633
 20
65.8356132514424
 10
253.59254606365158
 20
65.83113484087102
 10
253.5645356411688
 20
65.8248650660711
 10
253.53522240833797
 20
65.81680392704261
 10
253.5046063651591
 20
65.80695142378559
 10
253.47333891680623
 20
65.7948190024195
 10
253.44207146845338
 20
65.77991810906384
 10
253.4108040201005
 20
65.76224874371859
 10
253.37953657174762
 20
65.74181090638378
 10
253.34826912339474
 20
65.71860459705937
 10
253.31700167504187
 20
65.69262981574539
 10
253.286385631863
 20
65.66299088032757
 10
253.25707239903218
 20
65.62879210869161
 10
253.2290619765494
 20
65.59003350083752
 10
253.20235436441465
 20
65.54671505676531
 10
253.17694956262795
 20
65.49883677647497
 10
253.15284757118926
 20
65.4463986599665
 10
253.10008375209378
 20
65.32914572864321
 10
252.94765494137351
 20
65.32914572864321
 10
252.98283082077052
 20
65.59882747068677
 10
253.00155871952353
 20
65.70476223711148
 10
253.02256653638563
 20
65.80760282895962
 10
253.04585427135677
 20
65.90734924623115
 10
253.07142192443698
 20
66.00400148892611
 10
253.09926949562626
 20
66.09755955704448
 10
253.1293969849246
 20
66.18802345058626
 10
253.16245579750603
 20
66.27409035920343
 10
253.19909733854456
 20
66.35445747254792
 10
253.2393216080402
 20
66.42912479061977
 10
253.2831286059929
 20
66.49809231341895
 10
253.33051833240273
 20
66.56136004094547
 10
253.38149078726966
 20
66.61892797319933
 10
253.4362088218872
 20
66.66908617159874
 10
253.49483528754885
 20
66.71012469756188
 10
253.55737018425458
 20
66.74204355108878
 10
253.62381351200446
 20
66.76484273217942
 10
253.69416527079844
 20
66.7785222408338
 10
253.7684254606365
 20
66.78308207705193
 10
253.8329145728643
 20
66.77990647682859
 10
253.893495254048
 20
66.77037967615857
 10
253.9501675041876
 20
66.75450167504188
 10
254.00293132328306
 20
66.7322724734785
 10
254.05178671133444
 20
66.70369207146845
 10
254.0967336683417
 20
66.66876046901173
 10
254.13826074818536
 20
66.62861762516285
 10
254.17685650474593
 20
66.58440349897636
 10
254.21252093802343
 20
66.53611809045226
 10
254.24525404801784
 20
66.48376139959055
 10
254.2750558347292
 20
66.42733342639121
 10
254.30192629815744
 20
66.36683417085428
 10
254.3260282895961
 20
66.30315931509399
 10
254.3475246603387
 20
66.23720454122464
 10
254.36641541038526
 20
66.16896984924622
 10
254.3827005397357
 20
66.09845523915875
 10
254.39638004839009
 20
66.02566071096221
 10
254.4074539363484
 20
65.95058626465662
 10
254.41641075749115
 20
65.87420900800298
 10
254.42373906569884
 20
65.79750604876233
 10
254.42943886097152
 20
65.72047738693468
 10
254.43351014330912
 20
65.64312302252
 10
254.43595291271168
 20
65.56544295551834
 10
254.4367671691792
 20
65.48743718592965
 10
254.43530150753767
 20
65.38215382467895
 10
254.43090452261305
 20
65.27735901730877
 10
254.42357621440536
 20
65.1730527638191
 10
254.41331658291455
 20
65.06923506420993
 10
254.4001256281407
 20
64.9659059184813
 10
254.38400335008373
 20
64.86306532663316
 10
254.3646240461567
 20
64.75989903219802
 10
254.34166201377255
 20
64.65559277870835
 10
254.31511725293132
 20
64.55014656616416
 10
254.28498976363298
 20
64.44356039456542
 10
254.2512795458775
 20
64.33583426391215
 10
254.21398659966496
 20
64.22696817420436
 10
254.17343662758233
 20
64.11557788944724
 10
254.12995533221664
 20
64.000279173646
 10
254.08354271356782
 20
63.88107202680067
 10
254.03419877163594
 20
63.75795644891122
 10
253.98192350642097
 20
63.63093243997766
 10
253.92671691792293
 20
63.5
  0
LWPOLYLINE
  5
377
330
17
100
AcDbEntity
  8
LETRAS
100
AcDbPolyline
 90
110
 70
1
 10
250.79020100502512
 20
63.47654941373534
 10
250.77847571189278
 20
63.476630839382096
 10
250.76675041876047
 20
63.476875116322354
 10
250.75502512562815
 20
63.477282244556115
 10
250.7432998324958
 20
63.47785222408338
 10
250.7315745393635
 20
63.47858505490415
 10
250.71984924623115
 20
63.47948073701843
 10
250.70828680439234
 20
63.480539270426206
 10
250.6970500651405
 20
63.48176065512749
 10
250.6861390284757
 20
63.48314489112228
 10
250.6755536943979
 20
63.484691978410574
 10
250.66529406290712
 20
63.48640191699237
 10
250.65536013400336
 20
63.48827470686767
 10
250.65536013400336
 20
63.53517587939699
 10
250.6646426577331
 20
63.54966964451889
 10
250.67294807370183
 20
63.56579192257584
 10
250.68027638190955
 20
63.58354271356784
 10
250.68662758235624
 20
63.60292201749488
 10
250.69200167504187
 20
63.62392983435697
 10
250.6963986599665
 20
63.6465661641541
 10
250.6999813884236
 20
63.674250884049876
 10
250.7029127117067
 20
63.710403871207895
 10
250.70519262981574
 20
63.755025125628144
 10
250.70682114275078
 20
63.808114647310624
 10
250.70779825051181
 20
63.86967243625535
 10
250.70812395309883
 20
63.93969849246231
 10
250.70812395309883
 20
65.2998324958124
 10
250.70690256839754
 20
65.37897822445561
 10
250.70323841429368
 20
65.44835287548855
 10
250.69713149078726
 20
65.50795644891122
 10
250.68858179787827
 20
65.55778894472361
 10
250.67758933556672
 20
65.59785036292574
 10
250.66415410385258
 20
65.62814070351759
 10
250.64615903592033
 20
65.65207984366276
 10
250.6214870649544
 20
65.67308766052484
 10
250.59013819095478
 20
65.69116415410386
 10
250.55211241392146
 20
65.70630932439978
 10
250.50740973385444
 20
65.71852317141261
 10
250.45603015075378
 20
65.72780569514238
 10
249.98701842546063
 20
65.79229480737018
 10
249.94451423785594
 20
65.8021473106272
 10
249.9068955890564
 20
65.81607109622185
 10
249.87416247906197
 20
65.83406616415411
 10
249.84631490787268
 20
65.85613251442398
 10
249.82335287548855
 20
65.88227014703145
 10
249.80527638190955
 20
65.91247906197655
 10
249.79094546808113
 20
65.94610785408524
 10
249.77922017494882
 20
65.98250511818351
 10
249.77010050251255
 20
66.02167085427136
 10
249.76358645077238
 20
66.06360506234878
 10
249.75967801972826
 20
66.10830774241579
 10
249.75837520938023
 20
66.15577889447236
 10
249.75951516843477
 20
66.21261399590546
 10
249.76293504559837
 20
66.26977479992556
 10
249.76863484087102
 20
66.32726130653266
 10
249.77661455425275
 20
66.38507351572679
 10
249.78687418574353
 20
66.4432114275079
 10
249.7994137353434
 20
66.50167504187604
 10
249.81341894658476
 20
66.55916154848316
 10
249.8280755630002
 20
66.6143681369812
 10
249.84338358458962
 20
66.66729480737018
 10
249.85934301135305
 20
66.7179415596501
 10
249.87595384329052
 20
66.76630839382096
 10
249.893216080402
 20
66.81239530988275
 10
249.90982691233947
 20
66.85522520007444
 10
249.92448352875488
 20
66.89382095663503
 10
249.93718592964825
 20
66.92818257956449
 10
249.94793411501954
 20
66.95831006886283
 10
249.9567280848688
 20
66.98420342453005
 10
249.96356783919597
 20
67.00586264656616
 10
250.0749581239531
 20
67.00586264656616
 10
250.0749581239531
 20
66.9355108877722
 10
250.07577238042063
 20
66.90554624976735
 10
250.0782151498232
 20
66.87818723245859
 10
250.0822864321608
 20
66.85343383584589
 10
250.08798622743348
 20
66.83128605992927
 10
250.09531453564117
 20
66.81174390470873
 10
250.10427135678393
 20
66.79480737018426
 10
250.11567094732925
 20
66.78015075376885
 10
250.13032756374466
 20
66.76744835287549
 10
250.14824120603015
 20
66.75670016750419
 10
250.16941187418576
 20
66.74790619765494
 10
250.19383956821142
 20
66.74106644332775
 10
250.2215242881072
 20
66.73618090452261
 10
250.62018425460636
 20
66.67169179229481
 10
250.69713149078726
 20
66.65727945281965
 10
250.76381909547737
 20
66.63749302065885
 10
250.8202470686767
 20
66.6123324958124
 10
250.86641541038526
 20
66.58179787828028
 10
250.90232412060303
 20
66.54588916806253
 10
250.92797319932998
 20
66.50460636515913
 10
250.94710822631677
 20
66.45664665922203
 10
250.96347478131398
 20
66.40070723990323
 10
250.9770728643216
 20
66.33678810720268
 10
250.98790247533967
 20
66.26488926112042
 10
250.99596361436812
 20
66.18501070165642
 10
251.00125628140702
 20
66.09715242881072
 10
251.11850921273032
 20
64.0217755443886
 10
251.11997487437185
 20
63.93383584589615
 10
251.11655499720825
 20
63.853713009491905
 10
251.10824958123953
 20
63.78140703517588
 10
251.09505862646566
 20
63.71691792294807
 10
251.07698213288666
 20
63.660245672808486
 10
251.0540201005025
 20
63.61139028475712
 10
251.0255211241392
 20
63.570188907500466
 10
250.99083379862273
 20
63.536478689745024
 10
250.9499581239531
 20
63.51025963149079
 10
250.90289410013028
 20
63.49153173273776
 10
250.84964172715428
 20
63.48029499348595
 10
250.79020100502512
 20
63.47654941373534
  0
LWPOLYLINE
  5
378
330
17
100
AcDbEntity
  8
LETRAS
100
AcDbPolyline
 90
118
 70
1
 10
246.93844221105527
 20
63.5
 10
247.1143216080402
 20
64.44388609715243
 10
248.7558626465662
 20
64.44388609715243
 10
248.77841755071657
 20
64.49534710589987
 10
248.7991810906384
 20
64.54420249395123
 10
248.81815326633168
 20
64.59045226130654
 10
248.8353340777964
 20
64.63409640796576
 10
248.85072352503258
 20
64.6751349339289
 10
248.8643216080402
 20
64.71356783919597
 10
248.8764540294063
 20
64.75061650846827
 10
248.88744649171787
 20
64.78750232644705
 10
248.89729899497488
 20
64.82422529313233
 10
248.90601153917737
 20
64.86078540852411
 10
248.91358412432535
 20
64.89718267262236
 10
248.92001675041877
 20
64.93341708542714
 10
248.92539084310442
 20
64.97046575469942
 10
248.92978782802905
 20
65.00930578820027
 10
248.93320770519264
 20
65.04993718592965
 10
248.9356504745952
 20
65.09235994788759
 10
248.93711613623674
 20
65.13657407407408
 10
248.93760469011727
 20
65.18257956448912
 10
248.93646473106273
 20
65.25586264656616
 10
248.93304485389913
 20
65.32328308207705
 10
248.92734505862649
 20
65.38484087102178
 10
248.91936534524476
 20
65.44053601340033
 10
248.90910571375397
 20
65.49036850921273
 10
248.8965661641541
 20
65.53433835845897
 10
248.88133956821144
 20
65.57325981760656
 10
248.86301879769218
 20
65.60794714312303
 10
248.84160385259634
 20
65.63840033500837
 10
248.8170947329239
 20
65.66461939326261
 10
248.78949143867487
 20
65.68660431788572
 10
248.75879396984925
 20
65.70435510887772
 10
248.72435092127304
 20
65.71868602270612
 10
248.6855108877722
 20
65.73041131583845
 10
248.64227386934675
 20
65.73953098827471
 10
248.59463986599667
 20
65.74604504001489
 10
248.54260887772196
 20
65.749953471059
 10
248.48618090452263
 20
65.75125628140704
 10
247.46608040201005
 20
65.75125628140704
 10
247.401021310255
 20
65.75443188163037
 10
247.3426391215336
 20
65.7639586823004
 10
247.29093383584592
 20
65.77983668341709
 10
247.2459054531919
 20
65.80206588498046
 10
247.20755397357158
 20
65.83064628699051
 10
247.17587939698493
 20
65.86557788944724
 10
247.14990461567095
 20
65.90637213847013
 10
247.12865252186862
 20
65.95254048017867
 10
247.1121231155779
 20
66.00408291457286
 10
247.10031639679883
 20
66.06099944165271
 10
247.09323236553138
 20
66.1232900614182
 10
247.09087102177557
 20
66.19095477386935
 10
247.09201098083008
 20
66.25658384515168
 10
247.09543085799368
 20
66.32058440349897
 10
247.10113065326635
 20
66.38295644891122
 10
247.10911036664805
 20
66.44369998138842
 10
247.11936999813886
 20
66.50281500093058
 10
247.1319095477387
 20
66.56030150753769
 10
247.14567048203983
 20
66.61550809603574
 10
247.15959426763447
 20
66.6677833612507
 10
247.17368090452263
 20
66.71712730318258
 10
247.18793039270426
 20
66.76353992183138
 10
247.20234273217943
 20
66.8070212171971
 10
247.21691792294808
 20
66.84757118927973
 10
247.23084170854273
 20
66.88437558161176
 10
247.24329983249584
 20
66.91662013772567
 10
247.25429229480739
 20
66.94430485762145
 10
247.2638190954774
 20
66.96742974129909
 10
247.2718802345059
 20
66.9859947887586
 10
247.2784757118928
 20
67.0
 10
247.38986599664992
 20
67.0
 10
247.38986599664992
 20
66.87102177554439
 10
247.39100595570446
 20
66.84675693281221
 10
247.39442583286805
 20
66.82477200818909
 10
247.40012562814073
 20
66.80506700167504
 10
247.40810534152243
 20
66.78764191327005
 10
247.4183649730132
 20
66.77249674297413
 10
247.43090452261308
 20
66.75963149078727
 10
247.44490973385447
 20
66.74888330541597
 10
247.45956635026988
 20
66.74008933556672
 10
247.4748743718593
 20
66.73324958123953
 10
247.49083379862276
 20
66.7283640424344
 10
247.50744463056023
 20
66.72543271915131
 10
247.5247068676717
 20
66.72445561139028
 10
248.66206030150755
 20
66.72445561139028
 10
248.7157198027173
 20
66.72258282151498
 10
248.76726223711148
 20
66.71696445188907
 10
248.81668760469012
 20
66.70760050251256
 10
248.8639959054532
 20
66.69449097338544
 10
248.90918713940073
 20
66.67763586450772
 10
248.95226130653268
 20
66.6570351758794
 10
248.99289270426206
 20
66.63260748185371
 10
249.03075563000186
 20
66.60427135678393
 10
249.0658500837521
 20
66.57202680067002
 10
249.09817606551275
 20
66.535873813512
 10
249.12773357528383
 20
66.49581239530988
 10
249.15452261306532
 20
66.45184254606365
 10
249.1778103480365
 20
66.40371998883306
 10
249.19686394937654
 20
66.35120044667784
 10
249.21168341708542
 20
66.29428391959799
 10
249.22226875116323
 20
66.23297040759353
 10
249.22861995160991
 20
66.16725991066443
 10
249.23073701842546
 20
66.09715242881072
 10
249.23073701842546
 20
65.25879396984925
 10
249.22878280290342
 20
65.16539875302438
 10
249.22292015633727
 20
65.07672622371115
 10
249.21314907872699
 20
64.99277638190955
 10
249.1994695700726
 20
64.91354922761958
 10
249.1818816303741
 20
64.83904476084125
 10
249.1603852596315
 20
64.76926298157454
 10
249.13726037595384
 20
64.70404103852596
 10
249.11478689745022
 20
64.64321608040201
 10
249.09296482412063
 20
64.58678810720268
 10
249.07179415596502
 20
64.53475711892797
 10
249.05127489298346
 20
64.48712311557789
 10
249.0314070351759
 20
64.44388609715243
 10
249.42420435510888
 20
64.44388609715243
 10
249.2424623115578
 20
63.5
  0
DIMENSION
  5
379
330
17
100
AcDbEntity
  8
COTAS
100
AcDbDimension
280
0
  2
*D28
  3
COTAS_CM
 10
230.0
 20
56.0
 30
0.0
 11
257.5
 21
57.7
 31
0.0
 70
32
 71
5
  1
<>
100
AcDbAlignedDimension
 13
230.0
 23
60.0
 33
0.0
 14
285.0
 24
60.0
 34
0.0
 50
0.0
100
AcDbRotatedDimension
  0
DIMENSION
  5
388
330
17
100
AcDbEntity
  8
COTAS
100
AcDbDimension
280
0
  2
*D29
  3
COTAS_CM
 10
230.0
 20
52.0
 30
0.0
 11
233.5
 21
53.7
 31
0.0
 70
32
 71
5
  1
<>
100
AcDbAlignedDimension
 13
230.0
 23
60.0
 33
0.0
 14
237.0
 24
60.0
 34
0.0
 50
0.0
100
AcDbRotatedDimension
  0
DIMENSION
  5
397
330
17
100
AcDbEntity
  8
COTAS
100
AcDbDimension
280
0
  2
*D30
  3
COTAS_CM
 10
226.0
 20
60.0
 30
0.0
 11
224.3
 21
67.5
 31
0.0
 70
32
 71
5
  1
<>
100
AcDbAlignedDimension
 13
230.0
 23
60.0
 33
0.0
 14
230.0
 24
75.0
 34
0.0
 50
90.0
100
AcDbRotatedDimension
  0
DIMENSION
  5
3A6
330
17
100
AcDbEntity
  8
COTAS
100
AcDbDimension
280
0
  2
*D31
  3
COTAS_CM
 10
290.0
 20
60.0
 30
0.0
 11
288.3
 21
73.0
 31
0.0
 70
32
 71
5
  1
<>
100
AcDbAlignedDimension
 13
257.5
 23
60.0
 33
0.0
 14
257.5
 24
86.0
 34
0.0
 50
90.0
100
AcDbRotatedDimension
  0
DIMENSION
  5
3B5
330
17
100
AcDbEntity
  8
COTAS
100
AcDbDimension
280
0
  2
*D32
  3
COTAS_CM
 10
294.0
 20
60.0
 30
0.0
 11
291.3
 21
61.75
 31
0.0
 70
32
 71
5
  1
<>
100
AcDbAlignedDimension
 13
285.0
 23
60.0
 33
0.0
 14
285.0
 24
63.5
 34
0.0
 50
90.0
100
AcDbRotatedDimension
  0
TEXT
  5
3C6
330
17
100
AcDbEntity
  8
LETRAS_TEXTO
100
AcDbText
 10
257.5
 20
69.5
 30
0.0
 40
3.5
  1
זה כסא אליהו הנביא
  7
ARIAL
 72
1
 11
257.5
 21
69.5
 31
0.0
100
AcDbText
 73
1
  0
TEXT
  5
3C7
330
17
100
AcDbEntity
  8
LETRAS_TEXTO
100
AcDbText
 10
257.5
 20
63.5
 30
0.0
 40
3.5
  1
זכור לטוב
  7
ARIAL
 72
1
 11
257.5
 21
63.5
 31
0.0
100
AcDbText
 73
1
  0
TEXT
  5
3C8
330
17
100
AcDbEntity
  8
TEXTO
100
AcDbText
 10
222.0
 20
94.0
 30
0.0
 40
3.0
  1
DETALLE DEL COPETE
  7
ARIAL
 11
222.0
 21
94.0
 31
0.0
100
AcDbText
 73
1
  0
TEXT
  5
3C9
330
17
100
AcDbEntity
  8
TEXTO
100
AcDbText
 10
222.0
 20
30.0
 30
0.0
 40
2.6
  1
Silla de Eliyahu (Kisé Eliyahu) de Isaac Garzón Serfaty z”l
  7
ARIAL
 11
222.0
 21
30.0
 31
0.0
100
AcDbText
  0
TEXT
  5
3CA
330
17
100
AcDbEntity
  8
TEXTO
100
AcDbText
 10
222.0
 20
25.5
 30
0.0
 40
2.0
  1
Plano de Isaac Garzón Serfaty z”l · primer CAD de Acacia Waich, rehecho para este repositorio
  7
ARIAL
 11
222.0
 21
25.5
 31
0.0
100
AcDbText
  0
TEXT
  5
3CB
330
17
100
AcDbEntity
  8
TEXTO
100
AcDbText
 10
222.0
 20
21.0
 30
0.0
 40
2.0
  1
Cotas en centímetros · escala 1:1 en el espacio modelo · sistema europeo
  7
ARIAL
 11
222.0
 21
21.0
 31
0.0
100
AcDbText
  0
TEXT
  5
3CC
330
17
100
AcDbEntity
  8
TEXTO
100
AcDbText
 10
222.0
 20
16.5
 30
0.0
 40
2.0
  1
Secciones: postes y patas 5×5 · chambranas y travesaños 5×3 · brazos 8×4 · copete 26×3
  7
ARIAL
 11
222.0
 21
16.5
 31
0.0
100
AcDbText
  0
TEXT
  5
3CD
330
17
100
AcDbEntity
  8
TEXTO
100
AcDbText
 10
222.0
 20
12.0
 30
0.0
 40
2.0
  1
Espigas de 2,5 cm en chambranas, travesaño del respaldo y copete; de 3,5 en travesaños del asiento, brazos y patas. Donde dos espigas entran en el mismo poste a la misma altura, se cortan a inglete. Grueso de espiga: 1 cm en piezas de 3
  7
ARIAL
 11
222.0
 21
12.0
 31
0.0
100
AcDbText
  0
TEXT
  5
3CE
330
17
100
AcDbEntity
  8
TEXTO
100
AcDbText
 10
222.0
 20
7.5
 30
0.0
 40
2.0
  1
Las cotas marcadas como supuestas en silla.json están por validar: ver plano/DUDAS.md
  7
ARIAL
 11
222.0
 21
7.5
 31
0.0
100
AcDbText
  0
TEXT
  5
3CF
330
17
100
AcDbEntity
  8
TEXTO
100
AcDbText
 10
222.0
 20
3.0
 30
0.0
 40
2.0
  1
Licencia: CC BY 4.0 · atribución: Isaac Garzón Serfaty z”l
  7
ARIAL
 11
222.0
 21
3.0
 31
0.0
100
AcDbText
  0
ENDSEC
  0
SECTION
  2
OBJECTS
  0
DICTIONARY
  5
A
330
0
100
AcDbDictionary
281
1
  3
ACAD_COLOR
350
B
  3
ACAD_GROUP
350
C
  3
ACAD_LAYOUT
350
D
  3
ACAD_MATERIAL
350
E
  3
ACAD_MLEADERSTYLE
350
F
  3
ACAD_MLINESTYLE
350
10
  3
ACAD_PLOTSETTINGS
350
11
  3
ACAD_PLOTSTYLENAME
350
12
  3
ACAD_SCALELIST
350
14
  3
ACAD_TABLESTYLE
350
15
  3
ACAD_VISUALSTYLE
350
16
  3
EZDXF_META
350
2D
  0
DICTIONARY
  5
B
330
A
100
AcDbDictionary
281
1
  0
DICTIONARY
  5
C
330
A
100
AcDbDictionary
281
1
  0
DICTIONARY
  5
D
330
A
100
AcDbDictionary
281
1
  3
Model
350
1A
  3
Layout1
350
1E
  0
DICTIONARY
  5
E
330
A
100
AcDbDictionary
281
1
  3
ByBlock
350
1F
  3
ByLayer
350
20
  3
Global
350
21
  0
DICTIONARY
  5
F
330
A
100
AcDbDictionary
281
1
  3
Standard
350
2C
  0
DICTIONARY
  5
10
330
A
100
AcDbDictionary
281
1
  3
Standard
350
22
  0
DICTIONARY
  5
11
330
A
100
AcDbDictionary
281
1
  0
ACDBDICTIONARYWDFLT
  5
12
330
A
100
AcDbDictionary
281
1
  3
Normal
350
13
100
AcDbDictionaryWithDefault
340
13
  0
ACDBPLACEHOLDER
  5
13
330
12
  0
DICTIONARY
  5
14
330
A
100
AcDbDictionary
281
1
  0
DICTIONARY
  5
15
330
A
100
AcDbDictionary
281
1
  0
DICTIONARY
  5
16
330
A
100
AcDbDictionary
281
1
  3
2dWireframe
350
5A
  3
Basic
350
5B
  3
Brighten
350
5C
  3
ColorChange
350
5D
  3
Conceptual
350
5E
  3
Dim
350
5F
  3
EdgeColorOff
350
60
  3
Facepattern
350
61
  3
Flat
350
62
  3
FlatWithEdges
350
63
  3
Gouraud
350
64
  3
GouraudWithEdges
350
65
  3
Hidden
350
66
  3
JitterOff
350
67
  3
Linepattern
350
68
  3
Modeling
350
69
  3
OverhangOff
350
6A
  3
Realistic
350
6B
  3
Shaded
350
6C
  3
Shaded with edges
350
6D
  3
Shades of Gray
350
6E
  3
Sketchy
350
6F
  3
Thicken
350
70
  3
Wireframe
350
71
  3
X-Ray
350
72
  0
LAYOUT
  5
1A
330
D
100
AcDbPlotSettings
  1

  4
A3
  6

 40
7.5
 41
20.0
 42
7.5
 43
20.0
 44
420.0
 45
297.0
 46
0.0
 47
0.0
 48
0.0
 49
0.0
140
0.0
141
0.0
142
1.0
143
1.0
 70
1024
 72
1
 73
0
 74
5
  7

 75
16
 76
0
 77
2
 78
300
147
1.0
148
0.0
149
0.0
100
AcDbLayout
  1
Model
 70
1
 71
0
 10
0.0
 20
0.0
 11
420.0
 21
297.0
 12
0.0
 22
0.0
 32
0.0
 14
1e+20
 24
1e+20
 34
1e+20
 15
-1e+20
 25
-1e+20
 35
-1e+20
146
0.0
 13
0.0
 23
0.0
 33
0.0
 16
1.0
 26
0.0
 36
0.0
 17
0.0
 27
1.0
 37
0.0
 76
1
330
17
  0
LAYOUT
  5
1E
330
D
100
AcDbPlotSettings
  1

  4
A3
  6

 40
7.5
 41
20.0
 42
7.5
 43
20.0
 44
420.0
 45
297.0
 46
0.0
 47
0.0
 48
0.0
 49
0.0
140
0.0
141
0.0
142
1.0
143
1.0
 70
0
 72
1
 73
0
 74
5
  7

 75
16
 76
0
 77
2
 78
300
147
1.0
148
0.0
149
0.0
100
AcDbLayout
  1
Layout1
 70
1
 71
1
 10
0.0
 20
0.0
 11
420.0
 21
297.0
 12
0.0
 22
0.0
 32
0.0
 14
1e+20
 24
1e+20
 34
1e+20
 15
-1e+20
 25
-1e+20
 35
-1e+20
146
0.0
 13
0.0
 23
0.0
 33
0.0
 16
1.0
 26
0.0
 36
0.0
 17
0.0
 27
1.0
 37
0.0
 76
1
330
1B
  0
MATERIAL
  5
1F
102
{ACAD_REACTORS
330
E
102
}
330
E
100
AcDbMaterial
  1
ByBlock
  2

 70
0
 40
1.0
 71
1
 41
1.0
 91
-1023410177
 42
1.0
 72
1
  3

 73
1
 74
1
 75
1
 44
0.5
 73
0
 45
1.0
 46
1.0
 77
1
  4

 78
1
 79
1
170
1
 48
1.0
171
1
  6

172
1
173
1
174
1
140
1.0
141
1.0
175
1
  7

176
1
177
1
178
1
143
1.0
179
1
  8

270
1
271
1
272
1
145
1.0
146
1.0
273
1
  9

274
1
275
1
276
1
 42
1.0
 72
1
  3

 73
1
 74
1
 75
1
 94
63
  0
MATERIAL
  5
20
102
{ACAD_REACTORS
330
E
102
}
330
E
100
AcDbMaterial
  1
ByLayer
  2

 70
0
 40
1.0
 71
1
 41
1.0
 91
-1023410177
 42
1.0
 72
1
  3

 73
1
 74
1
 75
1
 44
0.5
 73
0
 45
1.0
 46
1.0
 77
1
  4

 78
1
 79
1
170
1
 48
1.0
171
1
  6

172
1
173
1
174
1
140
1.0
141
1.0
175
1
  7

176
1
177
1
178
1
143
1.0
179
1
  8

270
1
271
1
272
1
145
1.0
146
1.0
273
1
  9

274
1
275
1
276
1
 42
1.0
 72
1
  3

 73
1
 74
1
 75
1
 94
63
  0
MATERIAL
  5
21
102
{ACAD_REACTORS
330
E
102
}
330
E
100
AcDbMaterial
  1
Global
  2

 70
0
 40
1.0
 71
1
 41
1.0
 91
-1023410177
 42
1.0
 72
1
  3

 73
1
 74
1
 75
1
 44
0.5
 73
0
 45
1.0
 46
1.0
 77
1
  4

 78
1
 79
1
170
1
 48
1.0
171
1
  6

172
1
173
1
174
1
140
1.0
141
1.0
175
1
  7

176
1
177
1
178
1
143
1.0
179
1
  8

270
1
271
1
272
1
145
1.0
146
1.0
273
1
  9

274
1
275
1
276
1
 42
1.0
 72
1
  3

 73
1
 74
1
 75
1
 94
63
  0
MLINESTYLE
  5
22
102
{ACAD_REACTORS
330
10
102
}
330
10
100
AcDbMlineStyle
  2
Standard
 70
0
  3

 62
256
 51
90.0
 52
90.0
 71
2
 49
0.5
 62
256
  6
BYLAYER
 49
-0.5
 62
256
  6
BYLAYER
  0
MLEADERSTYLE
  5
2C
102
{ACAD_REACTORS
330
F
102
}
330
F
100
AcDbMLeaderStyle
179
2
170
2
171
1
172
0
 90
2
 40
0.0
 41
0.0
173
1
 91
-1056964608
 92
-2
290
1
 42
2.0
291
1
 43
8.0
  3
Standard
 44
4.0
300

342
29
174
1
175
1
176
0
178
1
 93
-1056964608
 45
4.0
292
0
297
0
 46
4.0
 94
-1056964608
 47
1.0
 49
1.0
140
1.0
294
1
141
0.0
177
0
142
1.0
295
0
296
0
143
3.75
271
0
272
9
273
9
  0
DICTIONARY
  5
2D
330
A
100
AcDbDictionary
280
1
281
1
  3
CREATED_BY_EZDXF
350
2E
  3
WRITTEN_BY_EZDXF
350
3D2
  0
DICTIONARYVAR
  5
2E
330
2D
100
DictionaryVariables
280
0
  1
1.4.2 @ 2026-10-05T08:02:37.830434+00:00
  0
VISUALSTYLE
  5
5A
102
{ACAD_REACTORS
330
16
102
}
330
16
100
AcDbVisualStyle
  2
2dWireframe
 70
4
 90
0
 40
0.6
 62
7
290
0
291
0
  0
VISUALSTYLE
  5
5B
102
{ACAD_REACTORS
330
16
102
}
330
16
100
AcDbVisualStyle
  2
Basic
 70
7
 90
1
 40
0.6
 62
7
290
0
291
1
  0
VISUALSTYLE
  5
5C
102
{ACAD_REACTORS
330
16
102
}
330
16
100
AcDbVisualStyle
  2
Brighten
 70
12
 90
2
 40
0.6
 62
7
290
0
291
1
  0
VISUALSTYLE
  5
5D
102
{ACAD_REACTORS
330
16
102
}
330
16
100
AcDbVisualStyle
  2
ColorChange
 70
16
 90
2
 40
0.6
 62
8
290
0
291
1
  0
VISUALSTYLE
  5
5E
102
{ACAD_REACTORS
330
16
102
}
330
16
100
AcDbVisualStyle
  2
Conceptual
 70
9
 90
3
 40
0.6
 62
7
290
0
291
0
  0
VISUALSTYLE
  5
5F
102
{ACAD_REACTORS
330
16
102
}
330
16
100
AcDbVisualStyle
  2
Dim
 70
11
 90
2
 40
0.6
 62
7
290
0
291
1
  0
VISUALSTYLE
  5
60
102
{ACAD_REACTORS
330
16
102
}
330
16
100
AcDbVisualStyle
  2
EdgeColorOff
 70
22
 90
2
 40
0.6
 62
7
290
0
291
1
  0
VISUALSTYLE
  5
61
102
{ACAD_REACTORS
330
16
102
}
330
16
100
AcDbVisualStyle
  2
Facepattern
 70
15
 90
2
 40
0.6
 62
7
290
0
291
1
  0
VISUALSTYLE
  5
62
102
{ACAD_REACTORS
330
16
102
}
330
16
100
AcDbVisualStyle
  2
Flat
 70
0
 90
2
 40
0.6
 62
7
290
0
291
1
  0
VISUALSTYLE
  5
63
102
{ACAD_REACTORS
330
16
102
}
330
16
100
AcDbVisualStyle
  2
FlatWithEdges
 70
1
 90
2
 40
0.6
 62
7
290
0
291
1
  0
VISUALSTYLE
  5
64
102
{ACAD_REACTORS
330
16
102
}
330
16
100
AcDbVisualStyle
  2
Gouraud
 70
2
 90
2
 40
0.6
 62
7
290
0
291
1
  0
VISUALSTYLE
  5
65
102
{ACAD_REACTORS
330
16
102
}
330
16
100
AcDbVisualStyle
  2
GouraudWithEdges
 70
3
 90
2
 40
0.6
 62
7
290
0
291
1
  0
VISUALSTYLE
  5
66
102
{ACAD_REACTORS
330
16
102
}
330
16
100
AcDbVisualStyle
  2
Hidden
 70
6
 90
1
 40
0.6
 62
7
290
0
291
0
  0
VISUALSTYLE
  5
67
102
{ACAD_REACTORS
330
16
102
}
330
16
100
AcDbVisualStyle
  2
JitterOff
 70
20
 90
2
 40
0.6
 62
7
290
0
291
1
  0
VISUALSTYLE
  5
68
102
{ACAD_REACTORS
330
16
102
}
330
16
100
AcDbVisualStyle
  2
Linepattern
 70
14
 90
2
 40
0.6
 62
7
290
0
291
1
  0
VISUALSTYLE
  5
69
102
{ACAD_REACTORS
330
16
102
}
330
16
100
AcDbVisualStyle
  2
Modeling
 70
10
 90
2
 40
0.6
 62
7
290
0
291
0
  0
VISUALSTYLE
  5
6A
102
{ACAD_REACTORS
330
16
102
}
330
16
100
AcDbVisualStyle
  2
OverhangOff
 70
21
 90
2
 40
0.6
 62
7
290
0
291
1
  0
VISUALSTYLE
  5
6B
102
{ACAD_REACTORS
330
16
102
}
330
16
100
AcDbVisualStyle
  2
Realistic
 70
8
 90
2
 40
0.6
 62
7
290
0
291
0
  0
VISUALSTYLE
  5
6C
102
{ACAD_REACTORS
330
16
102
}
330
16
100
AcDbVisualStyle
  2
Shaded
 70
27
 90
2
 40
0.6
 62
7
290
0
291
0
  0
VISUALSTYLE
  5
6D
102
{ACAD_REACTORS
330
16
102
}
330
16
100
AcDbVisualStyle
  2
Shaded with edges
 70
26
 90
2
 40
0.6
 62
7
290
0
291
0
  0
VISUALSTYLE
  5
6E
102
{ACAD_REACTORS
330
16
102
}
330
16
100
AcDbVisualStyle
  2
Shades of Gray
 70
23
 90
2
 40
0.6
 62
7
290
0
291
0
  0
VISUALSTYLE
  5
6F
102
{ACAD_REACTORS
330
16
102
}
330
16
100
AcDbVisualStyle
  2
Sketchy
 70
24
 90
1
 40
0.6
 62
7
290
0
291
0
  0
VISUALSTYLE
  5
70
102
{ACAD_REACTORS
330
16
102
}
330
16
100
AcDbVisualStyle
  2
Thicken
 70
13
 90
2
 40
0.6
 62
7
290
0
291
1
  0
VISUALSTYLE
  5
71
102
{ACAD_REACTORS
330
16
102
}
330
16
100
AcDbVisualStyle
  2
Wireframe
 70
5
 90
0
 40
0.6
 62
7
290
0
291
0
  0
VISUALSTYLE
  5
72
102
{ACAD_REACTORS
330
16
102
}
330
16
100
AcDbVisualStyle
  2
X-Ray
 70
25
 90
2
 40
0.5
 62
7
290
0
291
0
  0
DICTIONARYVAR
  5
3D2
330
2D
100
DictionaryVariables
280
0
  1
1.4.2 @ 2026-10-05T08:02:37.862601+00:00
  0
ENDSEC
  0
EOF
